ds4: Metal device Apple M5 Max, 128.00 GiB RAM
ds4: Metal 4 tensor API enabled for Tensor kernels
ds4: drift-patch flags hc_stable=on norm_unify=on kv_raw_f32=off rope_exp2_log2=off math_safe=off tensor_matmul=on
ds4: metal SSD streaming cache budget 100.00 GiB capped to 92.00 GiB to stay below the graph working-set pressure budget
ds4: Metal SSD streaming mode enabled; full model residency and warmup are skipped
ds4: metal SSD streaming total expert budget 92.00 GiB = 6.38 GiB prefill headroom + 85.61 GiB dynamic cache (6876 experts, 12.75 MiB each)
ds4: SSD streaming initial metal model map restricted to token embedding (1 spans, 0.99 GiB tensor span)
ds4: metal backend initialized for graph diagnostics
ds4: memory: KV 1.12 GiB (raw 0.36 + compressed 0.77) + buffers 0.76 GiB + resident model 0.99 GiB + expert cache 85.61 GiB + prefill expert reserve 6.38 GiB = 94.86 GiB planned
ds4: memory detail: ctx=100000 prefill_cap=4096 raw_kv_rows=4352 compressed_kv_rows=25002 backend=metal
0810 14:00:37 ds4-server: context buffers 1933.21 MiB (ctx=100000, backend=metal, prefill_chunk=4096, raw_kv_rows=4352, compressed_kv_rows=25002)
0810 14:00:37 ds4-server: listening on http://127.0.0.1:8000
0810 14:01:08 ds4-server: chat ctx=0..169:169 prompt start
0810 14:01:23 ds4-server: chat ctx=0..169:169 prompt done 15.001s
0810 14:01:29 ds4-server: chat ctx=169..219:50 gen=50 THINKING decoding chunk=8.70 t/s avg=8.70 t/s 5.750s
0810 14:01:32 ds4-server: chat ctx=219..269:50 gen=100 THINKING decoding chunk=17.77 t/s avg=11.68 t/s 8.563s
0810 14:01:34 ds4-server: chat ctx=269..319:50 gen=150 THINKING decoding chunk=22.07 t/s avg=13.85 t/s 10.828s
0810 14:01:36 ds4-server: chat ctx=319..369:50 gen=200 THINKING decoding chunk=23.33 t/s avg=15.42 t/s 12.971s
0810 14:01:38 ds4-server: chat ctx=369..419:50 gen=250 THINKING decoding chunk=24.77 t/s avg=16.68 t/s 14.990s
0810 14:01:41 ds4-server: chat ctx=419..469:50 gen=300 THINKING decoding chunk=21.54 t/s avg=17.33 t/s 17.311s
0810 14:01:43 ds4-server: chat ctx=469..519:50 gen=350 THINKING decoding chunk=22.54 t/s avg=17.92 t/s 19.530s
0810 14:01:45 ds4-server: chat ctx=519..569:50 gen=400 decoding chunk=22.78 t/s avg=18.41 t/s 21.724s
0810 14:01:46 ds4-server: chat ctx=569..590:21 gen=421 decoding chunk=25.30 t/s avg=18.67 t/s 22.554s
0810 14:01:46 ds4-server: thinking live checkpoint remembered ctx=0..169:169 live=590 visible=956
0810 14:01:46 ds4-server: chat ctx=0..169:169 gen=421 finish=stop 37.556s
0810 14:01:46 ds4-server: live kv cache miss live=590 prompt=162 common=50 reason=token-mismatch
0810 14:01:46 ds4-server: chat ctx=0..162:162 prompt start
0810 14:02:04 ds4-server: chat ctx=0..162:162 prompt done 17.606s
0810 14:02:08 ds4-server: chat ctx=162..212:50 gen=50 THINKING decoding chunk=10.90 t/s avg=10.90 t/s 4.586s
0810 14:02:10 ds4-server: chat ctx=212..262:50 gen=100 THINKING decoding chunk=24.09 t/s avg=15.01 t/s 6.662s
0810 14:02:12 ds4-server: chat ctx=262..312:50 gen=150 THINKING decoding chunk=24.59 t/s avg=17.25 t/s 8.695s
0810 14:02:14 ds4-server: chat ctx=312..362:50 gen=200 THINKING decoding chunk=24.74 t/s avg=18.66 t/s 10.716s
0810 14:02:16 ds4-server: chat ctx=362..412:50 gen=250 THINKING decoding chunk=25.00 t/s avg=19.66 t/s 12.716s
0810 14:02:18 ds4-server: chat ctx=412..462:50 gen=300 THINKING decoding chunk=25.98 t/s avg=20.49 t/s 14.640s
0810 14:02:20 ds4-server: chat ctx=462..512:50 gen=350 THINKING decoding chunk=24.52 t/s avg=20.98 t/s 16.679s
0810 14:02:22 ds4-server: chat ctx=512..562:50 gen=400 decoding chunk=22.90 t/s avg=21.21 t/s 18.862s
0810 14:02:25 ds4-server: chat ctx=562..612:50 gen=450 decoding chunk=23.81 t/s avg=21.47 t/s 20.962s
0810 14:02:26 ds4-server: chat ctx=612..653:41 gen=491 decoding chunk=23.76 t/s avg=21.64 t/s 22.688s
0810 14:02:26 ds4-server: thinking live checkpoint remembered ctx=0..162:162 live=653 visible=1344
0810 14:02:26 ds4-server: chat ctx=0..162:162 gen=491 finish=stop 40.294s
0810 14:02:26 ds4-server: live kv cache miss live=653 prompt=126 common=43 reason=token-mismatch
0810 14:02:26 ds4-server: chat ctx=0..126:126 prompt start
0810 14:02:44 ds4-server: chat ctx=0..126:126 prompt done 17.986s
0810 14:02:49 ds4-server: chat ctx=126..176:50 gen=50 THINKING decoding chunk=10.10 t/s avg=10.10 t/s 4.950s
0810 14:02:51 ds4-server: chat ctx=176..226:50 gen=100 THINKING decoding chunk=22.52 t/s avg=13.95 t/s 7.170s
0810 14:02:54 ds4-server: chat ctx=226..276:50 gen=150 THINKING decoding chunk=24.10 t/s avg=16.23 t/s 9.244s
0810 14:02:56 ds4-server: chat ctx=276..326:50 gen=200 THINKING decoding chunk=23.46 t/s avg=17.58 t/s 11.375s
0810 14:02:58 ds4-server: chat ctx=326..376:50 gen=250 THINKING decoding chunk=24.82 t/s avg=18.67 t/s 13.390s
0810 14:03:00 ds4-server: chat ctx=376..426:50 gen=300 THINKING decoding chunk=24.46 t/s avg=19.44 t/s 15.435s
0810 14:03:02 ds4-server: chat ctx=426..475:49 gen=349 decoding chunk=23.30 t/s avg=19.90 t/s 17.538s
0810 14:03:02 ds4-server: thinking live checkpoint remembered ctx=0..126:126 live=475 visible=737
0810 14:03:02 ds4-server: chat ctx=0..126:126 gen=349 finish=stop 35.524s
0810 14:03:02 ds4-server: live kv cache miss live=475 prompt=160 common=43 reason=token-mismatch
0810 14:03:02 ds4-server: chat ctx=0..160:160 prompt start
0810 14:03:20 ds4-server: chat ctx=0..160:160 prompt done 18.436s
0810 14:03:25 ds4-server: chat ctx=160..210:50 gen=50 THINKING decoding chunk=10.88 t/s avg=10.88 t/s 4.595s
0810 14:03:27 ds4-server: chat ctx=210..260:50 gen=100 THINKING decoding chunk=21.42 t/s avg=14.43 t/s 6.929s
0810 14:03:29 ds4-server: chat ctx=260..310:50 gen=150 THINKING decoding chunk=22.30 t/s avg=16.35 t/s 9.172s
0810 14:03:32 ds4-server: chat ctx=310..360:50 gen=200 THINKING decoding chunk=21.82 t/s avg=17.45 t/s 11.463s
0810 14:03:34 ds4-server: chat ctx=360..410:50 gen=250 THINKING decoding chunk=21.57 t/s avg=18.14 t/s 13.781s
0810 14:03:36 ds4-server: chat ctx=410..460:50 gen=300 THINKING decoding chunk=20.79 t/s avg=18.53 t/s 16.186s
0810 14:03:39 ds4-server: chat ctx=460..510:50 gen=350 decoding chunk=21.77 t/s avg=18.94 t/s 18.482s
0810 14:03:39 ds4-server: chat ctx=510..517:7 gen=357 decoding chunk=21.85 t/s avg=18.99 t/s 18.803s
0810 14:03:39 ds4-server: thinking live checkpoint remembered ctx=0..160:160 live=517 visible=979
0810 14:03:39 ds4-server: chat ctx=0..160:160 gen=357 finish=stop 37.240s
0810 14:03:39 ds4-server: live kv cache miss live=517 prompt=158 common=50 reason=token-mismatch
0810 14:03:39 ds4-server: chat ctx=0..158:158 prompt start
0810 14:03:58 ds4-server: chat ctx=0..158:158 prompt done 19.390s
0810 14:04:03 ds4-server: chat ctx=158..208:50 gen=50 THINKING decoding chunk=10.42 t/s avg=10.42 t/s 4.798s
0810 14:04:06 ds4-server: chat ctx=208..258:50 gen=100 THINKING decoding chunk=21.83 t/s avg=14.11 t/s 7.088s
0810 14:04:08 ds4-server: chat ctx=258..308:50 gen=150 THINKING decoding chunk=22.71 t/s avg=16.15 t/s 9.289s
0810 14:04:10 ds4-server: chat ctx=308..358:50 gen=200 THINKING decoding chunk=22.61 t/s avg=17.39 t/s 11.501s
0810 14:04:12 ds4-server: chat ctx=358..408:50 gen=250 decoding chunk=23.19 t/s avg=18.31 t/s 13.656s
0810 14:04:14 ds4-server: chat ctx=408..442:34 gen=284 decoding chunk=24.40 t/s avg=18.87 t/s 15.050s
0810 14:04:14 ds4-server: thinking live checkpoint remembered ctx=0..158:158 live=442 visible=959
0810 14:04:14 ds4-server: chat ctx=0..158:158 gen=284 finish=stop 34.443s
0810 14:04:14 ds4-server: live kv cache miss live=442 prompt=137 common=50 reason=token-mismatch
0810 14:04:14 ds4-server: chat ctx=0..137:137 prompt start
0810 14:04:31 ds4-server: chat ctx=0..137:137 prompt done 17.059s
0810 14:04:35 ds4-server: chat ctx=137..187:50 gen=50 THINKING decoding chunk=11.40 t/s avg=11.40 t/s 4.387s
0810 14:04:37 ds4-server: chat ctx=187..237:50 gen=100 THINKING decoding chunk=21.63 t/s avg=14.93 t/s 6.699s
0810 14:04:39 ds4-server: chat ctx=237..287:50 gen=150 THINKING decoding chunk=23.59 t/s avg=17.01 t/s 8.818s
0810 14:04:41 ds4-server: chat ctx=287..337:50 gen=200 THINKING decoding chunk=24.52 t/s avg=18.42 t/s 10.857s
0810 14:04:44 ds4-server: chat ctx=337..387:50 gen=250 THINKING decoding chunk=23.14 t/s avg=19.20 t/s 13.018s
0810 14:04:46 ds4-server: chat ctx=387..437:50 gen=300 THINKING decoding chunk=23.11 t/s avg=19.76 t/s 15.182s
0810 14:04:48 ds4-server: chat ctx=437..487:50 gen=350 THINKING decoding chunk=23.65 t/s avg=20.24 t/s 17.297s
0810 14:04:50 ds4-server: chat ctx=487..537:50 gen=400 THINKING decoding chunk=24.04 t/s avg=20.64 t/s 19.376s
0810 14:04:52 ds4-server: chat ctx=537..587:50 gen=450 decoding chunk=23.63 t/s avg=20.94 t/s 21.492s
0810 14:04:54 ds4-server: chat ctx=587..637:50 gen=500 decoding chunk=23.84 t/s avg=21.20 t/s 23.589s
0810 14:04:55 ds4-server: chat ctx=637..648:11 gen=511 decoding chunk=24.13 t/s avg=21.25 t/s 24.045s
0810 14:04:55 ds4-server: thinking live checkpoint remembered ctx=0..137:137 live=648 visible=876
0810 14:04:55 ds4-server: chat ctx=0..137:137 gen=511 finish=stop 41.105s
0810 14:04:55 ds4-server: live kv cache miss live=648 prompt=157 common=50 reason=token-mismatch
0810 14:04:55 ds4-server: chat ctx=0..157:157 prompt start
0810 14:05:12 ds4-server: chat ctx=0..157:157 prompt done 17.276s
0810 14:05:17 ds4-server: chat ctx=157..207:50 gen=50 THINKING decoding chunk=10.55 t/s avg=10.55 t/s 4.738s
0810 14:05:19 ds4-server: chat ctx=207..257:50 gen=100 THINKING decoding chunk=23.54 t/s avg=14.57 t/s 6.862s
0810 14:05:21 ds4-server: chat ctx=257..307:50 gen=150 THINKING decoding chunk=23.06 t/s avg=16.61 t/s 9.030s
0810 14:05:23 ds4-server: chat ctx=307..357:50 gen=200 THINKING decoding chunk=24.47 t/s avg=18.06 t/s 11.074s
0810 14:05:25 ds4-server: chat ctx=357..407:50 gen=250 THINKING decoding chunk=23.89 t/s avg=18.99 t/s 13.167s
0810 14:05:27 ds4-server: chat ctx=407..457:50 gen=300 THINKING decoding chunk=23.13 t/s avg=19.57 t/s 15.329s
0810 14:05:29 ds4-server: chat ctx=457..507:50 gen=350 decoding chunk=23.96 t/s avg=20.10 t/s 17.415s
0810 14:05:31 ds4-server: chat ctx=507..557:50 gen=400 decoding chunk=24.96 t/s avg=20.60 t/s 19.418s
0810 14:05:32 ds4-server: chat ctx=557..575:18 gen=418 decoding chunk=25.01 t/s avg=20.76 t/s 20.138s
0810 14:05:32 ds4-server: thinking live checkpoint remembered ctx=0..157:157 live=575 visible=1228
0810 14:05:32 ds4-server: chat ctx=0..157:157 gen=418 finish=stop 37.415s
0810 14:05:32 ds4-server: live kv cache miss live=575 prompt=136 common=50 reason=token-mismatch
0810 14:05:32 ds4-server: chat ctx=0..136:136 prompt start
0810 14:05:49 ds4-server: chat ctx=0..136:136 prompt done 17.213s
0810 14:05:54 ds4-server: chat ctx=136..186:50 gen=50 THINKING decoding chunk=10.41 t/s avg=10.41 t/s 4.801s
0810 14:05:56 ds4-server: chat ctx=186..236:50 gen=100 THINKING decoding chunk=22.99 t/s avg=14.34 t/s 6.976s
0810 14:05:58 ds4-server: chat ctx=236..286:50 gen=150 THINKING decoding chunk=23.45 t/s avg=16.47 t/s 9.108s
0810 14:06:01 ds4-server: chat ctx=286..336:50 gen=200 THINKING decoding chunk=22.64 t/s avg=17.67 t/s 11.316s
0810 14:06:03 ds4-server: chat ctx=336..386:50 gen=250 decoding chunk=25.81 t/s avg=18.86 t/s 13.253s
0810 14:06:05 ds4-server: chat ctx=386..436:50 gen=300 decoding chunk=25.83 t/s avg=19.75 t/s 15.189s
0810 14:06:05 ds4-server: chat ctx=436..457:21 gen=321 decoding chunk=25.92 t/s avg=20.06 t/s 15.999s
0810 14:06:05 ds4-server: thinking live checkpoint remembered ctx=0..136:136 live=457 visible=1038
0810 14:06:05 ds4-server: chat ctx=0..136:136 gen=321 finish=stop 33.213s
0810 14:06:05 ds4-server: live kv cache miss live=457 prompt=152 common=48 reason=token-mismatch
0810 14:06:05 ds4-server: chat ctx=0..152:152 prompt start
0810 14:06:24 ds4-server: chat ctx=0..152:152 prompt done 18.324s
0810 14:06:29 ds4-server: chat ctx=152..202:50 gen=50 THINKING decoding chunk=8.91 t/s avg=8.91 t/s 5.615s
0810 14:06:31 ds4-server: chat ctx=202..252:50 gen=100 THINKING decoding chunk=25.86 t/s avg=13.25 t/s 7.548s
0810 14:06:33 ds4-server: chat ctx=252..302:50 gen=150 THINKING decoding chunk=24.22 t/s avg=15.60 t/s 9.613s
0810 14:06:35 ds4-server: chat ctx=302..352:50 gen=200 THINKING decoding chunk=23.29 t/s avg=17.01 t/s 11.759s
0810 14:06:38 ds4-server: chat ctx=352..402:50 gen=250 THINKING decoding chunk=23.35 t/s avg=17.99 t/s 13.900s
0810 14:06:40 ds4-server: chat ctx=402..452:50 gen=300 THINKING decoding chunk=24.29 t/s avg=18.80 t/s 15.959s
0810 14:06:42 ds4-server: chat ctx=452..502:50 gen=350 THINKING decoding chunk=23.67 t/s avg=19.37 t/s 18.071s
0810 14:06:44 ds4-server: chat ctx=502..552:50 gen=400 THINKING decoding chunk=25.07 t/s avg=19.94 t/s 20.065s
0810 14:06:46 ds4-server: chat ctx=552..602:50 gen=450 decoding chunk=24.56 t/s avg=20.36 t/s 22.101s
0810 14:06:48 ds4-server: chat ctx=602..652:50 gen=500 decoding chunk=25.07 t/s avg=20.75 t/s 24.095s
0810 14:06:50 ds4-server: chat ctx=652..702:50 gen=550 decoding chunk=25.96 t/s avg=21.14 t/s 26.021s
0810 14:06:51 ds4-server: chat ctx=702..725:23 gen=573 decoding chunk=24.81 t/s avg=21.26 t/s 26.948s
0810 14:06:51 ds4-server: thinking live checkpoint remembered ctx=0..152:152 live=725 visible=1240
0810 14:06:51 ds4-server: chat ctx=0..152:152 gen=573 finish=stop 45.276s
0810 14:06:51 ds4-server: live kv cache miss live=725 prompt=141 common=52 reason=token-mismatch
0810 14:06:51 ds4-server: chat ctx=0..141:141 prompt start
0810 14:07:09 ds4-server: chat ctx=0..141:141 prompt done 18.618s
0810 14:07:15 ds4-server: chat ctx=141..191:50 gen=50 THINKING decoding chunk=9.58 t/s avg=9.58 t/s 5.218s
0810 14:07:17 ds4-server: chat ctx=191..241:50 gen=100 THINKING decoding chunk=23.50 t/s avg=13.61 t/s 7.345s
0810 14:07:19 ds4-server: chat ctx=241..291:50 gen=150 THINKING decoding chunk=23.46 t/s avg=15.83 t/s 9.477s
0810 14:07:21 ds4-server: chat ctx=291..341:50 gen=200 THINKING decoding chunk=22.64 t/s avg=17.12 t/s 11.685s
0810 14:07:23 ds4-server: chat ctx=341..391:50 gen=250 THINKING decoding chunk=22.46 t/s avg=17.97 t/s 13.911s
0810 14:07:25 ds4-server: chat ctx=391..441:50 gen=300 THINKING decoding chunk=22.77 t/s avg=18.63 t/s 16.107s
0810 14:07:28 ds4-server: chat ctx=441..491:50 gen=350 THINKING decoding chunk=22.11 t/s avg=19.05 t/s 18.368s
0810 14:07:30 ds4-server: chat ctx=491..541:50 gen=400 THINKING decoding chunk=24.08 t/s avg=19.56 t/s 20.445s
0810 14:07:32 ds4-server: chat ctx=541..591:50 gen=450 decoding chunk=23.52 t/s avg=19.94 t/s 22.571s
0810 14:07:33 ds4-server: chat ctx=591..619:28 gen=478 decoding chunk=23.66 t/s avg=20.12 t/s 23.754s
0810 14:07:33 ds4-server: thinking live checkpoint remembered ctx=0..141:141 live=619 visible=898
0810 14:07:33 ds4-server: chat ctx=0..141:141 gen=478 finish=stop 42.380s
0810 14:07:33 ds4-server: live kv cache miss live=619 prompt=187 common=43 reason=token-mismatch
0810 14:07:33 ds4-server: chat ctx=0..187:187 prompt start
0810 14:07:51 ds4-server: chat ctx=0..187:187 prompt done 17.571s
0810 14:07:56 ds4-server: chat ctx=187..237:50 gen=50 THINKING decoding chunk=10.03 t/s avg=10.03 t/s 4.983s
0810 14:07:58 ds4-server: chat ctx=237..287:50 gen=100 THINKING decoding chunk=23.04 t/s avg=13.98 t/s 7.153s
0810 14:08:00 ds4-server: chat ctx=287..337:50 gen=150 THINKING decoding chunk=23.11 t/s avg=16.10 t/s 9.316s
0810 14:08:02 ds4-server: chat ctx=337..387:50 gen=200 THINKING decoding chunk=23.05 t/s avg=17.41 t/s 11.486s
0810 14:08:04 ds4-server: chat ctx=387..437:50 gen=250 THINKING decoding chunk=24.21 t/s avg=18.45 t/s 13.551s
0810 14:08:06 ds4-server: chat ctx=437..487:50 gen=300 THINKING decoding chunk=25.78 t/s avg=19.37 t/s 15.491s
0810 14:08:08 ds4-server: chat ctx=487..537:50 gen=350 THINKING decoding chunk=25.35 t/s avg=20.04 t/s 17.463s
0810 14:08:10 ds4-server: chat ctx=537..587:50 gen=400 THINKING decoding chunk=25.66 t/s avg=20.61 t/s 19.411s
0810 14:08:12 ds4-server: chat ctx=587..637:50 gen=450 THINKING decoding chunk=25.49 t/s avg=21.05 t/s 21.373s
0810 14:08:14 ds4-server: chat ctx=637..687:50 gen=500 THINKING decoding chunk=25.88 t/s avg=21.45 t/s 23.305s
0810 14:08:16 ds4-server: chat ctx=687..737:50 gen=550 THINKING decoding chunk=25.89 t/s avg=21.79 t/s 25.236s
0810 14:08:18 ds4-server: chat ctx=737..787:50 gen=600 THINKING decoding chunk=22.50 t/s avg=21.85 t/s 27.458s
0810 14:08:20 ds4-server: chat ctx=787..837:50 gen=650 THINKING decoding chunk=24.09 t/s avg=22.01 t/s 29.534s
0810 14:08:22 ds4-server: chat ctx=837..887:50 gen=700 THINKING decoding chunk=24.66 t/s avg=22.18 t/s 31.561s
0810 14:08:24 ds4-server: chat ctx=887..937:50 gen=750 THINKING decoding chunk=24.13 t/s avg=22.30 t/s 33.633s
0810 14:08:26 ds4-server: chat ctx=937..987:50 gen=800 THINKING decoding chunk=25.21 t/s avg=22.46 t/s 35.616s
0810 14:08:28 ds4-server: chat ctx=987..1037:50 gen=850 THINKING decoding chunk=23.96 t/s avg=22.54 t/s 37.703s
0810 14:08:31 ds4-server: chat ctx=1037..1087:50 gen=900 THINKING decoding chunk=22.02 t/s avg=22.51 t/s 39.974s
0810 14:08:33 ds4-server: chat ctx=1087..1137:50 gen=950 THINKING decoding chunk=22.97 t/s avg=22.54 t/s 42.151s
0810 14:08:35 ds4-server: chat ctx=1137..1187:50 gen=1000 THINKING decoding chunk=20.47 t/s avg=22.42 t/s 44.594s
0810 14:08:38 ds4-server: chat ctx=1187..1237:50 gen=1050 THINKING decoding chunk=22.20 t/s avg=22.41 t/s 46.846s
0810 14:08:40 ds4-server: chat ctx=1237..1287:50 gen=1100 THINKING decoding chunk=24.90 t/s avg=22.52 t/s 48.854s
0810 14:08:42 ds4-server: chat ctx=1287..1337:50 gen=1150 THINKING decoding chunk=25.26 t/s avg=22.62 t/s 50.834s
0810 14:08:44 ds4-server: chat ctx=1337..1387:50 gen=1200 THINKING decoding chunk=25.63 t/s avg=22.73 t/s 52.784s
0810 14:08:46 ds4-server: chat ctx=1387..1437:50 gen=1250 THINKING decoding chunk=20.56 t/s avg=22.64 t/s 55.216s
0810 14:08:48 ds4-server: chat ctx=1437..1487:50 gen=1300 THINKING decoding chunk=21.36 t/s avg=22.59 t/s 57.556s
0810 14:08:51 ds4-server: chat ctx=1487..1537:50 gen=1350 THINKING decoding chunk=22.36 t/s avg=22.58 t/s 59.792s
0810 14:08:53 ds4-server: chat ctx=1537..1587:50 gen=1400 THINKING decoding chunk=23.29 t/s avg=22.60 t/s 61.939s
0810 14:08:55 ds4-server: chat ctx=1587..1637:50 gen=1450 THINKING decoding chunk=23.01 t/s avg=22.62 t/s 64.112s
0810 14:08:57 ds4-server: chat ctx=1637..1687:50 gen=1500 THINKING decoding chunk=24.15 t/s avg=22.66 t/s 66.182s
0810 14:09:00 ds4-server: chat ctx=1687..1737:50 gen=1550 decoding chunk=17.88 t/s avg=22.47 t/s 68.979s
0810 14:09:02 ds4-server: chat ctx=1737..1787:50 gen=1600 decoding chunk=20.65 t/s avg=22.41 t/s 71.400s
0810 14:09:04 ds4-server: chat ctx=1787..1837:50 gen=1650 decoding chunk=21.76 t/s avg=22.39 t/s 73.698s
0810 14:09:05 ds4-server: chat ctx=1837..1856:19 gen=1669 decoding chunk=23.34 t/s avg=22.40 t/s 74.512s
0810 14:09:05 ds4-server: thinking live checkpoint remembered ctx=0..187:187 live=1856 visible=1501
0810 14:09:05 ds4-server: chat ctx=0..187:187 gen=1669 finish=stop 92.085s
0810 14:09:05 ds4-server: live kv cache miss live=1856 prompt=119 common=43 reason=token-mismatch
0810 14:09:05 ds4-server: chat ctx=0..119:119 prompt start
0810 14:09:23 ds4-server: chat ctx=0..119:119 prompt done 17.509s
0810 14:09:27 ds4-server: chat ctx=119..169:50 gen=50 THINKING decoding chunk=10.83 t/s avg=10.83 t/s 4.615s
0810 14:09:30 ds4-server: chat ctx=169..219:50 gen=100 THINKING decoding chunk=21.63 t/s avg=14.44 t/s 6.927s
0810 14:09:32 ds4-server: chat ctx=219..269:50 gen=150 THINKING decoding chunk=22.23 t/s avg=16.35 t/s 9.176s
0810 14:09:34 ds4-server: chat ctx=269..319:50 gen=200 THINKING decoding chunk=23.11 t/s avg=17.64 t/s 11.340s
0810 14:09:36 ds4-server: chat ctx=319..369:50 gen=250 THINKING decoding chunk=23.08 t/s avg=18.51 t/s 13.507s
0810 14:09:38 ds4-server: chat ctx=369..419:50 gen=300 THINKING decoding chunk=24.41 t/s avg=19.29 t/s 15.555s
0810 14:09:40 ds4-server: chat ctx=419..469:50 gen=350 THINKING decoding chunk=23.47 t/s avg=19.79 t/s 17.685s
0810 14:09:42 ds4-server: chat ctx=469..519:50 gen=400 THINKING decoding chunk=24.87 t/s avg=20.31 t/s 19.696s
0810 14:09:44 ds4-server: chat ctx=519..569:50 gen=450 THINKING decoding chunk=25.41 t/s avg=20.77 t/s 21.663s
0810 14:09:46 ds4-server: chat ctx=569..619:50 gen=500 THINKING decoding chunk=25.08 t/s avg=21.14 t/s 23.657s
0810 14:09:49 ds4-server: chat ctx=619..669:50 gen=550 THINKING decoding chunk=21.03 t/s avg=21.13 t/s 26.035s
0810 14:09:51 ds4-server: chat ctx=669..719:50 gen=600 THINKING decoding chunk=23.19 t/s avg=21.28 t/s 28.192s
0810 14:09:53 ds4-server: chat ctx=719..769:50 gen=650 THINKING decoding chunk=25.23 t/s avg=21.54 t/s 30.173s
0810 14:09:55 ds4-server: chat ctx=769..819:50 gen=700 decoding chunk=24.78 t/s avg=21.75 t/s 32.191s
0810 14:09:57 ds4-server: chat ctx=819..869:50 gen=750 decoding chunk=24.70 t/s avg=21.92 t/s 34.215s
0810 14:09:57 ds4-server: chat ctx=869..873:4 gen=754 decoding chunk=24.24 t/s avg=21.93 t/s 34.380s
0810 14:09:57 ds4-server: thinking live checkpoint remembered ctx=0..119:119 live=873 visible=909
0810 14:09:57 ds4-server: chat ctx=0..119:119 gen=754 finish=stop 51.890s
0810 14:09:57 ds4-server: live kv cache miss live=873 prompt=144 common=48 reason=token-mismatch
0810 14:09:57 ds4-server: chat ctx=0..144:144 prompt start
0810 14:10:14 ds4-server: chat ctx=0..144:144 prompt done 17.135s
0810 14:10:19 ds4-server: chat ctx=144..194:50 gen=50 THINKING decoding chunk=11.29 t/s avg=11.29 t/s 4.430s
0810 14:10:21 ds4-server: chat ctx=194..244:50 gen=100 THINKING decoding chunk=23.59 t/s avg=15.27 t/s 6.549s
0810 14:10:23 ds4-server: chat ctx=244..294:50 gen=150 THINKING decoding chunk=23.62 t/s avg=17.31 t/s 8.666s
0810 14:10:25 ds4-server: chat ctx=294..344:50 gen=200 THINKING decoding chunk=24.93 t/s avg=18.74 t/s 10.671s
0810 14:10:27 ds4-server: chat ctx=344..394:50 gen=250 THINKING decoding chunk=24.52 t/s avg=19.67 t/s 12.710s
0810 14:10:29 ds4-server: chat ctx=394..444:50 gen=300 THINKING decoding chunk=22.35 t/s avg=20.07 t/s 14.947s
0810 14:10:32 ds4-server: chat ctx=444..494:50 gen=350 THINKING decoding chunk=21.89 t/s avg=20.31 t/s 17.231s
0810 14:10:34 ds4-server: chat ctx=494..544:50 gen=400 decoding chunk=24.80 t/s avg=20.78 t/s 19.247s
0810 14:10:36 ds4-server: chat ctx=544..594:50 gen=450 decoding chunk=24.99 t/s avg=21.18 t/s 21.248s
0810 14:10:37 ds4-server: chat ctx=594..642:48 gen=498 decoding chunk=26.62 t/s avg=21.60 t/s 23.052s
0810 14:10:37 ds4-server: thinking live checkpoint remembered ctx=0..144:144 live=642 visible=1154
0810 14:10:37 ds4-server: chat ctx=0..144:144 gen=498 finish=stop 40.188s
0810 14:10:37 ds4-server: live kv cache miss live=642 prompt=112 common=43 reason=token-mismatch
0810 14:10:37 ds4-server: chat ctx=0..112:112 prompt start
0810 14:10:55 ds4-server: chat ctx=0..112:112 prompt done 17.261s
0810 14:10:59 ds4-server: chat ctx=112..162:50 gen=50 THINKING decoding chunk=10.78 t/s avg=10.78 t/s 4.638s
0810 14:11:02 ds4-server: chat ctx=162..212:50 gen=100 THINKING decoding chunk=22.78 t/s avg=14.64 t/s 6.833s
0810 14:11:04 ds4-server: chat ctx=212..262:50 gen=150 THINKING decoding chunk=22.56 t/s avg=16.58 t/s 9.049s
0810 14:11:06 ds4-server: chat ctx=262..312:50 gen=200 THINKING decoding chunk=23.60 t/s avg=17.91 t/s 11.168s
0810 14:11:08 ds4-server: chat ctx=312..362:50 gen=250 THINKING decoding chunk=23.94 t/s avg=18.86 t/s 13.256s
0810 14:11:10 ds4-server: chat ctx=362..412:50 gen=300 THINKING decoding chunk=23.83 t/s avg=19.54 t/s 15.354s
0810 14:11:12 ds4-server: chat ctx=412..462:50 gen=350 THINKING decoding chunk=24.67 t/s avg=20.14 t/s 17.381s
0810 14:11:14 ds4-server: chat ctx=462..512:50 gen=400 decoding chunk=24.40 t/s avg=20.59 t/s 19.431s
0810 14:11:16 ds4-server: chat ctx=512..555:43 gen=443 decoding chunk=25.85 t/s avg=21.00 t/s 21.094s
0810 14:11:16 ds4-server: thinking live checkpoint remembered ctx=0..112:112 live=555 visible=816
0810 14:11:16 ds4-server: chat ctx=0..112:112 gen=443 finish=stop 38.356s
0810 14:11:16 ds4-server: live kv cache miss live=555 prompt=100 common=43 reason=token-mismatch
0810 14:11:16 ds4-server: chat ctx=0..100:100 prompt start
0810 14:11:33 ds4-server: chat ctx=0..100:100 prompt done 17.604s
0810 14:11:38 ds4-server: chat ctx=100..150:50 gen=50 THINKING decoding chunk=10.87 t/s avg=10.87 t/s 4.602s
0810 14:11:40 ds4-server: chat ctx=150..200:50 gen=100 THINKING decoding chunk=24.28 t/s avg=15.01 t/s 6.661s
0810 14:11:42 ds4-server: chat ctx=200..250:50 gen=150 THINKING decoding chunk=25.35 t/s avg=17.38 t/s 8.633s
0810 14:11:44 ds4-server: chat ctx=250..300:50 gen=200 THINKING decoding chunk=24.48 t/s avg=18.73 t/s 10.675s
0810 14:11:46 ds4-server: chat ctx=300..350:50 gen=250 THINKING decoding chunk=23.96 t/s avg=19.59 t/s 12.762s
0810 14:11:48 ds4-server: chat ctx=350..400:50 gen=300 decoding chunk=25.10 t/s avg=20.33 t/s 14.754s
0810 14:11:50 ds4-server: chat ctx=400..450:50 gen=350 decoding chunk=24.36 t/s avg=20.83 t/s 16.806s
0810 14:11:51 ds4-server: chat ctx=450..461:11 gen=361 decoding chunk=25.10 t/s avg=20.93 t/s 17.244s
0810 14:11:51 ds4-server: thinking live checkpoint remembered ctx=0..100:100 live=461 visible=805
0810 14:11:51 ds4-server: chat ctx=0..100:100 gen=361 finish=stop 34.850s
0810 14:11:51 ds4-server: live kv cache miss live=461 prompt=113 common=43 reason=token-mismatch
0810 14:11:51 ds4-server: chat ctx=0..113:113 prompt start
0810 14:12:09 ds4-server: chat ctx=0..113:113 prompt done 17.911s
0810 14:12:13 ds4-server: chat ctx=113..163:50 gen=50 THINKING decoding chunk=10.89 t/s avg=10.89 t/s 4.593s
0810 14:12:15 ds4-server: chat ctx=163..213:50 gen=100 THINKING decoding chunk=25.26 t/s avg=15.22 t/s 6.572s
0810 14:12:17 ds4-server: chat ctx=213..263:50 gen=150 THINKING decoding chunk=24.99 t/s avg=17.50 t/s 8.573s
0810 14:12:19 ds4-server: chat ctx=263..313:50 gen=200 THINKING decoding chunk=25.68 t/s avg=19.01 t/s 10.520s
0810 14:12:21 ds4-server: chat ctx=313..363:50 gen=250 decoding chunk=25.67 t/s avg=20.05 t/s 12.468s
0810 14:12:22 ds4-server: chat ctx=363..379:16 gen=266 decoding chunk=27.84 t/s avg=20.39 t/s 13.043s
0810 14:12:22 ds4-server: thinking live checkpoint remembered ctx=0..113:113 live=379 visible=632
0810 14:12:22 ds4-server: chat ctx=0..113:113 gen=266 finish=stop 30.955s
0810 14:12:22 ds4-server: live kv cache miss live=379 prompt=113 common=45 reason=token-mismatch
0810 14:12:22 ds4-server: chat ctx=0..113:113 prompt start
0810 14:12:39 ds4-server: chat ctx=0..113:113 prompt done 17.191s
0810 14:12:43 ds4-server: chat ctx=113..163:50 gen=50 THINKING decoding chunk=11.35 t/s avg=11.35 t/s 4.407s
0810 14:12:45 ds4-server: chat ctx=163..213:50 gen=100 THINKING decoding chunk=23.72 t/s avg=15.35 t/s 6.515s
0810 14:12:47 ds4-server: chat ctx=213..263:50 gen=150 THINKING decoding chunk=25.62 t/s avg=17.72 t/s 8.467s
0810 14:12:49 ds4-server: chat ctx=263..313:50 gen=200 THINKING decoding chunk=26.49 t/s avg=19.32 t/s 10.354s
0810 14:12:51 ds4-server: chat ctx=313..363:50 gen=250 THINKING decoding chunk=25.31 t/s avg=20.28 t/s 12.330s
0810 14:12:53 ds4-server: chat ctx=363..413:50 gen=300 decoding chunk=24.85 t/s avg=20.92 t/s 14.342s
0810 14:12:55 ds4-server: chat ctx=413..453:40 gen=340 decoding chunk=23.70 t/s avg=21.21 t/s 16.029s
0810 14:12:55 ds4-server: thinking live checkpoint remembered ctx=0..113:113 live=453 visible=887
0810 14:12:55 ds4-server: chat ctx=0..113:113 gen=340 finish=stop 33.221s
0810 14:12:55 ds4-server: live kv cache miss live=453 prompt=215 common=43 reason=token-mismatch
0810 14:12:55 ds4-server: chat ctx=0..215:215 prompt start
0810 14:13:12 ds4-server: chat ctx=0..215:215 prompt done 17.265s
0810 14:13:17 ds4-server: chat ctx=215..265:50 gen=50 THINKING decoding chunk=10.87 t/s avg=10.87 t/s 4.600s
0810 14:13:19 ds4-server: chat ctx=265..315:50 gen=100 THINKING decoding chunk=24.71 t/s avg=15.10 t/s 6.624s
0810 14:13:21 ds4-server: chat ctx=315..365:50 gen=150 THINKING decoding chunk=24.17 t/s avg=17.26 t/s 8.693s
0810 14:13:23 ds4-server: chat ctx=365..415:50 gen=200 THINKING decoding chunk=24.68 t/s avg=18.66 t/s 10.719s
0810 14:13:25 ds4-server: chat ctx=415..465:50 gen=250 THINKING decoding chunk=24.18 t/s avg=19.55 t/s 12.787s
0810 14:13:27 ds4-server: chat ctx=465..515:50 gen=300 THINKING decoding chunk=23.64 t/s avg=20.13 t/s 14.901s
0810 14:13:29 ds4-server: chat ctx=515..565:50 gen=350 THINKING decoding chunk=26.06 t/s avg=20.81 t/s 16.820s
0810 14:13:31 ds4-server: chat ctx=565..615:50 gen=400 THINKING decoding chunk=25.38 t/s avg=21.29 t/s 18.789s
0810 14:13:33 ds4-server: chat ctx=615..665:50 gen=450 decoding chunk=24.78 t/s avg=21.63 t/s 20.807s
0810 14:13:34 ds4-server: chat ctx=665..681:16 gen=466 decoding chunk=25.56 t/s avg=21.74 t/s 21.433s
0810 14:13:34 ds4-server: thinking live checkpoint remembered ctx=0..215:215 live=681 visible=1039
0810 14:13:34 ds4-server: chat ctx=0..215:215 gen=466 finish=stop 38.698s
0810 14:13:34 ds4-server: live kv cache miss live=681 prompt=135 common=43 reason=token-mismatch
0810 14:13:34 ds4-server: chat ctx=0..135:135 prompt start
0810 14:13:51 ds4-server: chat ctx=0..135:135 prompt done 16.976s
0810 14:13:55 ds4-server: chat ctx=135..185:50 gen=50 THINKING decoding chunk=10.90 t/s avg=10.90 t/s 4.589s
0810 14:13:57 ds4-server: chat ctx=185..235:50 gen=100 THINKING decoding chunk=22.23 t/s avg=14.62 t/s 6.838s
0810 14:14:00 ds4-server: chat ctx=235..285:50 gen=150 THINKING decoding chunk=22.30 t/s avg=16.52 t/s 9.080s
0810 14:14:02 ds4-server: chat ctx=285..335:50 gen=200 THINKING decoding chunk=24.84 t/s avg=18.03 t/s 11.093s
0810 14:14:04 ds4-server: chat ctx=335..385:50 gen=250 THINKING decoding chunk=24.65 t/s avg=19.05 t/s 13.121s
0810 14:14:06 ds4-server: chat ctx=385..435:50 gen=300 THINKING decoding chunk=25.98 t/s avg=19.94 t/s 15.046s
0810 14:14:08 ds4-server: chat ctx=435..485:50 gen=350 THINKING decoding chunk=26.12 t/s avg=20.64 t/s 16.960s
0810 14:14:10 ds4-server: chat ctx=485..535:50 gen=400 THINKING decoding chunk=23.08 t/s avg=20.91 t/s 19.126s
0810 14:14:12 ds4-server: chat ctx=535..585:50 gen=450 THINKING decoding chunk=23.49 t/s avg=21.17 t/s 21.254s
0810 14:14:14 ds4-server: chat ctx=585..635:50 gen=500 THINKING decoding chunk=25.10 t/s avg=21.51 t/s 23.246s
0810 14:14:16 ds4-server: chat ctx=635..685:50 gen=550 decoding chunk=24.60 t/s avg=21.76 t/s 25.279s
0810 14:14:18 ds4-server: chat ctx=685..735:50 gen=600 decoding chunk=20.13 t/s avg=21.61 t/s 27.763s
0810 14:14:21 ds4-server: chat ctx=735..785:50 gen=650 decoding chunk=23.55 t/s avg=21.75 t/s 29.886s
0810 14:14:22 ds4-server: chat ctx=785..830:45 gen=695 decoding chunk=24.71 t/s avg=21.92 t/s 31.707s
0810 14:14:22 ds4-server: thinking live checkpoint remembered ctx=0..135:135 live=830 visible=1118
0810 14:14:22 ds4-server: chat ctx=0..135:135 gen=695 finish=stop 48.686s
0810 14:14:22 ds4-server: live kv cache miss live=830 prompt=146 common=43 reason=token-mismatch
0810 14:14:22 ds4-server: chat ctx=0..146:146 prompt start
0810 14:14:40 ds4-server: chat ctx=0..146:146 prompt done 17.750s
0810 14:14:45 ds4-server: chat ctx=146..196:50 gen=50 THINKING decoding chunk=10.75 t/s avg=10.75 t/s 4.650s
0810 14:14:47 ds4-server: chat ctx=196..246:50 gen=100 THINKING decoding chunk=25.00 t/s avg=15.04 t/s 6.650s
0810 14:14:49 ds4-server: chat ctx=246..296:50 gen=150 THINKING decoding chunk=23.85 t/s avg=17.15 t/s 8.747s
0810 14:14:51 ds4-server: chat ctx=296..346:50 gen=200 THINKING decoding chunk=23.84 t/s avg=18.44 t/s 10.844s
0810 14:14:53 ds4-server: chat ctx=346..396:50 gen=250 THINKING decoding chunk=26.39 t/s avg=19.62 t/s 12.739s
0810 14:14:55 ds4-server: chat ctx=396..446:50 gen=300 THINKING decoding chunk=22.83 t/s avg=20.09 t/s 14.929s
0810 14:14:57 ds4-server: chat ctx=446..496:50 gen=350 THINKING decoding chunk=24.93 t/s avg=20.67 t/s 16.935s
0810 14:14:59 ds4-server: chat ctx=496..546:50 gen=400 decoding chunk=24.31 t/s avg=21.06 t/s 18.992s
0810 14:15:01 ds4-server: chat ctx=546..596:50 gen=450 decoding chunk=25.07 t/s avg=21.44 t/s 20.986s
0810 14:15:03 ds4-server: chat ctx=596..633:37 gen=487 decoding chunk=25.97 t/s avg=21.73 t/s 22.411s
0810 14:15:03 ds4-server: thinking live checkpoint remembered ctx=0..146:146 live=633 visible=1019
0810 14:15:03 ds4-server: chat ctx=0..146:146 gen=487 finish=stop 40.165s
0810 14:15:03 ds4-server: live kv cache miss live=633 prompt=212 common=48 reason=token-mismatch
0810 14:15:03 ds4-server: chat ctx=0..212:212 prompt start
0810 14:15:20 ds4-server: chat ctx=0..212:212 prompt done 17.288s
0810 14:15:25 ds4-server: chat ctx=212..262:50 gen=50 THINKING decoding chunk=10.07 t/s avg=10.07 t/s 4.963s
0810 14:15:27 ds4-server: chat ctx=262..312:50 gen=100 THINKING decoding chunk=22.00 t/s avg=13.82 t/s 7.237s
0810 14:15:29 ds4-server: chat ctx=312..362:50 gen=150 THINKING decoding chunk=24.02 t/s avg=16.10 t/s 9.318s
0810 14:15:31 ds4-server: chat ctx=362..412:50 gen=200 THINKING decoding chunk=24.21 t/s avg=17.57 t/s 11.383s
0810 14:15:33 ds4-server: chat ctx=412..462:50 gen=250 THINKING decoding chunk=24.97 t/s avg=18.68 t/s 13.386s
0810 14:15:35 ds4-server: chat ctx=462..512:50 gen=300 THINKING decoding chunk=23.89 t/s avg=19.38 t/s 15.479s
0810 14:15:37 ds4-server: chat ctx=512..562:50 gen=350 THINKING decoding chunk=26.09 t/s avg=20.12 t/s 17.395s
0810 14:15:39 ds4-server: chat ctx=562..612:50 gen=400 THINKING decoding chunk=25.94 t/s avg=20.70 t/s 19.323s
0810 14:15:41 ds4-server: chat ctx=612..662:50 gen=450 THINKING decoding chunk=26.20 t/s avg=21.20 t/s 21.231s
0810 14:15:43 ds4-server: chat ctx=662..712:50 gen=500 THINKING decoding chunk=26.10 t/s avg=21.60 t/s 23.147s
0810 14:15:45 ds4-server: chat ctx=712..762:50 gen=550 THINKING decoding chunk=26.75 t/s avg=21.99 t/s 25.016s
0810 14:15:47 ds4-server: chat ctx=762..812:50 gen=600 THINKING decoding chunk=25.15 t/s avg=22.22 t/s 27.004s
0810 14:15:49 ds4-server: chat ctx=812..862:50 gen=650 THINKING decoding chunk=22.00 t/s avg=22.20 t/s 29.277s
0810 14:15:51 ds4-server: chat ctx=862..912:50 gen=700 THINKING decoding chunk=23.06 t/s avg=22.26 t/s 31.446s
0810 14:15:53 ds4-server: chat ctx=912..962:50 gen=750 THINKING decoding chunk=23.36 t/s avg=22.33 t/s 33.587s
0810 14:15:56 ds4-server: chat ctx=962..1012:50 gen=800 THINKING decoding chunk=23.69 t/s avg=22.41 t/s 35.697s
0810 14:15:58 ds4-server: chat ctx=1012..1062:50 gen=850 THINKING decoding chunk=24.12 t/s avg=22.50 t/s 37.770s
0810 14:16:00 ds4-server: chat ctx=1062..1112:50 gen=900 THINKING decoding chunk=25.77 t/s avg=22.66 t/s 39.711s
0810 14:16:02 ds4-server: chat ctx=1112..1162:50 gen=950 THINKING decoding chunk=24.87 t/s avg=22.77 t/s 41.721s
0810 14:16:04 ds4-server: chat ctx=1162..1212:50 gen=1000 THINKING decoding chunk=23.58 t/s avg=22.81 t/s 43.841s
0810 14:16:06 ds4-server: chat ctx=1212..1262:50 gen=1050 THINKING decoding chunk=19.20 t/s avg=22.61 t/s 46.445s
0810 14:16:09 ds4-server: chat ctx=1262..1312:50 gen=1100 THINKING decoding chunk=20.77 t/s avg=22.52 t/s 48.853s
0810 14:16:11 ds4-server: chat ctx=1312..1362:50 gen=1150 THINKING decoding chunk=24.34 t/s avg=22.59 t/s 50.908s
0810 14:16:13 ds4-server: chat ctx=1362..1412:50 gen=1200 THINKING decoding chunk=21.64 t/s avg=22.55 t/s 53.218s
0810 14:16:15 ds4-server: chat ctx=1412..1462:50 gen=1250 decoding chunk=24.89 t/s avg=22.63 t/s 55.226s
0810 14:16:17 ds4-server: chat ctx=1462..1512:50 gen=1300 decoding chunk=25.56 t/s avg=22.73 t/s 57.183s
0810 14:16:19 ds4-server: chat ctx=1512..1550:38 gen=1338 decoding chunk=25.49 t/s avg=22.80 t/s 58.673s
0810 14:16:19 ds4-server: thinking live checkpoint remembered ctx=0..212:212 live=1550 visible=1216
0810 14:16:19 ds4-server: chat ctx=0..212:212 gen=1338 finish=stop 75.962s
0810 14:16:19 ds4-server: live kv cache miss live=1550 prompt=166 common=48 reason=token-mismatch
0810 14:16:19 ds4-server: chat ctx=0..166:166 prompt start
0810 14:16:36 ds4-server: chat ctx=0..166:166 prompt done 17.838s
0810 14:16:41 ds4-server: chat ctx=166..216:50 gen=50 THINKING decoding chunk=11.01 t/s avg=11.01 t/s 4.540s
0810 14:16:43 ds4-server: chat ctx=216..266:50 gen=100 THINKING decoding chunk=22.90 t/s avg=14.87 t/s 6.723s
0810 14:16:45 ds4-server: chat ctx=266..316:50 gen=150 THINKING decoding chunk=23.81 t/s avg=17.00 t/s 8.823s
0810 14:16:47 ds4-server: chat ctx=316..366:50 gen=200 THINKING decoding chunk=24.66 t/s avg=18.43 t/s 10.850s
0810 14:16:49 ds4-server: chat ctx=366..416:50 gen=250 THINKING decoding chunk=24.27 t/s avg=19.36 t/s 12.910s
0810 14:16:51 ds4-server: chat ctx=416..466:50 gen=300 THINKING decoding chunk=22.95 t/s avg=19.88 t/s 15.089s
0810 14:16:54 ds4-server: chat ctx=466..516:50 gen=350 decoding chunk=22.41 t/s avg=20.21 t/s 17.320s
0810 14:16:56 ds4-server: chat ctx=516..566:50 gen=400 decoding chunk=19.81 t/s avg=20.16 t/s 19.844s
0810 14:16:58 ds4-server: chat ctx=566..616:50 gen=450 decoding chunk=22.63 t/s avg=20.40 t/s 22.054s
0810 14:17:00 ds4-server: chat ctx=616..666:50 gen=500 decoding chunk=26.42 t/s avg=20.88 t/s 23.946s
0810 14:17:01 ds4-server: chat ctx=666..686:20 gen=520 decoding chunk=25.81 t/s avg=21.03 t/s 24.721s
0810 14:17:01 ds4-server: thinking live checkpoint remembered ctx=0..166:166 live=686 visible=1214
0810 14:17:01 ds4-server: chat ctx=0..166:166 gen=520 finish=stop 42.568s
0810 14:17:01 ds4-server: live kv cache miss live=686 prompt=136 common=48 reason=token-mismatch
0810 14:17:01 ds4-server: chat ctx=0..136:136 prompt start
0810 14:17:19 ds4-server: chat ctx=0..136:136 prompt done 17.659s
0810 14:17:23 ds4-server: chat ctx=136..186:50 gen=50 THINKING decoding chunk=10.98 t/s avg=10.98 t/s 4.555s
0810 14:17:26 ds4-server: chat ctx=186..236:50 gen=100 THINKING decoding chunk=22.68 t/s avg=14.79 t/s 6.760s
0810 14:17:28 ds4-server: chat ctx=236..286:50 gen=150 THINKING decoding chunk=24.12 t/s avg=16.98 t/s 8.832s
0810 14:17:30 ds4-server: chat ctx=286..336:50 gen=200 THINKING decoding chunk=25.04 t/s avg=18.47 t/s 10.829s
0810 14:17:32 ds4-server: chat ctx=336..386:50 gen=250 THINKING decoding chunk=25.95 t/s avg=19.60 t/s 12.756s
0810 14:17:33 ds4-server: chat ctx=386..436:50 gen=300 THINKING decoding chunk=26.29 t/s avg=20.47 t/s 14.658s
0810 14:17:35 ds4-server: chat ctx=436..486:50 gen=350 THINKING decoding chunk=25.91 t/s avg=21.10 t/s 16.588s
0810 14:17:37 ds4-server: chat ctx=486..536:50 gen=400 THINKING decoding chunk=27.13 t/s avg=21.70 t/s 18.431s
0810 14:17:39 ds4-server: chat ctx=536..586:50 gen=450 THINKING decoding chunk=26.89 t/s avg=22.18 t/s 20.290s
0810 14:17:41 ds4-server: chat ctx=586..636:50 gen=500 THINKING decoding chunk=26.50 t/s avg=22.55 t/s 22.177s
0810 14:17:43 ds4-server: chat ctx=636..686:50 gen=550 THINKING decoding chunk=26.22 t/s avg=22.84 t/s 24.084s
0810 14:17:45 ds4-server: chat ctx=686..736:50 gen=600 THINKING decoding chunk=24.71 t/s avg=22.98 t/s 26.108s
0810 14:17:47 ds4-server: chat ctx=736..786:50 gen=650 THINKING decoding chunk=20.35 t/s avg=22.76 t/s 28.565s
0810 14:17:50 ds4-server: chat ctx=786..836:50 gen=700 THINKING decoding chunk=23.62 t/s avg=22.82 t/s 30.682s
0810 14:17:52 ds4-server: chat ctx=836..886:50 gen=750 decoding chunk=23.73 t/s avg=22.87 t/s 32.788s
0810 14:17:54 ds4-server: chat ctx=886..936:50 gen=800 decoding chunk=26.19 t/s avg=23.06 t/s 34.698s
0810 14:17:54 ds4-server: chat ctx=936..956:20 gen=820 decoding chunk=27.50 t/s avg=23.15 t/s 35.425s
0810 14:17:54 ds4-server: thinking live checkpoint remembered ctx=0..136:136 live=956 visible=919
0810 14:17:54 ds4-server: chat ctx=0..136:136 gen=820 finish=stop 53.085s
0810 14:17:54 ds4-server: live kv cache miss live=956 prompt=83 common=43 reason=token-mismatch
0810 14:17:54 ds4-server: chat ctx=0..83:83 prompt start
0810 14:18:14 ds4-server: chat ctx=0..83:83 prompt done 19.641s
0810 14:18:20 ds4-server: chat ctx=83..133:50 gen=50 THINKING decoding chunk=7.84 t/s avg=7.84 t/s 6.378s
0810 14:18:23 ds4-server: chat ctx=133..183:50 gen=100 THINKING decoding chunk=22.32 t/s avg=11.60 t/s 8.618s
0810 14:18:25 ds4-server: chat ctx=183..233:50 gen=150 decoding chunk=25.36 t/s avg=14.17 t/s 10.589s
0810 14:18:25 ds4-server: chat ctx=233..259:26 gen=176 decoding chunk=27.32 t/s avg=15.25 t/s 11.541s
0810 14:18:25 ds4-server: thinking live checkpoint remembered ctx=0..83:83 live=259 visible=616
0810 14:18:25 ds4-server: chat ctx=0..83:83 gen=176 finish=stop 31.192s
0810 14:18:26 ds4-server: live kv cache miss live=259 prompt=92 common=45 reason=token-mismatch
0810 14:18:26 ds4-server: chat ctx=0..92:92 prompt start
0810 14:18:43 ds4-server: chat ctx=0..92:92 prompt done 17.730s
0810 14:18:48 ds4-server: chat ctx=92..142:50 gen=50 THINKING decoding chunk=11.42 t/s avg=11.42 t/s 4.378s
0810 14:18:50 ds4-server: chat ctx=142..192:50 gen=100 THINKING decoding chunk=22.63 t/s avg=15.18 t/s 6.588s
0810 14:18:52 ds4-server: chat ctx=192..242:50 gen=150 THINKING decoding chunk=24.91 t/s avg=17.45 t/s 8.594s
0810 14:18:54 ds4-server: chat ctx=242..292:50 gen=200 THINKING decoding chunk=25.07 t/s avg=18.89 t/s 10.589s
0810 14:18:56 ds4-server: chat ctx=292..342:50 gen=250 THINKING decoding chunk=25.84 t/s avg=19.96 t/s 12.524s
0810 14:18:58 ds4-server: chat ctx=342..392:50 gen=300 THINKING decoding chunk=26.97 t/s avg=20.87 t/s 14.378s
0810 14:19:00 ds4-server: chat ctx=392..442:50 gen=350 THINKING decoding chunk=25.56 t/s avg=21.43 t/s 16.335s
0810 14:19:01 ds4-server: chat ctx=442..492:50 gen=400 THINKING decoding chunk=26.29 t/s avg=21.93 t/s 18.236s
0810 14:19:03 ds4-server: chat ctx=492..542:50 gen=450 THINKING decoding chunk=26.10 t/s avg=22.33 t/s 20.152s
0810 14:19:05 ds4-server: chat ctx=542..592:50 gen=500 THINKING decoding chunk=27.34 t/s avg=22.75 t/s 21.981s
0810 14:19:07 ds4-server: chat ctx=592..642:50 gen=550 THINKING decoding chunk=27.83 t/s avg=23.13 t/s 23.778s
0810 14:19:09 ds4-server: chat ctx=642..692:50 gen=600 THINKING decoding chunk=27.20 t/s avg=23.42 t/s 25.616s
0810 14:19:11 ds4-server: chat ctx=692..742:50 gen=650 THINKING decoding chunk=27.43 t/s avg=23.69 t/s 27.439s
0810 14:19:12 ds4-server: chat ctx=742..792:50 gen=700 THINKING decoding chunk=27.51 t/s avg=23.93 t/s 29.257s
0810 14:19:15 ds4-server: chat ctx=792..842:50 gen=750 THINKING decoding chunk=23.68 t/s avg=23.91 t/s 31.368s
0810 14:19:17 ds4-server: chat ctx=842..892:50 gen=800 THINKING decoding chunk=22.93 t/s avg=23.85 t/s 33.549s
0810 14:19:19 ds4-server: chat ctx=892..942:50 gen=850 THINKING decoding chunk=26.32 t/s avg=23.98 t/s 35.449s
0810 14:19:21 ds4-server: chat ctx=942..992:50 gen=900 THINKING decoding chunk=25.22 t/s avg=24.04 t/s 37.432s
0810 14:19:23 ds4-server: chat ctx=992..1042:50 gen=950 THINKING decoding chunk=25.13 t/s avg=24.10 t/s 39.421s
0810 14:19:25 ds4-server: chat ctx=1042..1092:50 gen=1000 decoding chunk=23.86 t/s avg=24.09 t/s 41.517s
0810 14:19:27 ds4-server: chat ctx=1092..1142:50 gen=1050 decoding chunk=24.84 t/s avg=24.12 t/s 43.529s
0810 14:19:27 ds4-server: chat ctx=1142..1152:10 gen=1060 decoding chunk=26.06 t/s avg=24.14 t/s 43.913s
0810 14:19:27 ds4-server: thinking live checkpoint remembered ctx=0..92:92 live=1152 visible=661
0810 14:19:27 ds4-server: chat ctx=0..92:92 gen=1060 finish=stop 61.644s
0810 14:19:27 ds4-server: live kv cache miss live=1152 prompt=166 common=43 reason=token-mismatch
0810 14:19:27 ds4-server: chat ctx=0..166:166 prompt start
0810 14:19:44 ds4-server: chat ctx=0..166:166 prompt done 17.306s
0810 14:19:49 ds4-server: chat ctx=166..216:50 gen=50 THINKING decoding chunk=11.34 t/s avg=11.34 t/s 4.410s
0810 14:19:51 ds4-server: chat ctx=216..266:50 gen=100 THINKING decoding chunk=22.77 t/s avg=15.14 t/s 6.606s
0810 14:19:53 ds4-server: chat ctx=266..316:50 gen=150 THINKING decoding chunk=24.24 t/s avg=17.30 t/s 8.668s
0810 14:19:55 ds4-server: chat ctx=316..366:50 gen=200 THINKING decoding chunk=24.20 t/s avg=18.63 t/s 10.735s
0810 14:19:57 ds4-server: chat ctx=366..416:50 gen=250 THINKING decoding chunk=24.79 t/s avg=19.61 t/s 12.752s
0810 14:19:59 ds4-server: chat ctx=416..466:50 gen=300 THINKING decoding chunk=24.47 t/s avg=20.28 t/s 14.795s
0810 14:20:01 ds4-server: chat ctx=466..516:50 gen=350 THINKING decoding chunk=25.02 t/s avg=20.84 t/s 16.793s
0810 14:20:03 ds4-server: chat ctx=516..566:50 gen=400 THINKING decoding chunk=24.05 t/s avg=21.19 t/s 18.873s
0810 14:20:05 ds4-server: chat ctx=566..616:50 gen=450 THINKING decoding chunk=24.81 t/s avg=21.54 t/s 20.888s
0810 14:20:07 ds4-server: chat ctx=616..666:50 gen=500 decoding chunk=25.33 t/s avg=21.87 t/s 22.862s
0810 14:20:09 ds4-server: chat ctx=666..716:50 gen=550 decoding chunk=26.25 t/s avg=22.21 t/s 24.767s
0810 14:20:10 ds4-server: chat ctx=716..746:30 gen=580 decoding chunk=26.44 t/s avg=22.39 t/s 25.902s
0810 14:20:10 ds4-server: thinking live checkpoint remembered ctx=0..166:166 live=746 visible=1038
0810 14:20:10 ds4-server: chat ctx=0..166:166 gen=580 finish=stop 43.208s
0810 14:20:10 ds4-server: live kv cache miss live=746 prompt=129 common=50 reason=token-mismatch
0810 14:20:10 ds4-server: chat ctx=0..129:129 prompt start
0810 14:20:28 ds4-server: chat ctx=0..129:129 prompt done 17.346s
0810 14:20:34 ds4-server: chat ctx=129..179:50 gen=50 THINKING decoding chunk=8.24 t/s avg=8.24 t/s 6.066s
0810 14:20:36 ds4-server: chat ctx=179..229:50 gen=100 THINKING decoding chunk=19.66 t/s avg=11.61 t/s 8.610s
0810 14:20:39 ds4-server: chat ctx=229..279:50 gen=150 THINKING decoding chunk=20.68 t/s avg=13.60 t/s 11.028s
0810 14:20:41 ds4-server: chat ctx=279..329:50 gen=200 THINKING decoding chunk=24.53 t/s avg=15.31 t/s 13.067s
0810 14:20:43 ds4-server: chat ctx=329..379:50 gen=250 THINKING decoding chunk=25.00 t/s avg=16.59 t/s 15.067s
0810 14:20:45 ds4-server: chat ctx=379..429:50 gen=300 decoding chunk=24.64 t/s avg=17.55 t/s 17.096s
0810 14:20:47 ds4-server: chat ctx=429..479:50 gen=350 decoding chunk=22.97 t/s avg=18.16 t/s 19.273s
0810 14:20:49 ds4-server: chat ctx=479..529:50 gen=400 decoding chunk=23.00 t/s avg=18.65 t/s 21.447s
0810 14:20:50 ds4-server: chat ctx=529..542:13 gen=413 decoding chunk=25.95 t/s avg=18.82 t/s 21.947s
0810 14:20:50 ds4-server: thinking live checkpoint remembered ctx=0..129:129 live=542 visible=1016
0810 14:20:50 ds4-server: chat ctx=0..129:129 gen=413 finish=stop 39.294s
0810 14:20:50 ds4-server: live kv cache miss live=542 prompt=89 common=43 reason=token-mismatch
0810 14:20:50 ds4-server: chat ctx=0..89:89 prompt start
0810 14:21:07 ds4-server: chat ctx=0..89:89 prompt done 17.259s
0810 14:21:11 ds4-server: chat ctx=89..139:50 gen=50 THINKING decoding chunk=11.26 t/s avg=11.26 t/s 4.440s
0810 14:21:13 ds4-server: chat ctx=139..189:50 gen=100 THINKING decoding chunk=26.14 t/s avg=15.74 t/s 6.352s
0810 14:21:15 ds4-server: chat ctx=189..239:50 gen=150 THINKING decoding chunk=25.82 t/s avg=18.10 t/s 8.289s
0810 14:21:17 ds4-server: chat ctx=239..289:50 gen=200 THINKING decoding chunk=24.14 t/s avg=19.30 t/s 10.360s
0810 14:21:19 ds4-server: chat ctx=289..339:50 gen=250 THINKING decoding chunk=26.61 t/s avg=20.43 t/s 12.239s
0810 14:21:21 ds4-server: chat ctx=339..389:50 gen=300 decoding chunk=26.96 t/s avg=21.29 t/s 14.093s
0810 14:21:22 ds4-server: chat ctx=389..403:14 gen=314 decoding chunk=26.12 t/s avg=21.46 t/s 14.629s
0810 14:21:22 ds4-server: thinking live checkpoint remembered ctx=0..89:89 live=403 visible=714
0810 14:21:22 ds4-server: chat ctx=0..89:89 gen=314 finish=stop 31.890s
0810 14:21:22 ds4-server: live kv cache miss live=403 prompt=104 common=43 reason=token-mismatch
0810 14:21:22 ds4-server: chat ctx=0..104:104 prompt start
0810 14:21:41 ds4-server: chat ctx=0..104:104 prompt done 19.400s
0810 14:21:45 ds4-server: chat ctx=104..154:50 gen=50 THINKING decoding chunk=11.35 t/s avg=11.35 t/s 4.406s
0810 14:21:47 ds4-server: chat ctx=154..204:50 gen=100 THINKING decoding chunk=27.46 t/s avg=16.06 t/s 6.227s
0810 14:21:49 ds4-server: chat ctx=204..254:50 gen=150 THINKING decoding chunk=27.06 t/s avg=18.57 t/s 8.076s
0810 14:21:51 ds4-server: chat ctx=254..304:50 gen=200 THINKING decoding chunk=25.40 t/s avg=19.91 t/s 10.044s
0810 14:21:53 ds4-server: chat ctx=304..354:50 gen=250 decoding chunk=27.96 t/s avg=21.13 t/s 11.832s
0810 14:21:54 ds4-server: chat ctx=354..375:21 gen=271 decoding chunk=28.98 t/s avg=21.58 t/s 12.557s
0810 14:21:54 ds4-server: thinking live checkpoint remembered ctx=0..104:104 live=375 visible=782
0810 14:21:54 ds4-server: chat ctx=0..104:104 gen=271 finish=stop 31.959s
0810 14:21:54 ds4-server: live kv cache miss live=375 prompt=131 common=50 reason=token-mismatch
0810 14:21:54 ds4-server: chat ctx=0..131:131 prompt start
0810 14:22:11 ds4-server: chat ctx=0..131:131 prompt done 17.361s
0810 14:22:15 ds4-server: chat ctx=131..181:50 gen=50 THINKING decoding chunk=12.12 t/s avg=12.12 t/s 4.125s
0810 14:22:17 ds4-server: chat ctx=181..231:50 gen=100 THINKING decoding chunk=28.08 t/s avg=16.93 t/s 5.906s
0810 14:22:19 ds4-server: chat ctx=231..281:50 gen=150 decoding chunk=27.13 t/s avg=19.36 t/s 7.749s
0810 14:22:20 ds4-server: chat ctx=281..314:33 gen=183 decoding chunk=27.04 t/s avg=20.40 t/s 8.970s
0810 14:22:20 ds4-server: thinking live checkpoint remembered ctx=0..131:131 live=314 visible=790
0810 14:22:20 ds4-server: chat ctx=0..131:131 gen=183 finish=stop 26.331s
0810 14:22:20 ds4-server: live kv cache miss live=314 prompt=158 common=43 reason=token-mismatch
0810 14:22:20 ds4-server: chat ctx=0..158:158 prompt start
0810 14:22:37 ds4-server: chat ctx=0..158:158 prompt done 17.097s
0810 14:22:42 ds4-server: chat ctx=158..208:50 gen=50 THINKING decoding chunk=10.52 t/s avg=10.52 t/s 4.751s
0810 14:22:44 ds4-server: chat ctx=208..258:50 gen=100 THINKING decoding chunk=24.54 t/s avg=14.73 t/s 6.788s
0810 14:22:46 ds4-server: chat ctx=258..308:50 gen=150 THINKING decoding chunk=28.40 t/s avg=17.55 t/s 8.548s
0810 14:22:47 ds4-server: chat ctx=308..358:50 gen=200 THINKING decoding chunk=27.14 t/s avg=19.25 t/s 10.391s
0810 14:22:49 ds4-server: chat ctx=358..408:50 gen=250 THINKING decoding chunk=24.94 t/s avg=20.17 t/s 12.395s
0810 14:22:51 ds4-server: chat ctx=408..458:50 gen=300 THINKING decoding chunk=26.17 t/s avg=20.97 t/s 14.306s
0810 14:22:53 ds4-server: chat ctx=458..508:50 gen=350 decoding chunk=26.52 t/s avg=21.62 t/s 16.191s
0810 14:22:55 ds4-server: chat ctx=508..558:50 gen=400 decoding chunk=26.80 t/s avg=22.15 t/s 18.057s
0810 14:22:57 ds4-server: chat ctx=558..605:47 gen=447 decoding chunk=26.17 t/s avg=22.52 t/s 19.853s
0810 14:22:57 ds4-server: thinking live checkpoint remembered ctx=0..158:158 live=605 visible=822
0810 14:22:57 ds4-server: chat ctx=0..158:158 gen=447 finish=stop 36.950s
0810 14:22:57 ds4-server: live kv cache miss live=605 prompt=140 common=45 reason=token-mismatch
0810 14:22:57 ds4-server: chat ctx=0..140:140 prompt start
0810 14:23:14 ds4-server: chat ctx=0..140:140 prompt done 17.288s
0810 14:23:19 ds4-server: chat ctx=140..190:50 gen=50 THINKING decoding chunk=11.51 t/s avg=11.51 t/s 4.343s
0810 14:23:21 ds4-server: chat ctx=190..240:50 gen=100 THINKING decoding chunk=23.74 t/s avg=15.50 t/s 6.450s
0810 14:23:23 ds4-server: chat ctx=240..290:50 gen=150 THINKING decoding chunk=22.86 t/s avg=17.37 t/s 8.637s
0810 14:23:25 ds4-server: chat ctx=290..340:50 gen=200 THINKING decoding chunk=25.59 t/s avg=18.89 t/s 10.590s
0810 14:23:27 ds4-server: chat ctx=340..390:50 gen=250 THINKING decoding chunk=23.83 t/s avg=19.70 t/s 12.688s
0810 14:23:29 ds4-server: chat ctx=390..440:50 gen=300 decoding chunk=21.95 t/s avg=20.05 t/s 14.966s
0810 14:23:31 ds4-server: chat ctx=440..490:50 gen=350 decoding chunk=25.86 t/s avg=20.71 t/s 16.899s
0810 14:23:33 ds4-server: chat ctx=490..540:50 gen=400 decoding chunk=27.06 t/s avg=21.34 t/s 18.747s
0810 14:23:35 ds4-server: chat ctx=540..590:50 gen=450 decoding chunk=27.48 t/s avg=21.88 t/s 20.566s
0810 14:23:35 ds4-server: chat ctx=590..595:5 gen=455 decoding chunk=27.44 t/s avg=21.93 t/s 20.748s
0810 14:23:35 ds4-server: thinking live checkpoint remembered ctx=0..140:140 live=595 visible=1201
0810 14:23:35 ds4-server: chat ctx=0..140:140 gen=455 finish=stop 38.037s
0810 14:23:35 ds4-server: live kv cache miss live=595 prompt=305 common=43 reason=token-mismatch
0810 14:23:35 ds4-server: chat ctx=0..305:305 prompt start
0810 14:23:55 ds4-server: chat ctx=0..305:305 prompt done 19.997s
0810 14:24:00 ds4-server: chat ctx=305..355:50 gen=50 THINKING decoding chunk=10.13 t/s avg=10.13 t/s 4.935s
0810 14:24:02 ds4-server: chat ctx=355..405:50 gen=100 THINKING decoding chunk=21.79 t/s avg=13.83 t/s 7.230s
0810 14:24:04 ds4-server: chat ctx=405..455:50 gen=150 THINKING decoding chunk=24.77 t/s avg=16.22 t/s 9.249s
0810 14:24:06 ds4-server: chat ctx=455..505:50 gen=200 THINKING decoding chunk=24.61 t/s avg=17.73 t/s 11.280s
0810 14:24:08 ds4-server: chat ctx=505..555:50 gen=250 THINKING decoding chunk=25.73 t/s avg=18.91 t/s 13.224s
0810 14:24:10 ds4-server: chat ctx=555..605:50 gen=300 THINKING decoding chunk=23.82 t/s avg=19.58 t/s 15.322s
0810 14:24:12 ds4-server: chat ctx=605..655:50 gen=350 THINKING decoding chunk=25.89 t/s avg=20.29 t/s 17.254s
0810 14:24:14 ds4-server: chat ctx=655..705:50 gen=400 THINKING decoding chunk=26.80 t/s avg=20.92 t/s 19.120s
0810 14:24:16 ds4-server: chat ctx=705..755:50 gen=450 THINKING decoding chunk=25.34 t/s avg=21.33 t/s 21.093s
0810 14:24:18 ds4-server: chat ctx=755..805:50 gen=500 THINKING decoding chunk=27.00 t/s avg=21.79 t/s 22.945s
0810 14:24:20 ds4-server: chat ctx=805..855:50 gen=550 THINKING decoding chunk=23.65 t/s avg=21.95 t/s 25.059s
0810 14:24:22 ds4-server: chat ctx=855..905:50 gen=600 THINKING decoding chunk=24.62 t/s avg=22.15 t/s 27.090s
0810 14:24:24 ds4-server: chat ctx=905..955:50 gen=650 THINKING decoding chunk=24.96 t/s avg=22.34 t/s 29.093s
0810 14:24:26 ds4-server: chat ctx=955..1005:50 gen=700 THINKING decoding chunk=23.76 t/s avg=22.44 t/s 31.198s
0810 14:24:28 ds4-server: chat ctx=1005..1055:50 gen=750 THINKING decoding chunk=25.10 t/s avg=22.60 t/s 33.190s
0810 14:24:30 ds4-server: chat ctx=1055..1105:50 gen=800 THINKING decoding chunk=22.92 t/s avg=22.62 t/s 35.371s
0810 14:24:32 ds4-server: chat ctx=1105..1155:50 gen=850 THINKING decoding chunk=25.40 t/s avg=22.76 t/s 37.340s
0810 14:24:34 ds4-server: chat ctx=1155..1205:50 gen=900 THINKING decoding chunk=23.00 t/s avg=22.78 t/s 39.514s
0810 14:24:37 ds4-server: chat ctx=1205..1255:50 gen=950 THINKING decoding chunk=24.48 t/s avg=22.86 t/s 41.556s
0810 14:24:39 ds4-server: chat ctx=1255..1305:50 gen=1000 THINKING decoding chunk=25.10 t/s avg=22.96 t/s 43.549s
0810 14:24:41 ds4-server: chat ctx=1305..1355:50 gen=1050 THINKING decoding chunk=24.07 t/s avg=23.01 t/s 45.626s
0810 14:24:43 ds4-server: chat ctx=1355..1405:50 gen=1100 THINKING decoding chunk=24.09 t/s avg=23.06 t/s 47.701s
0810 14:24:45 ds4-server: chat ctx=1405..1455:50 gen=1150 THINKING decoding chunk=24.53 t/s avg=23.12 t/s 49.740s
0810 14:24:47 ds4-server: chat ctx=1455..1505:50 gen=1200 THINKING decoding chunk=25.35 t/s avg=23.21 t/s 51.712s
0810 14:24:49 ds4-server: chat ctx=1505..1555:50 gen=1250 THINKING decoding chunk=21.01 t/s avg=23.11 t/s 54.091s
0810 14:24:51 ds4-server: chat ctx=1555..1605:50 gen=1300 THINKING decoding chunk=25.07 t/s avg=23.18 t/s 56.086s
0810 14:24:53 ds4-server: chat ctx=1605..1655:50 gen=1350 THINKING decoding chunk=25.31 t/s avg=23.25 t/s 58.061s
0810 14:24:55 ds4-server: chat ctx=1655..1705:50 gen=1400 THINKING decoding chunk=24.37 t/s avg=23.29 t/s 60.113s
0810 14:24:57 ds4-server: chat ctx=1705..1755:50 gen=1450 THINKING decoding chunk=25.37 t/s avg=23.36 t/s 62.083s
0810 14:24:59 ds4-server: chat ctx=1755..1805:50 gen=1500 THINKING decoding chunk=22.65 t/s avg=23.33 t/s 64.290s
0810 14:25:01 ds4-server: chat ctx=1805..1855:50 gen=1550 THINKING decoding chunk=22.57 t/s avg=23.31 t/s 66.506s
0810 14:25:04 ds4-server: chat ctx=1855..1905:50 gen=1600 THINKING decoding chunk=22.57 t/s avg=23.28 t/s 68.721s
0810 14:25:06 ds4-server: chat ctx=1905..1955:50 gen=1650 THINKING decoding chunk=19.04 t/s avg=23.13 t/s 71.347s
0810 14:25:09 ds4-server: chat ctx=1955..2005:50 gen=1700 THINKING decoding chunk=20.86 t/s avg=23.05 t/s 73.745s
0810 14:25:11 ds4-server: chat ctx=2005..2055:50 gen=1750 THINKING decoding chunk=22.57 t/s avg=23.04 t/s 75.960s
0810 14:25:13 ds4-server: chat ctx=2055..2105:50 gen=1800 THINKING decoding chunk=25.38 t/s avg=23.10 t/s 77.930s
0810 14:25:15 ds4-server: chat ctx=2105..2155:50 gen=1850 THINKING decoding chunk=26.76 t/s avg=23.18 t/s 79.799s
0810 14:25:17 ds4-server: chat ctx=2155..2205:50 gen=1900 THINKING decoding chunk=24.71 t/s avg=23.22 t/s 81.822s
0810 14:25:19 ds4-server: chat ctx=2205..2255:50 gen=1950 THINKING decoding chunk=26.25 t/s avg=23.29 t/s 83.727s
0810 14:25:21 ds4-server: chat ctx=2255..2305:50 gen=2000 THINKING decoding chunk=22.46 t/s avg=23.27 t/s 85.953s
0810 14:25:23 ds4-server: chat ctx=2305..2355:50 gen=2050 THINKING decoding chunk=25.14 t/s avg=23.31 t/s 87.942s
0810 14:25:25 ds4-server: chat ctx=2355..2405:50 gen=2100 THINKING decoding chunk=24.12 t/s avg=23.33 t/s 90.015s
0810 14:25:27 ds4-server: chat ctx=2405..2455:50 gen=2150 THINKING decoding chunk=23.49 t/s avg=23.33 t/s 92.143s
0810 14:25:29 ds4-server: chat ctx=2455..2505:50 gen=2200 decoding chunk=21.36 t/s avg=23.28 t/s 94.484s
0810 14:25:32 ds4-server: chat ctx=2505..2555:50 gen=2250 decoding chunk=19.80 t/s avg=23.19 t/s 97.009s
0810 14:25:34 ds4-server: chat ctx=2555..2605:50 gen=2300 decoding chunk=21.05 t/s avg=23.14 t/s 99.385s
0810 14:25:37 ds4-server: chat ctx=2605..2655:50 gen=2350 decoding chunk=22.04 t/s avg=23.12 t/s 101.653s
0810 14:25:39 ds4-server: chat ctx=2655..2705:50 gen=2400 decoding chunk=22.96 t/s avg=23.11 t/s 103.831s
0810 14:25:41 ds4-server: chat ctx=2705..2755:50 gen=2450 decoding chunk=25.19 t/s avg=23.15 t/s 105.816s
0810 14:25:43 ds4-server: chat ctx=2755..2805:50 gen=2500 decoding chunk=21.94 t/s avg=23.13 t/s 108.094s
0810 14:25:45 ds4-server: chat ctx=2805..2855:50 gen=2550 decoding chunk=22.55 t/s avg=23.12 t/s 110.312s
0810 14:25:47 ds4-server: chat ctx=2855..2905:50 gen=2600 decoding chunk=24.49 t/s avg=23.14 t/s 112.354s
0810 14:25:49 ds4-server: chat ctx=2905..2955:50 gen=2650 decoding chunk=24.25 t/s avg=23.16 t/s 114.415s
0810 14:25:51 ds4-server: chat ctx=2955..2998:43 gen=2693 decoding chunk=26.23 t/s avg=23.20 t/s 116.054s
0810 14:25:51 ds4-server: thinking live checkpoint remembered ctx=0..305:305 live=2998 visible=2563
0810 14:25:51 ds4-server: chat ctx=0..305:305 gen=2693 finish=stop 136.053s
0810 14:25:51 ds4-server: live kv cache miss live=2998 prompt=194 common=43 reason=token-mismatch
0810 14:25:51 ds4-server: chat ctx=0..194:194 prompt start
0810 14:26:11 ds4-server: chat ctx=0..194:194 prompt done 19.756s
0810 14:26:16 ds4-server: chat ctx=194..244:50 gen=50 THINKING decoding chunk=9.78 t/s avg=9.78 t/s 5.110s
0810 14:26:18 ds4-server: chat ctx=244..294:50 gen=100 THINKING decoding chunk=22.74 t/s avg=13.68 t/s 7.309s
0810 14:26:21 ds4-server: chat ctx=294..344:50 gen=150 THINKING decoding chunk=19.45 t/s avg=15.18 t/s 9.880s
0810 14:26:23 ds4-server: chat ctx=344..394:50 gen=200 THINKING decoding chunk=23.92 t/s avg=16.71 t/s 11.971s
0810 14:26:25 ds4-server: chat ctx=394..444:50 gen=250 THINKING decoding chunk=26.20 t/s avg=18.01 t/s 13.879s
0810 14:26:27 ds4-server: chat ctx=444..494:50 gen=300 THINKING decoding chunk=27.15 t/s avg=19.08 t/s 15.720s
0810 14:26:28 ds4-server: chat ctx=494..544:50 gen=350 THINKING decoding chunk=25.91 t/s avg=19.83 t/s 17.650s
0810 14:26:31 ds4-server: chat ctx=544..594:50 gen=400 THINKING decoding chunk=22.66 t/s avg=20.14 t/s 19.856s
0810 14:26:33 ds4-server: chat ctx=594..644:50 gen=450 THINKING decoding chunk=24.87 t/s avg=20.58 t/s 21.867s
0810 14:26:35 ds4-server: chat ctx=644..694:50 gen=500 THINKING decoding chunk=24.91 t/s avg=20.94 t/s 23.874s
0810 14:26:37 ds4-server: chat ctx=694..744:50 gen=550 decoding chunk=21.73 t/s avg=21.01 t/s 26.175s
0810 14:26:39 ds4-server: chat ctx=744..794:50 gen=600 decoding chunk=21.12 t/s avg=21.02 t/s 28.542s
0810 14:26:41 ds4-server: chat ctx=794..844:50 gen=650 decoding chunk=23.74 t/s avg=21.21 t/s 30.648s
0810 14:26:43 ds4-server: chat ctx=844..894:50 gen=700 decoding chunk=26.47 t/s avg=21.51 t/s 32.537s
0810 14:26:45 ds4-server: chat ctx=894..944:50 gen=750 decoding chunk=27.30 t/s avg=21.82 t/s 34.369s
0810 14:26:45 ds4-server: chat ctx=944..948:4 gen=754 decoding chunk=25.76 t/s avg=21.84 t/s 34.524s
0810 14:26:45 ds4-server: thinking live checkpoint remembered ctx=0..194:194 live=948 visible=1389
0810 14:26:45 ds4-server: chat ctx=0..194:194 gen=754 finish=stop 54.280s
0810 14:26:45 ds4-server: live kv cache miss live=948 prompt=114 common=45 reason=token-mismatch
0810 14:26:45 ds4-server: chat ctx=0..114:114 prompt start
0810 14:27:03 ds4-server: chat ctx=0..114:114 prompt done 17.758s
0810 14:27:07 ds4-server: chat ctx=114..164:50 gen=50 THINKING decoding chunk=11.43 t/s avg=11.43 t/s 4.374s
0810 14:27:10 ds4-server: chat ctx=164..214:50 gen=100 THINKING decoding chunk=22.48 t/s avg=15.16 t/s 6.598s
0810 14:27:12 ds4-server: chat ctx=214..264:50 gen=150 THINKING decoding chunk=25.75 t/s avg=17.56 t/s 8.540s
0810 14:27:14 ds4-server: chat ctx=264..314:50 gen=200 THINKING decoding chunk=24.97 t/s avg=18.97 t/s 10.542s
0810 14:27:16 ds4-server: chat ctx=314..364:50 gen=250 THINKING decoding chunk=25.79 t/s avg=20.03 t/s 12.481s
0810 14:27:17 ds4-server: chat ctx=364..414:50 gen=300 THINKING decoding chunk=27.47 t/s avg=20.98 t/s 14.301s
0810 14:27:19 ds4-server: chat ctx=414..464:50 gen=350 decoding chunk=27.41 t/s avg=21.70 t/s 16.125s
0810 14:27:21 ds4-server: chat ctx=464..514:50 gen=400 decoding chunk=25.79 t/s avg=22.14 t/s 18.064s
0810 14:27:21 ds4-server: chat ctx=514..515:1 gen=401 decoding chunk=29.13 t/s avg=22.16 t/s 18.098s
0810 14:27:21 ds4-server: thinking live checkpoint remembered ctx=0..114:114 live=515 visible=651
0810 14:27:21 ds4-server: chat ctx=0..114:114 gen=401 finish=stop 35.856s
0810 14:27:21 ds4-server: live kv cache miss live=515 prompt=121 common=45 reason=token-mismatch
0810 14:27:21 ds4-server: chat ctx=0..121:121 prompt start
0810 14:27:42 ds4-server: chat ctx=0..121:121 prompt done 21.188s
0810 14:27:47 ds4-server: chat ctx=121..171:50 gen=50 THINKING decoding chunk=10.91 t/s avg=10.91 t/s 4.581s
0810 14:27:49 ds4-server: chat ctx=171..221:50 gen=100 THINKING decoding chunk=25.60 t/s avg=15.30 t/s 6.534s
0810 14:27:51 ds4-server: chat ctx=221..271:50 gen=150 THINKING decoding chunk=25.32 t/s avg=17.63 t/s 8.508s
0810 14:27:53 ds4-server: chat ctx=271..321:50 gen=200 THINKING decoding chunk=26.85 t/s avg=19.29 t/s 10.371s
0810 14:27:55 ds4-server: chat ctx=321..371:50 gen=250 THINKING decoding chunk=25.56 t/s avg=20.28 t/s 12.327s
0810 14:27:57 ds4-server: chat ctx=371..421:50 gen=300 THINKING decoding chunk=26.72 t/s avg=21.13 t/s 14.198s
0810 14:27:59 ds4-server: chat ctx=421..471:50 gen=350 decoding chunk=26.43 t/s avg=21.75 t/s 16.089s
0810 14:28:00 ds4-server: chat ctx=471..517:46 gen=396 decoding chunk=26.15 t/s avg=22.19 t/s 17.848s
0810 14:28:00 ds4-server: thinking live checkpoint remembered ctx=0..121:121 live=517 visible=715
0810 14:28:00 ds4-server: chat ctx=0..121:121 gen=396 finish=stop 39.037s
0810 14:28:00 ds4-server: live kv cache miss live=517 prompt=121 common=45 reason=token-mismatch
0810 14:28:00 ds4-server: chat ctx=0..121:121 prompt start
0810 14:28:19 ds4-server: chat ctx=0..121:121 prompt done 18.682s
0810 14:28:23 ds4-server: chat ctx=121..171:50 gen=50 THINKING decoding chunk=11.25 t/s avg=11.25 t/s 4.445s
0810 14:28:25 ds4-server: chat ctx=171..221:50 gen=100 THINKING decoding chunk=25.05 t/s avg=15.52 t/s 6.441s
0810 14:28:27 ds4-server: chat ctx=221..271:50 gen=150 THINKING decoding chunk=24.32 t/s avg=17.65 t/s 8.497s
0810 14:28:30 ds4-server: chat ctx=271..321:50 gen=200 THINKING decoding chunk=23.13 t/s avg=18.76 t/s 10.658s
0810 14:28:32 ds4-server: chat ctx=321..371:50 gen=250 THINKING decoding chunk=25.81 t/s avg=19.85 t/s 12.596s
0810 14:28:33 ds4-server: chat ctx=371..421:50 gen=300 THINKING decoding chunk=25.98 t/s avg=20.66 t/s 14.520s
0810 14:28:36 ds4-server: chat ctx=421..471:50 gen=350 THINKING decoding chunk=23.85 t/s avg=21.06 t/s 16.617s
0810 14:28:38 ds4-server: chat ctx=471..521:50 gen=400 THINKING decoding chunk=24.16 t/s avg=21.41 t/s 18.686s
0810 14:28:40 ds4-server: chat ctx=521..571:50 gen=450 decoding chunk=24.45 t/s avg=21.71 t/s 20.732s
0810 14:28:42 ds4-server: chat ctx=571..621:50 gen=500 decoding chunk=25.54 t/s avg=22.04 t/s 22.690s
0810 14:28:44 ds4-server: chat ctx=621..671:50 gen=550 decoding chunk=26.93 t/s avg=22.41 t/s 24.546s
0810 14:28:44 ds4-server: chat ctx=671..694:23 gen=573 decoding chunk=27.14 t/s avg=22.56 t/s 25.394s
0810 14:28:44 ds4-server: thinking live checkpoint remembered ctx=0..121:121 live=694 visible=918
0810 14:28:44 ds4-server: chat ctx=0..121:121 gen=573 finish=stop 44.076s
0810 14:28:44 ds4-server: live kv cache miss live=694 prompt=167 common=45 reason=token-mismatch
0810 14:28:44 ds4-server: chat ctx=0..167:167 prompt start
0810 14:29:02 ds4-server: chat ctx=0..167:167 prompt done 17.459s
0810 14:29:07 ds4-server: chat ctx=167..217:50 gen=50 THINKING decoding chunk=10.36 t/s avg=10.36 t/s 4.826s
0810 14:29:09 ds4-server: chat ctx=217..267:50 gen=100 THINKING decoding chunk=22.56 t/s avg=14.20 t/s 7.042s
0810 14:29:11 ds4-server: chat ctx=267..317:50 gen=150 THINKING decoding chunk=24.65 t/s avg=16.54 t/s 9.070s
0810 14:29:13 ds4-server: chat ctx=317..367:50 gen=200 THINKING decoding chunk=25.63 t/s avg=18.15 t/s 11.021s
0810 14:29:15 ds4-server: chat ctx=367..417:50 gen=250 THINKING decoding chunk=25.46 t/s avg=19.25 t/s 12.985s
0810 14:29:17 ds4-server: chat ctx=417..467:50 gen=300 THINKING decoding chunk=25.26 t/s avg=20.05 t/s 14.965s
0810 14:29:19 ds4-server: chat ctx=467..517:50 gen=350 THINKING decoding chunk=25.18 t/s avg=20.65 t/s 16.951s
0810 14:29:21 ds4-server: chat ctx=517..567:50 gen=400 THINKING decoding chunk=25.98 t/s avg=21.19 t/s 18.875s
0810 14:29:23 ds4-server: chat ctx=567..617:50 gen=450 THINKING decoding chunk=25.69 t/s avg=21.61 t/s 20.822s
0810 14:29:25 ds4-server: chat ctx=617..667:50 gen=500 decoding chunk=24.78 t/s avg=21.89 t/s 22.840s
0810 14:29:25 ds4-server: chat ctx=667..671:4 gen=504 decoding chunk=27.59 t/s avg=21.93 t/s 22.985s
0810 14:29:25 ds4-server: thinking live checkpoint remembered ctx=0..167:167 live=671 visible=785
0810 14:29:25 ds4-server: chat ctx=0..167:167 gen=504 finish=stop 40.444s
0810 14:29:25 ds4-server: live kv cache miss live=671 prompt=202 common=45 reason=token-mismatch
0810 14:29:25 ds4-server: chat ctx=0..202:202 prompt start
0810 14:29:44 ds4-server: chat ctx=0..202:202 prompt done 18.879s
0810 14:29:48 ds4-server: chat ctx=202..252:50 gen=50 THINKING decoding chunk=11.35 t/s avg=11.35 t/s 4.404s
0810 14:29:50 ds4-server: chat ctx=252..302:50 gen=100 THINKING decoding chunk=24.35 t/s avg=15.49 t/s 6.458s
0810 14:29:52 ds4-server: chat ctx=302..352:50 gen=150 THINKING decoding chunk=24.90 t/s avg=17.72 t/s 8.466s
0810 14:29:54 ds4-server: chat ctx=352..402:50 gen=200 THINKING decoding chunk=22.92 t/s avg=18.78 t/s 10.647s
0810 14:29:56 ds4-server: chat ctx=402..452:50 gen=250 THINKING decoding chunk=24.16 t/s avg=19.66 t/s 12.717s
0810 14:29:59 ds4-server: chat ctx=452..502:50 gen=300 THINKING decoding chunk=23.75 t/s avg=20.24 t/s 14.823s
0810 14:30:01 ds4-server: chat ctx=502..552:50 gen=350 THINKING decoding chunk=22.96 t/s avg=20.59 t/s 17.000s
0810 14:30:03 ds4-server: chat ctx=552..602:50 gen=400 THINKING decoding chunk=25.97 t/s avg=21.13 t/s 18.926s
0810 14:30:05 ds4-server: chat ctx=602..652:50 gen=450 THINKING decoding chunk=24.25 t/s avg=21.44 t/s 20.988s
0810 14:30:07 ds4-server: chat ctx=652..702:50 gen=500 THINKING decoding chunk=26.26 t/s avg=21.84 t/s 22.892s
0810 14:30:08 ds4-server: chat ctx=702..752:50 gen=550 decoding chunk=26.33 t/s avg=22.19 t/s 24.791s
0810 14:30:10 ds4-server: chat ctx=752..802:50 gen=600 decoding chunk=26.63 t/s avg=22.50 t/s 26.668s
0810 14:30:12 ds4-server: chat ctx=802..852:50 gen=650 decoding chunk=27.18 t/s avg=22.80 t/s 28.508s
0810 14:30:13 ds4-server: chat ctx=852..875:23 gen=673 decoding chunk=27.46 t/s avg=22.93 t/s 29.345s
0810 14:30:13 ds4-server: thinking live checkpoint remembered ctx=0..202:202 live=875 visible=1349
0810 14:30:13 ds4-server: chat ctx=0..202:202 gen=673 finish=stop 48.225s
0810 14:30:13 ds4-server: live kv cache miss live=875 prompt=133 common=45 reason=token-mismatch
0810 14:30:13 ds4-server: chat ctx=0..133:133 prompt start
0810 14:30:35 ds4-server: chat ctx=0..133:133 prompt done 22.005s
0810 14:30:40 ds4-server: chat ctx=133..183:50 gen=50 THINKING decoding chunk=9.93 t/s avg=9.93 t/s 5.034s
0810 14:30:42 ds4-server: chat ctx=183..233:50 gen=100 THINKING decoding chunk=23.58 t/s avg=13.98 t/s 7.154s
0810 14:30:44 ds4-server: chat ctx=233..283:50 gen=150 THINKING decoding chunk=23.55 t/s avg=16.17 t/s 9.277s
0810 14:30:47 ds4-server: chat ctx=283..333:50 gen=200 THINKING decoding chunk=22.25 t/s avg=17.35 t/s 11.525s
0810 14:30:49 ds4-server: chat ctx=333..383:50 gen=250 THINKING decoding chunk=23.07 t/s avg=18.26 t/s 13.692s
0810 14:30:51 ds4-server: chat ctx=383..433:50 gen=300 THINKING decoding chunk=24.04 t/s avg=19.02 t/s 15.772s
0810 14:30:53 ds4-server: chat ctx=433..483:50 gen=350 THINKING decoding chunk=26.91 t/s avg=19.85 t/s 17.630s
0810 14:30:55 ds4-server: chat ctx=483..533:50 gen=400 THINKING decoding chunk=25.26 t/s avg=20.40 t/s 19.610s
0810 14:30:56 ds4-server: chat ctx=533..583:50 gen=450 THINKING decoding chunk=28.40 t/s avg=21.06 t/s 21.371s
0810 14:30:58 ds4-server: chat ctx=583..633:50 gen=500 THINKING decoding chunk=27.17 t/s avg=21.54 t/s 23.211s
0810 14:31:00 ds4-server: chat ctx=633..683:50 gen=550 THINKING decoding chunk=25.58 t/s avg=21.86 t/s 25.165s
0810 14:31:02 ds4-server: chat ctx=683..733:50 gen=600 THINKING decoding chunk=22.48 t/s avg=21.91 t/s 27.389s
0810 14:31:05 ds4-server: chat ctx=733..783:50 gen=650 THINKING decoding chunk=23.32 t/s avg=22.01 t/s 29.533s
0810 14:31:07 ds4-server: chat ctx=783..833:50 gen=700 THINKING decoding chunk=25.87 t/s avg=22.25 t/s 31.466s
0810 14:31:09 ds4-server: chat ctx=833..883:50 gen=750 THINKING decoding chunk=24.24 t/s avg=22.37 t/s 33.529s
0810 14:31:11 ds4-server: chat ctx=883..933:50 gen=800 THINKING decoding chunk=23.59 t/s avg=22.44 t/s 35.649s
0810 14:31:13 ds4-server: chat ctx=933..983:50 gen=850 THINKING decoding chunk=22.66 t/s avg=22.45 t/s 37.855s
0810 14:31:15 ds4-server: chat ctx=983..1033:50 gen=900 decoding chunk=23.41 t/s avg=22.50 t/s 39.991s
0810 14:31:17 ds4-server: chat ctx=1033..1083:50 gen=950 decoding chunk=20.93 t/s avg=22.42 t/s 42.380s
0810 14:31:20 ds4-server: chat ctx=1083..1133:50 gen=1000 decoding chunk=23.15 t/s avg=22.45 t/s 44.539s
0810 14:31:22 ds4-server: chat ctx=1133..1183:50 gen=1050 decoding chunk=22.91 t/s avg=22.47 t/s 46.721s
0810 14:31:24 ds4-server: chat ctx=1183..1233:50 gen=1100 decoding chunk=24.87 t/s avg=22.57 t/s 48.732s
0810 14:31:25 ds4-server: chat ctx=1233..1274:41 gen=1141 decoding chunk=26.39 t/s avg=22.69 t/s 50.286s
0810 14:31:25 ds4-server: thinking live checkpoint remembered ctx=0..133:133 live=1274 visible=1391
0810 14:31:25 ds4-server: chat ctx=0..133:133 gen=1141 finish=stop 72.291s
0810 14:31:25 ds4-server: live kv cache miss live=1274 prompt=207 common=45 reason=token-mismatch
0810 14:31:25 ds4-server: chat ctx=0..207:207 prompt start
0810 14:31:43 ds4-server: chat ctx=0..207:207 prompt done 17.260s
0810 14:31:47 ds4-server: chat ctx=207..257:50 gen=50 THINKING decoding chunk=10.67 t/s avg=10.67 t/s 4.685s
0810 14:31:50 ds4-server: chat ctx=257..307:50 gen=100 THINKING decoding chunk=20.44 t/s avg=14.02 t/s 7.131s
0810 14:31:52 ds4-server: chat ctx=307..357:50 gen=150 THINKING decoding chunk=23.89 t/s avg=16.26 t/s 9.225s
0810 14:31:54 ds4-server: chat ctx=357..407:50 gen=200 THINKING decoding chunk=22.64 t/s avg=17.49 t/s 11.433s
0810 14:31:56 ds4-server: chat ctx=407..457:50 gen=250 THINKING decoding chunk=26.66 t/s avg=18.78 t/s 13.309s
0810 14:31:58 ds4-server: chat ctx=457..507:50 gen=300 THINKING decoding chunk=25.33 t/s avg=19.63 t/s 15.282s
0810 14:32:00 ds4-server: chat ctx=507..557:50 gen=350 THINKING decoding chunk=27.58 t/s avg=20.47 t/s 17.095s
0810 14:32:02 ds4-server: chat ctx=557..607:50 gen=400 THINKING decoding chunk=23.78 t/s avg=20.84 t/s 19.198s
0810 14:32:04 ds4-server: chat ctx=607..657:50 gen=450 THINKING decoding chunk=23.77 t/s avg=21.13 t/s 21.301s
0810 14:32:06 ds4-server: chat ctx=657..707:50 gen=500 THINKING decoding chunk=26.29 t/s avg=21.55 t/s 23.203s
0810 14:32:08 ds4-server: chat ctx=707..757:50 gen=550 THINKING decoding chunk=25.09 t/s avg=21.83 t/s 25.196s
0810 14:32:10 ds4-server: chat ctx=757..807:50 gen=600 THINKING decoding chunk=22.20 t/s avg=21.86 t/s 27.448s
0810 14:32:12 ds4-server: chat ctx=807..857:50 gen=650 THINKING decoding chunk=25.94 t/s avg=22.13 t/s 29.376s
0810 14:32:14 ds4-server: chat ctx=857..907:50 gen=700 THINKING decoding chunk=22.08 t/s avg=22.12 t/s 31.641s
0810 14:32:16 ds4-server: chat ctx=907..957:50 gen=750 THINKING decoding chunk=22.71 t/s avg=22.16 t/s 33.843s
0810 14:32:19 ds4-server: chat ctx=957..1007:50 gen=800 THINKING decoding chunk=24.61 t/s avg=22.30 t/s 35.874s
0810 14:32:21 ds4-server: chat ctx=1007..1057:50 gen=850 THINKING decoding chunk=22.16 t/s avg=22.29 t/s 38.130s
0810 14:32:23 ds4-server: chat ctx=1057..1107:50 gen=900 THINKING decoding chunk=24.58 t/s avg=22.41 t/s 40.165s
0810 14:32:25 ds4-server: chat ctx=1107..1157:50 gen=950 decoding chunk=22.47 t/s avg=22.41 t/s 42.390s
0810 14:32:27 ds4-server: chat ctx=1157..1207:50 gen=1000 decoding chunk=27.76 t/s avg=22.63 t/s 44.192s
0810 14:32:29 ds4-server: chat ctx=1207..1257:50 gen=1050 decoding chunk=28.56 t/s avg=22.85 t/s 45.942s
0810 14:32:30 ds4-server: chat ctx=1257..1307:50 gen=1100 decoding chunk=27.64 t/s avg=23.04 t/s 47.751s
0810 14:32:32 ds4-server: chat ctx=1307..1357:50 gen=1150 decoding chunk=28.88 t/s avg=23.24 t/s 49.482s
0810 14:32:33 ds4-server: chat ctx=1357..1391:34 gen=1184 decoding chunk=29.39 t/s avg=23.38 t/s 50.639s
0810 14:32:33 ds4-server: thinking live checkpoint remembered ctx=0..207:207 live=1391 visible=1626
0810 14:32:33 ds4-server: chat ctx=0..207:207 gen=1184 finish=stop 67.900s
0810 14:32:33 ds4-server: live kv cache miss live=1391 prompt=195 common=45 reason=token-mismatch
0810 14:32:33 ds4-server: chat ctx=0..195:195 prompt start
0810 14:32:51 ds4-server: chat ctx=0..195:195 prompt done 17.203s
0810 14:32:56 ds4-server: chat ctx=195..245:50 gen=50 THINKING decoding chunk=8.36 t/s avg=8.36 t/s 5.983s
0810 14:32:59 ds4-server: chat ctx=245..295:50 gen=100 THINKING decoding chunk=20.44 t/s avg=11.86 t/s 8.430s
0810 14:33:01 ds4-server: chat ctx=295..345:50 gen=150 THINKING decoding chunk=24.12 t/s avg=14.28 t/s 10.503s
0810 14:33:03 ds4-server: chat ctx=345..395:50 gen=200 THINKING decoding chunk=24.46 t/s avg=15.94 t/s 12.547s
0810 14:33:05 ds4-server: chat ctx=395..445:50 gen=250 THINKING decoding chunk=24.04 t/s avg=17.09 t/s 14.627s
0810 14:33:07 ds4-server: chat ctx=445..495:50 gen=300 THINKING decoding chunk=25.68 t/s avg=18.10 t/s 16.574s
0810 14:33:09 ds4-server: chat ctx=495..545:50 gen=350 THINKING decoding chunk=26.57 t/s avg=18.96 t/s 18.455s
0810 14:33:11 ds4-server: chat ctx=545..595:50 gen=400 THINKING decoding chunk=25.69 t/s avg=19.61 t/s 20.402s
0810 14:33:13 ds4-server: chat ctx=595..645:50 gen=450 THINKING decoding chunk=21.77 t/s avg=19.83 t/s 22.698s
0810 14:33:15 ds4-server: chat ctx=645..695:50 gen=500 THINKING decoding chunk=26.46 t/s avg=20.34 t/s 24.588s
0810 14:33:17 ds4-server: chat ctx=695..745:50 gen=550 THINKING decoding chunk=25.16 t/s avg=20.70 t/s 26.575s
0810 14:33:19 ds4-server: chat ctx=745..795:50 gen=600 THINKING decoding chunk=26.47 t/s avg=21.08 t/s 28.464s
0810 14:33:21 ds4-server: chat ctx=795..845:50 gen=650 decoding chunk=25.22 t/s avg=21.35 t/s 30.446s
0810 14:33:22 ds4-server: chat ctx=845..860:15 gen=665 decoding chunk=21.75 t/s avg=21.36 t/s 31.136s
0810 14:33:22 ds4-server: thinking live checkpoint remembered ctx=0..195:195 live=860 visible=1025
0810 14:33:22 ds4-server: chat ctx=0..195:195 gen=665 finish=stop 48.340s
0810 14:33:22 ds4-server: live kv cache miss live=860 prompt=153 common=45 reason=token-mismatch
0810 14:33:22 ds4-server: chat ctx=0..153:153 prompt start
0810 14:33:42 ds4-server: chat ctx=0..153:153 prompt done 20.067s
0810 14:33:46 ds4-server: chat ctx=153..203:50 gen=50 THINKING decoding chunk=11.02 t/s avg=11.02 t/s 4.539s
0810 14:33:48 ds4-server: chat ctx=203..253:50 gen=100 THINKING decoding chunk=24.35 t/s avg=15.17 t/s 6.592s
0810 14:33:51 ds4-server: chat ctx=253..303:50 gen=150 THINKING decoding chunk=21.70 t/s avg=16.86 t/s 8.896s
0810 14:33:53 ds4-server: chat ctx=303..353:50 gen=200 THINKING decoding chunk=24.40 t/s avg=18.27 t/s 10.945s
0810 14:33:55 ds4-server: chat ctx=353..403:50 gen=250 decoding chunk=26.16 t/s avg=19.45 t/s 12.856s
0810 14:33:56 ds4-server: chat ctx=403..453:50 gen=300 decoding chunk=27.33 t/s avg=20.43 t/s 14.686s
0810 14:33:58 ds4-server: chat ctx=453..503:50 gen=350 decoding chunk=28.20 t/s avg=21.27 t/s 16.459s
0810 14:33:59 ds4-server: chat ctx=503..518:15 gen=365 decoding chunk=29.35 t/s avg=21.51 t/s 16.970s
0810 14:33:59 ds4-server: thinking live checkpoint remembered ctx=0..153:153 live=518 visible=781
0810 14:33:59 ds4-server: chat ctx=0..153:153 gen=365 finish=stop 37.038s
0810 14:33:59 ds4-server: live kv cache miss live=518 prompt=198 common=45 reason=token-mismatch
0810 14:33:59 ds4-server: chat ctx=0..198:198 prompt start
0810 14:34:15 ds4-server: chat ctx=0..198:198 prompt done 16.647s
0810 14:34:20 ds4-server: chat ctx=198..248:50 gen=50 THINKING decoding chunk=10.92 t/s avg=10.92 t/s 4.577s
0810 14:34:22 ds4-server: chat ctx=248..298:50 gen=100 THINKING decoding chunk=23.57 t/s avg=14.93 t/s 6.699s
0810 14:34:24 ds4-server: chat ctx=298..348:50 gen=150 THINKING decoding chunk=25.63 t/s avg=17.34 t/s 8.649s
0810 14:34:26 ds4-server: chat ctx=348..398:50 gen=200 THINKING decoding chunk=25.14 t/s avg=18.80 t/s 10.638s
0810 14:34:28 ds4-server: chat ctx=398..448:50 gen=250 THINKING decoding chunk=26.75 t/s avg=19.99 t/s 12.507s
0810 14:34:30 ds4-server: chat ctx=448..498:50 gen=300 THINKING decoding chunk=28.47 t/s avg=21.03 t/s 14.263s
0810 14:34:31 ds4-server: chat ctx=498..548:50 gen=350 THINKING decoding chunk=27.52 t/s avg=21.77 t/s 16.080s
0810 14:34:33 ds4-server: chat ctx=548..598:50 gen=400 THINKING decoding chunk=26.34 t/s avg=22.25 t/s 17.978s
0810 14:34:35 ds4-server: chat ctx=598..648:50 gen=450 THINKING decoding chunk=25.17 t/s avg=22.54 t/s 19.965s
0810 14:34:37 ds4-server: chat ctx=648..698:50 gen=500 THINKING decoding chunk=25.33 t/s avg=22.79 t/s 21.939s
0810 14:34:39 ds4-server: chat ctx=698..748:50 gen=550 THINKING decoding chunk=29.38 t/s avg=23.26 t/s 23.641s
0810 14:34:41 ds4-server: chat ctx=748..798:50 gen=600 THINKING decoding chunk=28.10 t/s avg=23.60 t/s 25.420s
0810 14:34:43 ds4-server: chat ctx=798..848:50 gen=650 THINKING decoding chunk=26.88 t/s avg=23.83 t/s 27.280s
0810 14:34:44 ds4-server: chat ctx=848..898:50 gen=700 THINKING decoding chunk=27.10 t/s avg=24.03 t/s 29.126s
0810 14:34:46 ds4-server: chat ctx=898..948:50 gen=750 THINKING decoding chunk=27.06 t/s avg=24.21 t/s 30.973s
0810 14:34:48 ds4-server: chat ctx=948..998:50 gen=800 THINKING decoding chunk=27.27 t/s avg=24.39 t/s 32.807s
0810 14:34:50 ds4-server: chat ctx=998..1048:50 gen=850 THINKING decoding chunk=28.14 t/s avg=24.58 t/s 34.584s
0810 14:34:52 ds4-server: chat ctx=1048..1098:50 gen=900 THINKING decoding chunk=27.31 t/s avg=24.72 t/s 36.415s
0810 14:34:54 ds4-server: chat ctx=1098..1148:50 gen=950 THINKING decoding chunk=28.12 t/s avg=24.87 t/s 38.193s
0810 14:34:56 ds4-server: chat ctx=1148..1198:50 gen=1000 THINKING decoding chunk=22.22 t/s avg=24.73 t/s 40.443s
0810 14:34:58 ds4-server: chat ctx=1198..1248:50 gen=1050 decoding chunk=22.19 t/s avg=24.59 t/s 42.697s
0810 14:35:00 ds4-server: chat ctx=1248..1298:50 gen=1100 decoding chunk=21.44 t/s avg=24.43 t/s 45.029s
0810 14:35:02 ds4-server: chat ctx=1298..1348:50 gen=1150 decoding chunk=26.17 t/s avg=24.50 t/s 46.940s
0810 14:35:04 ds4-server: chat ctx=1348..1398:50 gen=1200 decoding chunk=24.81 t/s avg=24.51 t/s 48.955s
0810 14:35:05 ds4-server: chat ctx=1398..1419:21 gen=1221 decoding chunk=21.23 t/s avg=24.45 t/s 49.944s
0810 14:35:05 ds4-server: thinking live checkpoint remembered ctx=0..198:198 live=1419 visible=1374
0810 14:35:05 ds4-server: chat ctx=0..198:198 gen=1221 finish=stop 66.591s
0810 14:35:05 ds4-server: live kv cache miss live=1419 prompt=132 common=45 reason=token-mismatch
0810 14:35:05 ds4-server: chat ctx=0..132:132 prompt start
0810 14:35:23 ds4-server: chat ctx=0..132:132 prompt done 17.191s
0810 14:35:27 ds4-server: chat ctx=132..182:50 gen=50 THINKING decoding chunk=10.90 t/s avg=10.90 t/s 4.586s
0810 14:35:29 ds4-server: chat ctx=182..232:50 gen=100 THINKING decoding chunk=23.95 t/s avg=14.98 t/s 6.673s
0810 14:35:31 ds4-server: chat ctx=232..282:50 gen=150 THINKING decoding chunk=23.67 t/s avg=17.07 t/s 8.786s
0810 14:35:33 ds4-server: chat ctx=282..332:50 gen=200 THINKING decoding chunk=25.10 t/s avg=18.56 t/s 10.778s
0810 14:35:35 ds4-server: chat ctx=332..382:50 gen=250 THINKING decoding chunk=24.60 t/s avg=19.52 t/s 12.810s
0810 14:35:37 ds4-server: chat ctx=382..432:50 gen=300 THINKING decoding chunk=24.62 t/s avg=20.21 t/s 14.841s
0810 14:35:39 ds4-server: chat ctx=432..482:50 gen=350 THINKING decoding chunk=24.59 t/s avg=20.74 t/s 16.875s
0810 14:35:41 ds4-server: chat ctx=482..532:50 gen=400 THINKING decoding chunk=25.97 t/s avg=21.28 t/s 18.799s
0810 14:35:43 ds4-server: chat ctx=532..582:50 gen=450 decoding chunk=26.03 t/s avg=21.72 t/s 20.720s
0810 14:35:45 ds4-server: chat ctx=582..632:50 gen=500 decoding chunk=28.00 t/s avg=22.22 t/s 22.506s
0810 14:35:47 ds4-server: chat ctx=632..676:44 gen=544 decoding chunk=28.33 t/s avg=22.61 t/s 24.059s
0810 14:35:47 ds4-server: thinking live checkpoint remembered ctx=0..132:132 live=676 visible=1071
0810 14:35:47 ds4-server: chat ctx=0..132:132 gen=544 finish=stop 41.251s
0810 14:35:47 ds4-server: live kv cache miss live=676 prompt=86 common=45 reason=token-mismatch
0810 14:35:47 ds4-server: chat ctx=0..86:86 prompt start
0810 14:36:04 ds4-server: chat ctx=0..86:86 prompt done 17.087s
0810 14:36:08 ds4-server: chat ctx=86..136:50 gen=50 THINKING decoding chunk=11.01 t/s avg=11.01 t/s 4.541s
0810 14:36:10 ds4-server: chat ctx=136..186:50 gen=100 THINKING decoding chunk=23.18 t/s avg=14.93 t/s 6.698s
0810 14:36:12 ds4-server: chat ctx=186..236:50 gen=150 THINKING decoding chunk=25.07 t/s avg=17.26 t/s 8.693s
0810 14:36:14 ds4-server: chat ctx=236..286:50 gen=200 THINKING decoding chunk=25.92 t/s avg=18.83 t/s 10.622s
0810 14:36:16 ds4-server: chat ctx=286..336:50 gen=250 THINKING decoding chunk=25.24 t/s avg=19.84 t/s 12.603s
0810 14:36:18 ds4-server: chat ctx=336..386:50 gen=300 decoding chunk=26.53 t/s avg=20.71 t/s 14.488s
0810 14:36:18 ds4-server: chat ctx=386..391:5 gen=305 decoding chunk=28.68 t/s avg=20.80 t/s 14.662s
0810 14:36:18 ds4-server: thinking live checkpoint remembered ctx=0..86:86 live=391 visible=626
0810 14:36:18 ds4-server: chat ctx=0..86:86 gen=305 finish=stop 31.749s
0810 14:36:18 ds4-server: live kv cache miss live=391 prompt=209 common=45 reason=token-mismatch
0810 14:36:18 ds4-server: chat ctx=0..209:209 prompt start
0810 14:36:35 ds4-server: chat ctx=0..209:209 prompt done 16.978s
0810 14:36:40 ds4-server: chat ctx=209..259:50 gen=50 THINKING decoding chunk=10.74 t/s avg=10.74 t/s 4.655s
0810 14:36:42 ds4-server: chat ctx=259..309:50 gen=100 THINKING decoding chunk=24.97 t/s avg=15.02 t/s 6.657s
0810 14:36:44 ds4-server: chat ctx=309..359:50 gen=150 THINKING decoding chunk=24.32 t/s avg=17.22 t/s 8.713s
0810 14:36:46 ds4-server: chat ctx=359..409:50 gen=200 THINKING decoding chunk=25.43 t/s avg=18.73 t/s 10.679s
0810 14:36:48 ds4-server: chat ctx=409..459:50 gen=250 THINKING decoding chunk=27.37 t/s avg=19.99 t/s 12.506s
0810 14:36:50 ds4-server: chat ctx=459..509:50 gen=300 THINKING decoding chunk=25.86 t/s avg=20.78 t/s 14.439s
0810 14:36:52 ds4-server: chat ctx=509..559:50 gen=350 THINKING decoding chunk=26.88 t/s avg=21.47 t/s 16.300s
0810 14:36:54 ds4-server: chat ctx=559..609:50 gen=400 THINKING decoding chunk=26.02 t/s avg=21.95 t/s 18.221s
0810 14:36:55 ds4-server: chat ctx=609..659:50 gen=450 THINKING decoding chunk=25.88 t/s avg=22.33 t/s 20.153s
0810 14:36:57 ds4-server: chat ctx=659..709:50 gen=500 THINKING decoding chunk=26.34 t/s avg=22.67 t/s 22.051s
0810 14:36:59 ds4-server: chat ctx=709..759:50 gen=550 THINKING decoding chunk=26.77 t/s avg=22.99 t/s 23.919s
0810 14:37:01 ds4-server: chat ctx=759..809:50 gen=600 THINKING decoding chunk=27.35 t/s avg=23.30 t/s 25.747s
0810 14:37:03 ds4-server: chat ctx=809..859:50 gen=650 THINKING decoding chunk=22.49 t/s avg=23.24 t/s 27.970s
0810 14:37:06 ds4-server: chat ctx=859..909:50 gen=700 THINKING decoding chunk=22.68 t/s avg=23.20 t/s 30.174s
0810 14:37:08 ds4-server: chat ctx=909..959:50 gen=750 THINKING decoding chunk=23.86 t/s avg=23.24 t/s 32.270s
0810 14:37:10 ds4-server: chat ctx=959..1009:50 gen=800 THINKING decoding chunk=25.55 t/s avg=23.37 t/s 34.227s
0810 14:37:12 ds4-server: chat ctx=1009..1059:50 gen=850 decoding chunk=24.65 t/s avg=23.44 t/s 36.256s
0810 14:37:14 ds4-server: chat ctx=1059..1109:50 gen=900 decoding chunk=25.78 t/s avg=23.56 t/s 38.195s
0810 14:37:15 ds4-server: chat ctx=1109..1159:50 gen=950 decoding chunk=27.78 t/s avg=23.75 t/s 39.995s
0810 14:37:16 ds4-server: chat ctx=1159..1173:14 gen=964 decoding chunk=27.77 t/s avg=23.80 t/s 40.499s
0810 14:37:16 ds4-server: thinking live checkpoint remembered ctx=0..209:209 live=1173 visible=1043
0810 14:37:16 ds4-server: chat ctx=0..209:209 gen=964 finish=stop 57.479s
0810 14:37:16 ds4-server: live kv cache miss live=1173 prompt=115 common=45 reason=token-mismatch
0810 14:37:16 ds4-server: chat ctx=0..115:115 prompt start
0810 14:37:34 ds4-server: chat ctx=0..115:115 prompt done 17.806s
0810 14:37:38 ds4-server: chat ctx=115..165:50 gen=50 THINKING decoding chunk=10.73 t/s avg=10.73 t/s 4.661s
0810 14:37:40 ds4-server: chat ctx=165..215:50 gen=100 THINKING decoding chunk=24.95 t/s avg=15.00 t/s 6.665s
0810 14:37:42 ds4-server: chat ctx=215..265:50 gen=150 THINKING decoding chunk=25.59 t/s avg=17.40 t/s 8.619s
0810 14:37:44 ds4-server: chat ctx=265..315:50 gen=200 THINKING decoding chunk=25.07 t/s avg=18.84 t/s 10.613s
0810 14:37:46 ds4-server: chat ctx=315..365:50 gen=250 THINKING decoding chunk=24.01 t/s avg=19.69 t/s 12.696s
0810 14:37:48 ds4-server: chat ctx=365..415:50 gen=300 THINKING decoding chunk=25.60 t/s avg=20.48 t/s 14.649s
0810 14:37:50 ds4-server: chat ctx=415..465:50 gen=350 decoding chunk=25.87 t/s avg=21.11 t/s 16.582s
0810 14:37:52 ds4-server: chat ctx=465..515:50 gen=400 decoding chunk=26.29 t/s avg=21.64 t/s 18.484s
0810 14:37:54 ds4-server: chat ctx=515..558:43 gen=443 decoding chunk=28.22 t/s avg=22.14 t/s 20.008s
0810 14:37:54 ds4-server: thinking live checkpoint remembered ctx=0..115:115 live=558 visible=832
0810 14:37:54 ds4-server: chat ctx=0..115:115 gen=443 finish=stop 37.815s
0810 14:37:54 ds4-server: live kv cache miss live=558 prompt=118 common=45 reason=token-mismatch
0810 14:37:54 ds4-server: chat ctx=0..118:118 prompt start
0810 14:38:11 ds4-server: chat ctx=0..118:118 prompt done 16.905s
0810 14:38:15 ds4-server: chat ctx=118..168:50 gen=50 THINKING decoding chunk=11.05 t/s avg=11.05 t/s 4.524s
0810 14:38:17 ds4-server: chat ctx=168..218:50 gen=100 THINKING decoding chunk=22.84 t/s avg=14.90 t/s 6.713s
0810 14:38:19 ds4-server: chat ctx=218..268:50 gen=150 THINKING decoding chunk=26.08 t/s avg=17.38 t/s 8.631s
0810 14:38:21 ds4-server: chat ctx=268..318:50 gen=200 THINKING decoding chunk=23.74 t/s avg=18.63 t/s 10.737s
0810 14:38:23 ds4-server: chat ctx=318..368:50 gen=250 decoding chunk=23.73 t/s avg=19.46 t/s 12.844s
0810 14:38:25 ds4-server: chat ctx=368..412:44 gen=294 decoding chunk=24.05 t/s avg=20.04 t/s 14.674s
0810 14:38:25 ds4-server: thinking live checkpoint remembered ctx=0..118:118 live=412 visible=845
0810 14:38:25 ds4-server: chat ctx=0..118:118 gen=294 finish=stop 31.588s
0810 14:38:25 ds4-server: live kv cache miss live=412 prompt=141 common=45 reason=token-mismatch
0810 14:38:25 ds4-server: chat ctx=0..141:141 prompt start
0810 14:38:44 ds4-server: chat ctx=0..141:141 prompt done 19.122s
0810 14:38:49 ds4-server: chat ctx=141..191:50 gen=50 THINKING decoding chunk=10.86 t/s avg=10.86 t/s 4.605s
0810 14:38:51 ds4-server: chat ctx=191..241:50 gen=100 THINKING decoding chunk=24.96 t/s avg=15.13 t/s 6.608s
0810 14:38:53 ds4-server: chat ctx=241..291:50 gen=150 THINKING decoding chunk=25.29 t/s avg=17.47 t/s 8.585s
0810 14:38:55 ds4-server: chat ctx=291..341:50 gen=200 THINKING decoding chunk=23.24 t/s avg=18.63 t/s 10.736s
0810 14:38:57 ds4-server: chat ctx=341..391:50 gen=250 THINKING decoding chunk=23.16 t/s avg=19.39 t/s 12.896s
0810 14:38:59 ds4-server: chat ctx=391..441:50 gen=300 THINKING decoding chunk=27.10 t/s avg=20.35 t/s 14.740s
0810 14:39:01 ds4-server: chat ctx=441..491:50 gen=350 THINKING decoding chunk=24.60 t/s avg=20.87 t/s 16.773s
0810 14:39:03 ds4-server: chat ctx=491..541:50 gen=400 THINKING decoding chunk=25.38 t/s avg=21.34 t/s 18.743s
0810 14:39:05 ds4-server: chat ctx=541..591:50 gen=450 decoding chunk=25.61 t/s avg=21.74 t/s 20.696s
0810 14:39:07 ds4-server: chat ctx=591..641:50 gen=500 decoding chunk=26.54 t/s avg=22.14 t/s 22.580s
0810 14:39:08 ds4-server: chat ctx=641..660:19 gen=519 decoding chunk=27.41 t/s avg=22.30 t/s 23.273s
0810 14:39:08 ds4-server: thinking live checkpoint remembered ctx=0..141:141 live=660 visible=799
0810 14:39:08 ds4-server: chat ctx=0..141:141 gen=519 finish=stop 42.396s
0810 14:39:08 ds4-server: live kv cache miss live=660 prompt=136 common=45 reason=token-mismatch
0810 14:39:08 ds4-server: chat ctx=0..136:136 prompt start
0810 14:39:25 ds4-server: chat ctx=0..136:136 prompt done 17.253s
0810 14:39:30 ds4-server: chat ctx=136..186:50 gen=50 THINKING decoding chunk=10.83 t/s avg=10.83 t/s 4.618s
0810 14:39:32 ds4-server: chat ctx=186..236:50 gen=100 THINKING decoding chunk=24.51 t/s avg=15.02 t/s 6.659s
0810 14:39:34 ds4-server: chat ctx=236..286:50 gen=150 THINKING decoding chunk=24.29 t/s avg=17.21 t/s 8.717s
0810 14:39:36 ds4-server: chat ctx=286..336:50 gen=200 THINKING decoding chunk=25.39 t/s avg=18.72 t/s 10.686s
0810 14:39:38 ds4-server: chat ctx=336..386:50 gen=250 THINKING decoding chunk=24.84 t/s avg=19.69 t/s 12.699s
0810 14:39:40 ds4-server: chat ctx=386..436:50 gen=300 THINKING decoding chunk=26.73 t/s avg=20.59 t/s 14.569s
0810 14:39:41 ds4-server: chat ctx=436..485:49 gen=349 decoding chunk=26.96 t/s avg=21.30 t/s 16.386s
0810 14:39:41 ds4-server: thinking live checkpoint remembered ctx=0..136:136 live=485 visible=770
0810 14:39:41 ds4-server: chat ctx=0..136:136 gen=349 finish=stop 33.640s
0810 14:39:41 ds4-server: live kv cache miss live=485 prompt=157 common=45 reason=token-mismatch
0810 14:39:41 ds4-server: chat ctx=0..157:157 prompt start
0810 14:39:59 ds4-server: chat ctx=0..157:157 prompt done 17.351s
0810 14:40:03 ds4-server: chat ctx=157..207:50 gen=50 THINKING decoding chunk=11.68 t/s avg=11.68 t/s 4.282s
0810 14:40:05 ds4-server: chat ctx=207..257:50 gen=100 THINKING decoding chunk=24.91 t/s avg=15.90 t/s 6.289s
0810 14:40:07 ds4-server: chat ctx=257..307:50 gen=150 THINKING decoding chunk=25.88 t/s avg=18.25 t/s 8.221s
0810 14:40:09 ds4-server: chat ctx=307..357:50 gen=200 THINKING decoding chunk=26.33 t/s avg=19.76 t/s 10.120s
0810 14:40:11 ds4-server: chat ctx=357..407:50 gen=250 THINKING decoding chunk=25.11 t/s avg=20.64 t/s 12.111s
0810 14:40:13 ds4-server: chat ctx=407..457:50 gen=300 THINKING decoding chunk=25.14 t/s avg=21.28 t/s 14.100s
0810 14:40:15 ds4-server: chat ctx=457..507:50 gen=350 THINKING decoding chunk=25.11 t/s avg=21.75 t/s 16.091s
0810 14:40:17 ds4-server: chat ctx=507..557:50 gen=400 decoding chunk=25.41 t/s avg=22.15 t/s 18.059s
0810 14:40:18 ds4-server: chat ctx=557..581:24 gen=424 decoding chunk=24.41 t/s avg=22.27 t/s 19.042s
0810 14:40:18 ds4-server: thinking live checkpoint remembered ctx=0..157:157 live=581 visible=825
0810 14:40:18 ds4-server: chat ctx=0..157:157 gen=424 finish=stop 36.394s
0810 14:40:18 ds4-server: live kv cache miss live=581 prompt=123 common=45 reason=token-mismatch
0810 14:40:18 ds4-server: chat ctx=0..123:123 prompt start
0810 14:40:35 ds4-server: chat ctx=0..123:123 prompt done 17.326s
0810 14:40:39 ds4-server: chat ctx=123..173:50 gen=50 THINKING decoding chunk=11.77 t/s avg=11.77 t/s 4.249s
0810 14:40:41 ds4-server: chat ctx=173..223:50 gen=100 THINKING decoding chunk=27.70 t/s avg=16.52 t/s 6.054s
0810 14:40:43 ds4-server: chat ctx=223..273:50 gen=150 THINKING decoding chunk=27.66 t/s avg=19.08 t/s 7.861s
0810 14:40:45 ds4-server: chat ctx=273..323:50 gen=200 THINKING decoding chunk=22.88 t/s avg=19.91 t/s 10.047s
0810 14:40:47 ds4-server: chat ctx=323..373:50 gen=250 decoding chunk=26.13 t/s avg=20.90 t/s 11.960s
0810 14:40:49 ds4-server: chat ctx=373..423:50 gen=300 decoding chunk=26.94 t/s avg=21.71 t/s 13.817s
0810 14:40:50 ds4-server: chat ctx=423..449:26 gen=326 decoding chunk=27.62 t/s avg=22.09 t/s 14.758s
0810 14:40:50 ds4-server: thinking live checkpoint remembered ctx=0..123:123 live=449 visible=810
0810 14:40:50 ds4-server: chat ctx=0..123:123 gen=326 finish=stop 32.084s
0810 14:40:50 ds4-server: live kv cache miss live=449 prompt=92 common=45 reason=token-mismatch
0810 14:40:50 ds4-server: chat ctx=0..92:92 prompt start
0810 14:41:07 ds4-server: chat ctx=0..92:92 prompt done 17.457s
0810 14:41:11 ds4-server: chat ctx=92..142:50 gen=50 THINKING decoding chunk=12.49 t/s avg=12.49 t/s 4.004s
0810 14:41:13 ds4-server: chat ctx=142..192:50 gen=100 THINKING decoding chunk=27.56 t/s avg=17.19 t/s 5.818s
0810 14:41:15 ds4-server: chat ctx=192..242:50 gen=150 THINKING decoding chunk=26.27 t/s avg=19.43 t/s 7.721s
0810 14:41:17 ds4-server: chat ctx=242..292:50 gen=200 THINKING decoding chunk=26.74 t/s avg=20.85 t/s 9.591s
0810 14:41:19 ds4-server: chat ctx=292..342:50 gen=250 decoding chunk=27.96 t/s avg=21.97 t/s 11.380s
0810 14:41:20 ds4-server: chat ctx=342..387:45 gen=295 decoding chunk=27.54 t/s avg=22.67 t/s 13.014s
0810 14:41:20 ds4-server: thinking live checkpoint remembered ctx=0..92:92 live=387 visible=574
0810 14:41:20 ds4-server: chat ctx=0..92:92 gen=295 finish=stop 30.472s
0810 14:41:20 ds4-server: live kv cache miss live=387 prompt=193 common=45 reason=token-mismatch
0810 14:41:20 ds4-server: chat ctx=0..193:193 prompt start
0810 14:41:38 ds4-server: chat ctx=0..193:193 prompt done 18.037s
0810 14:41:43 ds4-server: chat ctx=193..243:50 gen=50 THINKING decoding chunk=10.36 t/s avg=10.36 t/s 4.824s
0810 14:41:46 ds4-server: chat ctx=243..293:50 gen=100 THINKING decoding chunk=21.30 t/s avg=13.94 t/s 7.172s
0810 14:41:48 ds4-server: chat ctx=293..343:50 gen=150 THINKING decoding chunk=23.80 t/s avg=16.18 t/s 9.273s
0810 14:41:50 ds4-server: chat ctx=343..393:50 gen=200 THINKING decoding chunk=27.04 t/s avg=17.98 t/s 11.122s
0810 14:41:51 ds4-server: chat ctx=393..443:50 gen=250 THINKING decoding chunk=26.84 t/s avg=19.25 t/s 12.985s
0810 14:41:53 ds4-server: chat ctx=443..493:50 gen=300 THINKING decoding chunk=25.41 t/s avg=20.06 t/s 14.953s
0810 14:41:55 ds4-server: chat ctx=493..543:50 gen=350 THINKING decoding chunk=27.22 t/s avg=20.85 t/s 16.790s
0810 14:41:57 ds4-server: chat ctx=543..593:50 gen=400 THINKING decoding chunk=24.97 t/s avg=21.29 t/s 18.792s
0810 14:41:59 ds4-server: chat ctx=593..643:50 gen=450 THINKING decoding chunk=27.06 t/s avg=21.80 t/s 20.640s
0810 14:42:01 ds4-server: chat ctx=643..693:50 gen=500 THINKING decoding chunk=27.43 t/s avg=22.26 t/s 22.463s
0810 14:42:03 ds4-server: chat ctx=693..743:50 gen=550 THINKING decoding chunk=28.38 t/s avg=22.70 t/s 24.224s
0810 14:42:04 ds4-server: chat ctx=743..793:50 gen=600 THINKING decoding chunk=27.53 t/s avg=23.04 t/s 26.040s
0810 14:42:06 ds4-server: chat ctx=793..843:50 gen=650 THINKING decoding chunk=28.42 t/s avg=23.38 t/s 27.800s
0810 14:42:08 ds4-server: chat ctx=843..893:50 gen=700 THINKING decoding chunk=24.46 t/s avg=23.46 t/s 29.844s
0810 14:42:10 ds4-server: chat ctx=893..943:50 gen=750 THINKING decoding chunk=22.73 t/s avg=23.41 t/s 32.044s
0810 14:42:12 ds4-server: chat ctx=943..993:50 gen=800 THINKING decoding chunk=26.37 t/s avg=23.57 t/s 33.940s
0810 14:42:15 ds4-server: chat ctx=993..1043:50 gen=850 THINKING decoding chunk=20.68 t/s avg=23.38 t/s 36.358s
0810 14:42:17 ds4-server: chat ctx=1043..1093:50 gen=900 THINKING decoding chunk=21.78 t/s avg=23.28 t/s 38.654s
0810 14:42:19 ds4-server: chat ctx=1093..1143:50 gen=950 THINKING decoding chunk=25.40 t/s avg=23.39 t/s 40.622s
0810 14:42:21 ds4-server: chat ctx=1143..1193:50 gen=1000 decoding chunk=25.17 t/s avg=23.47 t/s 42.609s
0810 14:42:23 ds4-server: chat ctx=1193..1243:50 gen=1050 decoding chunk=26.12 t/s avg=23.58 t/s 44.523s
0810 14:42:25 ds4-server: chat ctx=1243..1293:50 gen=1100 decoding chunk=28.16 t/s avg=23.76 t/s 46.299s
0810 14:42:26 ds4-server: chat ctx=1293..1339:46 gen=1146 decoding chunk=27.81 t/s avg=23.90 t/s 47.953s
0810 14:42:26 ds4-server: thinking live checkpoint remembered ctx=0..193:193 live=1339 visible=1219
0810 14:42:26 ds4-server: chat ctx=0..193:193 gen=1146 finish=stop 65.991s
0810 14:42:26 ds4-server: live kv cache miss live=1339 prompt=90 common=45 reason=token-mismatch
0810 14:42:26 ds4-server: chat ctx=0..90:90 prompt start
0810 14:42:44 ds4-server: chat ctx=0..90:90 prompt done 17.454s
0810 14:42:49 ds4-server: chat ctx=90..140:50 gen=50 THINKING decoding chunk=10.74 t/s avg=10.74 t/s 4.653s
0810 14:42:51 ds4-server: chat ctx=140..190:50 gen=100 THINKING decoding chunk=24.16 t/s avg=14.88 t/s 6.723s
0810 14:42:53 ds4-server: chat ctx=190..240:50 gen=150 THINKING decoding chunk=25.83 t/s avg=17.32 t/s 8.658s
0810 14:42:55 ds4-server: chat ctx=240..290:50 gen=200 THINKING decoding chunk=23.93 t/s avg=18.61 t/s 10.748s
0810 14:42:57 ds4-server: chat ctx=290..340:50 gen=250 THINKING decoding chunk=23.50 t/s avg=19.42 t/s 12.875s
0810 14:42:59 ds4-server: chat ctx=340..390:50 gen=300 THINKING decoding chunk=24.03 t/s avg=20.06 t/s 14.956s
0810 14:43:01 ds4-server: chat ctx=390..440:50 gen=350 THINKING decoding chunk=26.58 t/s avg=20.79 t/s 16.837s
0810 14:43:03 ds4-server: chat ctx=440..490:50 gen=400 THINKING decoding chunk=27.48 t/s avg=21.44 t/s 18.657s
0810 14:43:04 ds4-server: chat ctx=490..540:50 gen=450 THINKING decoding chunk=27.27 t/s avg=21.96 t/s 20.490s
0810 14:43:06 ds4-server: chat ctx=540..590:50 gen=500 THINKING decoding chunk=28.04 t/s avg=22.45 t/s 22.273s
0810 14:43:08 ds4-server: chat ctx=590..640:50 gen=550 THINKING decoding chunk=25.01 t/s avg=22.66 t/s 24.272s
0810 14:43:10 ds4-server: chat ctx=640..690:50 gen=600 THINKING decoding chunk=23.40 t/s avg=22.72 t/s 26.408s
0810 14:43:12 ds4-server: chat ctx=690..740:50 gen=650 THINKING decoding chunk=22.61 t/s avg=22.71 t/s 28.620s
0810 14:43:15 ds4-server: chat ctx=740..790:50 gen=700 THINKING decoding chunk=22.90 t/s avg=22.72 t/s 30.803s
0810 14:43:17 ds4-server: chat ctx=790..840:50 gen=750 THINKING decoding chunk=25.22 t/s avg=22.88 t/s 32.786s
0810 14:43:19 ds4-server: chat ctx=840..890:50 gen=800 decoding chunk=24.62 t/s avg=22.98 t/s 34.817s
0810 14:43:21 ds4-server: chat ctx=890..940:50 gen=850 decoding chunk=25.33 t/s avg=23.10 t/s 36.791s
0810 14:43:22 ds4-server: chat ctx=940..965:25 gen=875 decoding chunk=26.00 t/s avg=23.18 t/s 37.753s
0810 14:43:22 ds4-server: thinking live checkpoint remembered ctx=0..90:90 live=965 visible=695
0810 14:43:22 ds4-server: chat ctx=0..90:90 gen=875 finish=stop 55.207s
0810 14:43:22 ds4-server: live kv cache miss live=965 prompt=136 common=45 reason=token-mismatch
0810 14:43:22 ds4-server: chat ctx=0..136:136 prompt start
0810 14:43:39 ds4-server: chat ctx=0..136:136 prompt done 17.185s
0810 14:43:43 ds4-server: chat ctx=136..186:50 gen=50 THINKING decoding chunk=10.75 t/s avg=10.75 t/s 4.650s
0810 14:43:46 ds4-server: chat ctx=186..236:50 gen=100 THINKING decoding chunk=22.44 t/s avg=14.54 t/s 6.879s
0810 14:43:48 ds4-server: chat ctx=236..286:50 gen=150 THINKING decoding chunk=23.93 t/s avg=16.73 t/s 8.968s
0810 14:43:50 ds4-server: chat ctx=286..336:50 gen=200 THINKING decoding chunk=23.35 t/s avg=18.00 t/s 11.109s
0810 14:43:52 ds4-server: chat ctx=336..386:50 gen=250 THINKING decoding chunk=24.99 t/s avg=19.07 t/s 13.110s
0810 14:43:54 ds4-server: chat ctx=386..436:50 gen=300 THINKING decoding chunk=25.47 t/s avg=19.90 t/s 15.072s
0810 14:43:56 ds4-server: chat ctx=436..486:50 gen=350 THINKING decoding chunk=24.37 t/s avg=20.44 t/s 17.124s
0810 14:43:58 ds4-server: chat ctx=486..536:50 gen=400 THINKING decoding chunk=23.81 t/s avg=20.81 t/s 19.224s
0810 14:44:00 ds4-server: chat ctx=536..586:50 gen=450 THINKING decoding chunk=23.99 t/s avg=21.12 t/s 21.308s
0810 14:44:02 ds4-server: chat ctx=586..636:50 gen=500 THINKING decoding chunk=24.34 t/s avg=21.40 t/s 23.362s
0810 14:44:04 ds4-server: chat ctx=636..686:50 gen=550 THINKING decoding chunk=22.32 t/s avg=21.48 t/s 25.602s
0810 14:44:07 ds4-server: chat ctx=686..736:50 gen=600 decoding chunk=22.93 t/s avg=21.60 t/s 27.783s
0810 14:44:09 ds4-server: chat ctx=736..786:50 gen=650 decoding chunk=20.01 t/s avg=21.46 t/s 30.282s
0810 14:44:11 ds4-server: chat ctx=786..836:50 gen=700 decoding chunk=25.27 t/s avg=21.70 t/s 32.260s
0810 14:44:12 ds4-server: chat ctx=836..858:22 gen=722 decoding chunk=26.85 t/s avg=21.83 t/s 33.080s
0810 14:44:12 ds4-server: thinking live checkpoint remembered ctx=0..136:136 live=858 visible=1240
0810 14:44:12 ds4-server: chat ctx=0..136:136 gen=722 finish=stop 50.266s
0810 14:44:12 ds4-server: live kv cache miss live=858 prompt=127 common=45 reason=token-mismatch
0810 14:44:12 ds4-server: chat ctx=0..127:127 prompt start
0810 14:44:30 ds4-server: chat ctx=0..127:127 prompt done 17.829s
0810 14:44:35 ds4-server: chat ctx=127..177:50 gen=50 THINKING decoding chunk=10.11 t/s avg=10.11 t/s 4.948s
0810 14:44:37 ds4-server: chat ctx=177..227:50 gen=100 THINKING decoding chunk=22.07 t/s avg=13.86 t/s 7.214s
0810 14:44:39 ds4-server: chat ctx=227..277:50 gen=150 THINKING decoding chunk=23.94 t/s avg=16.13 t/s 9.302s
0810 14:44:41 ds4-server: chat ctx=277..327:50 gen=200 THINKING decoding chunk=23.16 t/s avg=17.45 t/s 11.460s
0810 14:44:43 ds4-server: chat ctx=327..377:50 gen=250 THINKING decoding chunk=24.59 t/s avg=18.53 t/s 13.494s
0810 14:44:45 ds4-server: chat ctx=377..427:50 gen=300 THINKING decoding chunk=25.56 t/s avg=19.42 t/s 15.450s
0810 14:44:47 ds4-server: chat ctx=427..477:50 gen=350 THINKING decoding chunk=25.91 t/s avg=20.14 t/s 17.380s
0810 14:44:49 ds4-server: chat ctx=477..527:50 gen=400 THINKING decoding chunk=26.22 t/s avg=20.74 t/s 19.287s
0810 14:44:51 ds4-server: chat ctx=527..577:50 gen=450 THINKING decoding chunk=23.63 t/s avg=21.02 t/s 21.403s
0810 14:44:53 ds4-server: chat ctx=577..627:50 gen=500 THINKING decoding chunk=21.46 t/s avg=21.07 t/s 23.733s
0810 14:44:55 ds4-server: chat ctx=627..677:50 gen=550 THINKING decoding chunk=25.52 t/s avg=21.41 t/s 25.692s
0810 14:44:57 ds4-server: chat ctx=677..727:50 gen=600 decoding chunk=24.64 t/s avg=21.64 t/s 27.721s
0810 14:44:59 ds4-server: chat ctx=727..777:50 gen=650 decoding chunk=25.79 t/s avg=21.91 t/s 29.660s
0810 14:45:01 ds4-server: chat ctx=777..827:50 gen=700 decoding chunk=27.13 t/s avg=22.22 t/s 31.503s
0810 14:45:02 ds4-server: chat ctx=827..835:8 gen=708 decoding chunk=27.13 t/s avg=22.27 t/s 31.798s
0810 14:45:02 ds4-server: thinking live checkpoint remembered ctx=0..127:127 live=835 visible=945
0810 14:45:02 ds4-server: chat ctx=0..127:127 gen=708 finish=stop 49.629s
0810 14:45:02 ds4-server: live kv cache miss live=835 prompt=155 common=45 reason=token-mismatch
0810 14:45:02 ds4-server: chat ctx=0..155:155 prompt start
0810 14:45:20 ds4-server: chat ctx=0..155:155 prompt done 18.035s
0810 14:45:24 ds4-server: chat ctx=155..205:50 gen=50 THINKING decoding chunk=11.23 t/s avg=11.23 t/s 4.453s
0810 14:45:26 ds4-server: chat ctx=205..255:50 gen=100 THINKING decoding chunk=25.29 t/s avg=15.55 t/s 6.430s
0810 14:45:28 ds4-server: chat ctx=255..305:50 gen=150 THINKING decoding chunk=24.44 t/s avg=17.70 t/s 8.475s
0810 14:45:30 ds4-server: chat ctx=305..355:50 gen=200 THINKING decoding chunk=24.60 t/s avg=19.03 t/s 10.508s
0810 14:45:32 ds4-server: chat ctx=355..405:50 gen=250 decoding chunk=24.89 t/s avg=19.97 t/s 12.516s
0810 14:45:34 ds4-server: chat ctx=405..455:50 gen=300 decoding chunk=22.77 t/s avg=20.39 t/s 14.712s
0810 14:45:36 ds4-server: chat ctx=455..503:48 gen=348 decoding chunk=25.68 t/s avg=20.99 t/s 16.581s
0810 14:45:36 ds4-server: thinking live checkpoint remembered ctx=0..155:155 live=503 visible=832
0810 14:45:36 ds4-server: chat ctx=0..155:155 gen=348 finish=stop 34.617s
0810 14:45:36 ds4-server: live kv cache miss live=503 prompt=102 common=45 reason=token-mismatch
0810 14:45:36 ds4-server: chat ctx=0..102:102 prompt start
0810 14:45:53 ds4-server: chat ctx=0..102:102 prompt done 17.113s
0810 14:45:58 ds4-server: chat ctx=102..152:50 gen=50 THINKING decoding chunk=10.92 t/s avg=10.92 t/s 4.577s
0810 14:46:00 ds4-server: chat ctx=152..202:50 gen=100 THINKING decoding chunk=24.30 t/s avg=15.07 t/s 6.634s
0810 14:46:02 ds4-server: chat ctx=202..252:50 gen=150 THINKING decoding chunk=24.21 t/s avg=17.24 t/s 8.700s
0810 14:46:04 ds4-server: chat ctx=252..302:50 gen=200 THINKING decoding chunk=24.47 t/s avg=18.62 t/s 10.743s
0810 14:46:06 ds4-server: chat ctx=302..352:50 gen=250 THINKING decoding chunk=25.39 t/s avg=19.67 t/s 12.712s
0810 14:46:08 ds4-server: chat ctx=352..402:50 gen=300 THINKING decoding chunk=25.66 t/s avg=20.46 t/s 14.661s
0810 14:46:10 ds4-server: chat ctx=402..452:50 gen=350 THINKING decoding chunk=26.55 t/s avg=21.16 t/s 16.544s
0810 14:46:12 ds4-server: chat ctx=452..502:50 gen=400 THINKING decoding chunk=27.62 t/s avg=21.79 t/s 18.354s
0810 14:46:13 ds4-server: chat ctx=502..552:50 gen=450 THINKING decoding chunk=27.58 t/s avg=22.31 t/s 20.167s
0810 14:46:15 ds4-server: chat ctx=552..602:50 gen=500 THINKING decoding chunk=27.23 t/s avg=22.72 t/s 22.003s
0810 14:46:17 ds4-server: chat ctx=602..652:50 gen=550 THINKING decoding chunk=26.08 t/s avg=22.99 t/s 23.920s
0810 14:46:19 ds4-server: chat ctx=652..702:50 gen=600 THINKING decoding chunk=27.08 t/s avg=23.29 t/s 25.767s
0810 14:46:21 ds4-server: chat ctx=702..752:50 gen=650 THINKING decoding chunk=26.19 t/s avg=23.49 t/s 27.676s
0810 14:46:23 ds4-server: chat ctx=752..802:50 gen=700 THINKING decoding chunk=24.15 t/s avg=23.53 t/s 29.746s
0810 14:46:25 ds4-server: chat ctx=802..852:50 gen=750 THINKING decoding chunk=25.71 t/s avg=23.67 t/s 31.691s
0810 14:46:27 ds4-server: chat ctx=852..902:50 gen=800 THINKING decoding chunk=24.31 t/s avg=23.71 t/s 33.748s
0810 14:46:29 ds4-server: chat ctx=902..952:50 gen=850 THINKING decoding chunk=26.09 t/s avg=23.83 t/s 35.664s
0810 14:46:31 ds4-server: chat ctx=952..1002:50 gen=900 THINKING decoding chunk=27.39 t/s avg=24.01 t/s 37.489s
0810 14:46:33 ds4-server: chat ctx=1002..1052:50 gen=950 THINKING decoding chunk=26.17 t/s avg=24.11 t/s 39.400s
0810 14:46:35 ds4-server: chat ctx=1052..1102:50 gen=1000 THINKING decoding chunk=20.41 t/s avg=23.90 t/s 41.849s
0810 14:46:38 ds4-server: chat ctx=1102..1152:50 gen=1050 THINKING decoding chunk=21.47 t/s avg=23.77 t/s 44.178s
0810 14:46:40 ds4-server: chat ctx=1152..1202:50 gen=1100 THINKING decoding chunk=24.36 t/s avg=23.79 t/s 46.231s
0810 14:46:42 ds4-server: chat ctx=1202..1252:50 gen=1150 decoding chunk=25.66 t/s avg=23.87 t/s 48.179s
0810 14:46:43 ds4-server: chat ctx=1252..1302:50 gen=1200 decoding chunk=26.83 t/s avg=23.98 t/s 50.043s
0810 14:46:45 ds4-server: chat ctx=1302..1334:32 gen=1232 decoding chunk=27.34 t/s avg=24.06 t/s 51.213s
0810 14:46:45 ds4-server: thinking live checkpoint remembered ctx=0..102:102 live=1334 visible=956
0810 14:46:45 ds4-server: chat ctx=0..102:102 gen=1232 finish=stop 68.327s
0810 14:46:45 ds4-server: live kv cache miss live=1334 prompt=130 common=45 reason=token-mismatch
0810 14:46:45 ds4-server: chat ctx=0..130:130 prompt start
0810 14:47:02 ds4-server: chat ctx=0..130:130 prompt done 17.472s
0810 14:47:07 ds4-server: chat ctx=130..180:50 gen=50 THINKING decoding chunk=11.01 t/s avg=11.01 t/s 4.541s
0810 14:47:09 ds4-server: chat ctx=180..230:50 gen=100 THINKING decoding chunk=24.95 t/s avg=15.28 t/s 6.545s
0810 14:47:11 ds4-server: chat ctx=230..280:50 gen=150 THINKING decoding chunk=24.22 t/s avg=17.42 t/s 8.610s
0810 14:47:13 ds4-server: chat ctx=280..330:50 gen=200 THINKING decoding chunk=25.52 t/s avg=18.92 t/s 10.569s
0810 14:47:15 ds4-server: chat ctx=330..380:50 gen=250 THINKING decoding chunk=24.02 t/s avg=19.76 t/s 12.651s
0810 14:47:17 ds4-server: chat ctx=380..430:50 gen=300 THINKING decoding chunk=26.77 t/s avg=20.66 t/s 14.519s
0810 14:47:18 ds4-server: chat ctx=430..480:50 gen=350 decoding chunk=25.95 t/s avg=21.28 t/s 16.445s
0810 14:47:20 ds4-server: chat ctx=480..530:50 gen=400 decoding chunk=25.82 t/s avg=21.76 t/s 18.382s
0810 14:47:21 ds4-server: chat ctx=530..538:8 gen=408 decoding chunk=25.88 t/s avg=21.83 t/s 18.691s
0810 14:47:21 ds4-server: thinking live checkpoint remembered ctx=0..130:130 live=538 visible=823
0810 14:47:21 ds4-server: chat ctx=0..130:130 gen=408 finish=stop 36.164s
0810 14:47:21 ds4-server: live kv cache miss live=538 prompt=136 common=45 reason=token-mismatch
0810 14:47:21 ds4-server: chat ctx=0..136:136 prompt start
0810 14:47:38 ds4-server: chat ctx=0..136:136 prompt done 17.667s
0810 14:47:43 ds4-server: chat ctx=136..186:50 gen=50 THINKING decoding chunk=10.78 t/s avg=10.78 t/s 4.639s
0810 14:47:45 ds4-server: chat ctx=186..236:50 gen=100 THINKING decoding chunk=22.71 t/s avg=14.62 t/s 6.840s
0810 14:47:47 ds4-server: chat ctx=236..286:50 gen=150 THINKING decoding chunk=23.89 t/s avg=16.79 t/s 8.933s
0810 14:47:49 ds4-server: chat ctx=286..336:50 gen=200 THINKING decoding chunk=23.86 t/s avg=18.13 t/s 11.028s
0810 14:47:52 ds4-server: chat ctx=336..386:50 gen=250 THINKING decoding chunk=23.88 t/s avg=19.05 t/s 13.122s
0810 14:47:54 ds4-server: chat ctx=386..436:50 gen=300 THINKING decoding chunk=22.69 t/s avg=19.58 t/s 15.326s
0810 14:47:56 ds4-server: chat ctx=436..486:50 gen=350 THINKING decoding chunk=24.03 t/s avg=20.11 t/s 17.407s
0810 14:47:58 ds4-server: chat ctx=486..536:50 gen=400 THINKING decoding chunk=24.88 t/s avg=20.60 t/s 19.416s
0810 14:48:00 ds4-server: chat ctx=536..586:50 gen=450 THINKING decoding chunk=22.69 t/s avg=20.81 t/s 21.620s
0810 14:48:02 ds4-server: chat ctx=586..636:50 gen=500 THINKING decoding chunk=24.93 t/s avg=21.16 t/s 23.626s
0810 14:48:04 ds4-server: chat ctx=636..686:50 gen=550 decoding chunk=27.33 t/s avg=21.61 t/s 25.456s
0810 14:48:06 ds4-server: chat ctx=686..736:50 gen=600 decoding chunk=26.52 t/s avg=21.94 t/s 27.341s
0810 14:48:08 ds4-server: chat ctx=736..786:50 gen=650 decoding chunk=28.30 t/s avg=22.33 t/s 29.108s
0810 14:48:09 ds4-server: chat ctx=786..826:40 gen=690 decoding chunk=28.40 t/s avg=22.61 t/s 30.516s
0810 14:48:09 ds4-server: thinking live checkpoint remembered ctx=0..136:136 live=826 visible=1246
0810 14:48:09 ds4-server: chat ctx=0..136:136 gen=690 finish=stop 48.185s
0810 14:48:09 ds4-server: live kv cache miss live=826 prompt=150 common=45 reason=token-mismatch
0810 14:48:09 ds4-server: chat ctx=0..150:150 prompt start
0810 14:48:28 ds4-server: chat ctx=0..150:150 prompt done 18.768s
0810 14:48:34 ds4-server: chat ctx=150..200:50 gen=50 THINKING decoding chunk=8.13 t/s avg=8.13 t/s 6.153s
0810 14:48:36 ds4-server: chat ctx=200..250:50 gen=100 THINKING decoding chunk=23.86 t/s avg=12.12 t/s 8.249s
0810 14:48:38 ds4-server: chat ctx=250..300:50 gen=150 THINKING decoding chunk=24.98 t/s avg=14.63 t/s 10.250s
0810 14:48:40 ds4-server: chat ctx=300..350:50 gen=200 THINKING decoding chunk=23.44 t/s avg=16.15 t/s 12.383s
0810 14:48:42 ds4-server: chat ctx=350..400:50 gen=250 THINKING decoding chunk=23.98 t/s avg=17.28 t/s 14.468s
0810 14:48:44 ds4-server: chat ctx=400..450:50 gen=300 THINKING decoding chunk=26.42 t/s avg=18.34 t/s 16.361s
0810 14:48:46 ds4-server: chat ctx=450..500:50 gen=350 THINKING decoding chunk=26.37 t/s avg=19.17 t/s 18.257s
0810 14:48:48 ds4-server: chat ctx=500..550:50 gen=400 THINKING decoding chunk=21.78 t/s avg=19.46 t/s 20.553s
0810 14:48:50 ds4-server: chat ctx=550..600:50 gen=450 THINKING decoding chunk=23.12 t/s avg=19.81 t/s 22.715s
0810 14:48:52 ds4-server: chat ctx=600..650:50 gen=500 THINKING decoding chunk=25.94 t/s avg=20.29 t/s 24.643s
0810 14:48:54 ds4-server: chat ctx=650..700:50 gen=550 decoding chunk=25.35 t/s avg=20.66 t/s 26.615s
0810 14:48:56 ds4-server: chat ctx=700..750:50 gen=600 decoding chunk=27.16 t/s avg=21.08 t/s 28.456s
0810 14:48:58 ds4-server: chat ctx=750..791:41 gen=641 decoding chunk=26.55 t/s avg=21.37 t/s 30.001s
0810 14:48:58 ds4-server: thinking live checkpoint remembered ctx=0..150:150 live=791 visible=949
0810 14:48:58 ds4-server: chat ctx=0..150:150 gen=641 finish=stop 48.780s
0810 14:48:58 ds4-server: live kv cache miss live=791 prompt=186 common=45 reason=token-mismatch
0810 14:48:58 ds4-server: chat ctx=0..186:186 prompt start
0810 14:49:16 ds4-server: chat ctx=0..186:186 prompt done 18.414s
0810 14:49:21 ds4-server: chat ctx=186..236:50 gen=50 THINKING decoding chunk=10.98 t/s avg=10.98 t/s 4.554s
0810 14:49:23 ds4-server: chat ctx=236..286:50 gen=100 THINKING decoding chunk=23.22 t/s avg=14.91 t/s 6.708s
0810 14:49:25 ds4-server: chat ctx=286..336:50 gen=150 THINKING decoding chunk=21.17 t/s avg=16.54 t/s 9.069s
0810 14:49:27 ds4-server: chat ctx=336..386:50 gen=200 THINKING decoding chunk=25.92 t/s avg=18.19 t/s 10.998s
0810 14:49:29 ds4-server: chat ctx=386..436:50 gen=250 THINKING decoding chunk=24.28 t/s avg=19.15 t/s 13.058s
0810 14:49:31 ds4-server: chat ctx=436..486:50 gen=300 THINKING decoding chunk=26.71 t/s avg=20.09 t/s 14.929s
0810 14:49:33 ds4-server: chat ctx=486..536:50 gen=350 THINKING decoding chunk=25.56 t/s avg=20.73 t/s 16.885s
0810 14:49:35 ds4-server: chat ctx=536..586:50 gen=400 THINKING decoding chunk=26.39 t/s avg=21.30 t/s 18.780s
0810 14:49:37 ds4-server: chat ctx=586..636:50 gen=450 THINKING decoding chunk=24.39 t/s avg=21.60 t/s 20.830s
0810 14:49:39 ds4-server: chat ctx=636..686:50 gen=500 THINKING decoding chunk=26.88 t/s avg=22.04 t/s 22.690s
0810 14:49:41 ds4-server: chat ctx=686..736:50 gen=550 THINKING decoding chunk=25.84 t/s avg=22.34 t/s 24.625s
0810 14:49:43 ds4-server: chat ctx=736..786:50 gen=600 decoding chunk=25.94 t/s avg=22.60 t/s 26.552s
0810 14:49:45 ds4-server: chat ctx=786..836:50 gen=650 decoding chunk=20.72 t/s avg=22.44 t/s 28.965s
0810 14:49:47 ds4-server: chat ctx=836..886:50 gen=700 decoding chunk=24.01 t/s avg=22.55 t/s 31.048s
0810 14:49:49 ds4-server: chat ctx=886..936:50 gen=750 decoding chunk=26.38 t/s avg=22.77 t/s 32.943s
0810 14:49:51 ds4-server: chat ctx=936..986:50 gen=800 decoding chunk=26.72 t/s avg=22.98 t/s 34.814s
0810 14:49:52 ds4-server: chat ctx=986..1010:24 gen=824 decoding chunk=26.94 t/s avg=23.08 t/s 35.705s
0810 14:49:52 ds4-server: thinking live checkpoint remembered ctx=0..186:186 live=1010 visible=1376
0810 14:49:52 ds4-server: chat ctx=0..186:186 gen=824 finish=stop 54.120s
0810 14:49:52 ds4-server: live kv cache miss live=1010 prompt=165 common=43 reason=token-mismatch
0810 14:49:52 ds4-server: chat ctx=0..165:165 prompt start
0810 14:50:09 ds4-server: chat ctx=0..165:165 prompt done 17.019s
0810 14:50:14 ds4-server: chat ctx=165..215:50 gen=50 THINKING decoding chunk=10.61 t/s avg=10.61 t/s 4.714s
0810 14:50:16 ds4-server: chat ctx=215..265:50 gen=100 THINKING decoding chunk=23.34 t/s avg=14.59 t/s 6.856s
0810 14:50:18 ds4-server: chat ctx=265..315:50 gen=150 THINKING decoding chunk=24.36 t/s avg=16.84 t/s 8.909s
0810 14:50:20 ds4-server: chat ctx=315..365:50 gen=200 THINKING decoding chunk=23.75 t/s avg=18.16 t/s 11.014s
0810 14:50:22 ds4-server: chat ctx=365..415:50 gen=250 THINKING decoding chunk=24.42 t/s avg=19.14 t/s 13.062s
0810 14:50:24 ds4-server: chat ctx=415..465:50 gen=300 THINKING decoding chunk=27.27 t/s avg=20.14 t/s 14.896s
0810 14:50:26 ds4-server: chat ctx=465..515:50 gen=350 THINKING decoding chunk=26.34 t/s avg=20.84 t/s 16.794s
0810 14:50:28 ds4-server: chat ctx=515..565:50 gen=400 THINKING decoding chunk=25.82 t/s avg=21.36 t/s 18.730s
0810 14:50:30 ds4-server: chat ctx=565..615:50 gen=450 THINKING decoding chunk=24.89 t/s avg=21.70 t/s 20.740s
0810 14:50:31 ds4-server: chat ctx=615..665:50 gen=500 THINKING decoding chunk=28.51 t/s avg=22.23 t/s 22.493s
0810 14:50:34 ds4-server: chat ctx=665..715:50 gen=550 THINKING decoding chunk=22.53 t/s avg=22.26 t/s 24.713s
0810 14:50:36 ds4-server: chat ctx=715..765:50 gen=600 THINKING decoding chunk=23.73 t/s avg=22.37 t/s 26.820s
0810 14:50:38 ds4-server: chat ctx=765..815:50 gen=650 THINKING decoding chunk=24.32 t/s avg=22.51 t/s 28.876s
0810 14:50:40 ds4-server: chat ctx=815..865:50 gen=700 decoding chunk=26.94 t/s avg=22.78 t/s 30.732s
0810 14:50:42 ds4-server: chat ctx=865..915:50 gen=750 decoding chunk=27.10 t/s avg=23.02 t/s 32.577s
0810 14:50:43 ds4-server: chat ctx=915..965:50 gen=800 decoding chunk=28.41 t/s avg=23.30 t/s 34.337s
0810 14:50:45 ds4-server: chat ctx=965..1015:50 gen=850 decoding chunk=28.47 t/s avg=23.55 t/s 36.093s
0810 14:50:45 ds4-server: chat ctx=1015..1024:9 gen=859 decoding chunk=28.33 t/s avg=23.59 t/s 36.411s
0810 14:50:45 ds4-server: thinking live checkpoint remembered ctx=0..165:165 live=1024 visible=1336
0810 14:50:45 ds4-server: chat ctx=0..165:165 gen=859 finish=stop 53.437s
0810 14:50:45 ds4-server: live kv cache miss live=1024 prompt=127 common=44 reason=token-mismatch
0810 14:50:45 ds4-server: chat ctx=0..127:127 prompt start
0810 14:51:03 ds4-server: chat ctx=0..127:127 prompt done 17.136s
0810 14:51:07 ds4-server: chat ctx=127..177:50 gen=50 THINKING decoding chunk=11.03 t/s avg=11.03 t/s 4.532s
0810 14:51:09 ds4-server: chat ctx=177..227:50 gen=100 THINKING decoding chunk=23.63 t/s avg=15.04 t/s 6.648s
0810 14:51:11 ds4-server: chat ctx=227..277:50 gen=150 THINKING decoding chunk=25.29 t/s avg=17.39 t/s 8.625s
0810 14:51:13 ds4-server: chat ctx=277..327:50 gen=200 THINKING decoding chunk=25.77 t/s avg=18.93 t/s 10.565s
0810 14:51:15 ds4-server: chat ctx=327..377:50 gen=250 THINKING decoding chunk=27.14 t/s avg=20.15 t/s 12.408s
0810 14:51:17 ds4-server: chat ctx=377..427:50 gen=300 THINKING decoding chunk=26.87 t/s avg=21.03 t/s 14.268s
0810 14:51:19 ds4-server: chat ctx=427..477:50 gen=350 THINKING decoding chunk=25.90 t/s avg=21.61 t/s 16.199s
0810 14:51:21 ds4-server: chat ctx=477..527:50 gen=400 THINKING decoding chunk=27.91 t/s avg=22.23 t/s 17.991s
0810 14:51:22 ds4-server: chat ctx=527..577:50 gen=450 THINKING decoding chunk=27.54 t/s avg=22.72 t/s 19.806s
0810 14:51:24 ds4-server: chat ctx=577..627:50 gen=500 THINKING decoding chunk=26.25 t/s avg=23.03 t/s 21.711s
0810 14:51:26 ds4-server: chat ctx=627..677:50 gen=550 THINKING decoding chunk=25.41 t/s avg=23.23 t/s 23.678s
0810 14:51:28 ds4-server: chat ctx=677..727:50 gen=600 THINKING decoding chunk=25.98 t/s avg=23.43 t/s 25.603s
0810 14:51:30 ds4-server: chat ctx=727..777:50 gen=650 THINKING decoding chunk=28.55 t/s avg=23.76 t/s 27.354s
0810 14:51:32 ds4-server: chat ctx=777..827:50 gen=700 decoding chunk=24.51 t/s avg=23.81 t/s 29.394s
0810 14:51:34 ds4-server: chat ctx=827..877:50 gen=750 decoding chunk=26.00 t/s avg=23.95 t/s 31.317s
0810 14:51:34 ds4-server: chat ctx=877..879:2 gen=752 decoding chunk=25.27 t/s avg=23.95 t/s 31.396s
0810 14:51:34 ds4-server: thinking live checkpoint remembered ctx=0..127:127 live=879 visible=819
0810 14:51:34 ds4-server: chat ctx=0..127:127 gen=752 finish=stop 48.532s
0810 14:51:34 ds4-server: live kv cache miss live=879 prompt=154 common=45 reason=token-mismatch
0810 14:51:34 ds4-server: chat ctx=0..154:154 prompt start
0810 14:51:51 ds4-server: chat ctx=0..154:154 prompt done 17.156s
0810 14:51:56 ds4-server: chat ctx=154..204:50 gen=50 THINKING decoding chunk=10.41 t/s avg=10.41 t/s 4.801s
0810 14:51:58 ds4-server: chat ctx=204..254:50 gen=100 THINKING decoding chunk=24.49 t/s avg=14.61 t/s 6.843s
0810 14:52:00 ds4-server: chat ctx=254..304:50 gen=150 THINKING decoding chunk=24.61 t/s avg=16.90 t/s 8.874s
0810 14:52:02 ds4-server: chat ctx=304..354:50 gen=200 THINKING decoding chunk=23.22 t/s avg=18.14 t/s 11.028s
0810 14:52:04 ds4-server: chat ctx=354..404:50 gen=250 THINKING decoding chunk=23.41 t/s avg=18.99 t/s 13.164s
0810 14:52:06 ds4-server: chat ctx=404..454:50 gen=300 THINKING decoding chunk=24.67 t/s avg=19.75 t/s 15.190s
0810 14:52:09 ds4-server: chat ctx=454..504:50 gen=350 decoding chunk=22.34 t/s avg=20.08 t/s 17.428s
0810 14:52:11 ds4-server: chat ctx=504..554:50 gen=400 decoding chunk=23.84 t/s avg=20.49 t/s 19.526s
0810 14:52:12 ds4-server: chat ctx=554..594:40 gen=440 decoding chunk=25.96 t/s avg=20.89 t/s 21.067s
0810 14:52:12 ds4-server: thinking live checkpoint remembered ctx=0..154:154 live=594 visible=1103
0810 14:52:12 ds4-server: chat ctx=0..154:154 gen=440 finish=stop 38.223s
0810 14:52:12 ds4-server: live kv cache miss live=594 prompt=256 common=45 reason=token-mismatch
0810 14:52:12 ds4-server: chat ctx=0..256:256 prompt start
0810 14:52:30 ds4-server: chat ctx=0..256:256 prompt done 18.103s
0810 14:52:36 ds4-server: chat ctx=256..306:50 gen=50 THINKING decoding chunk=9.29 t/s avg=9.29 t/s 5.381s
0810 14:52:38 ds4-server: chat ctx=306..356:50 gen=100 THINKING decoding chunk=23.70 t/s avg=13.35 t/s 7.491s
0810 14:52:40 ds4-server: chat ctx=356..406:50 gen=150 THINKING decoding chunk=25.26 t/s avg=15.84 t/s 9.470s
0810 14:52:42 ds4-server: chat ctx=406..456:50 gen=200 THINKING decoding chunk=23.68 t/s avg=17.27 t/s 11.582s
0810 14:52:44 ds4-server: chat ctx=456..506:50 gen=250 THINKING decoding chunk=24.70 t/s avg=18.37 t/s 13.606s
0810 14:52:46 ds4-server: chat ctx=506..556:50 gen=300 THINKING decoding chunk=26.96 t/s avg=19.40 t/s 15.461s
0810 14:52:48 ds4-server: chat ctx=556..606:50 gen=350 THINKING decoding chunk=27.41 t/s avg=20.25 t/s 17.285s
0810 14:52:50 ds4-server: chat ctx=606..656:50 gen=400 THINKING decoding chunk=25.63 t/s avg=20.79 t/s 19.236s
0810 14:52:52 ds4-server: chat ctx=656..706:50 gen=450 THINKING decoding chunk=22.64 t/s avg=20.98 t/s 21.445s
0810 14:52:54 ds4-server: chat ctx=706..756:50 gen=500 THINKING decoding chunk=26.15 t/s avg=21.41 t/s 23.357s
0810 14:52:56 ds4-server: chat ctx=756..806:50 gen=550 THINKING decoding chunk=26.58 t/s avg=21.79 t/s 25.238s
0810 14:52:58 ds4-server: chat ctx=806..856:50 gen=600 THINKING decoding chunk=24.59 t/s avg=22.00 t/s 27.271s
0810 14:53:00 ds4-server: chat ctx=856..906:50 gen=650 THINKING decoding chunk=22.77 t/s avg=22.06 t/s 29.468s
0810 14:53:02 ds4-server: chat ctx=906..956:50 gen=700 THINKING decoding chunk=25.89 t/s avg=22.29 t/s 31.399s
0810 14:53:04 ds4-server: chat ctx=956..1006:50 gen=750 THINKING decoding chunk=26.40 t/s avg=22.53 t/s 33.293s
0810 14:53:05 ds4-server: chat ctx=1006..1056:50 gen=800 THINKING decoding chunk=27.21 t/s avg=22.77 t/s 35.130s
0810 14:53:07 ds4-server: chat ctx=1056..1106:50 gen=850 THINKING decoding chunk=26.43 t/s avg=22.96 t/s 37.022s
0810 14:53:10 ds4-server: chat ctx=1106..1156:50 gen=900 THINKING decoding chunk=21.18 t/s avg=22.85 t/s 39.382s
0810 14:53:12 ds4-server: chat ctx=1156..1206:50 gen=950 THINKING decoding chunk=23.78 t/s avg=22.90 t/s 41.485s
0810 14:53:14 ds4-server: chat ctx=1206..1256:50 gen=1000 THINKING decoding chunk=22.15 t/s avg=22.86 t/s 43.743s
0810 14:53:16 ds4-server: chat ctx=1256..1306:50 gen=1050 THINKING decoding chunk=25.17 t/s avg=22.96 t/s 45.729s
0810 14:53:19 ds4-server: chat ctx=1306..1356:50 gen=1100 THINKING decoding chunk=19.45 t/s avg=22.77 t/s 48.300s
0810 14:53:21 ds4-server: chat ctx=1356..1406:50 gen=1150 THINKING decoding chunk=20.78 t/s avg=22.68 t/s 50.706s
0810 14:53:24 ds4-server: chat ctx=1406..1456:50 gen=1200 decoding chunk=19.62 t/s avg=22.53 t/s 53.255s
0810 14:53:26 ds4-server: chat ctx=1456..1506:50 gen=1250 decoding chunk=23.88 t/s avg=22.58 t/s 55.348s
0810 14:53:28 ds4-server: chat ctx=1506..1556:50 gen=1300 decoding chunk=23.79 t/s avg=22.63 t/s 57.450s
0810 14:53:30 ds4-server: chat ctx=1556..1606:50 gen=1350 decoding chunk=25.90 t/s avg=22.73 t/s 59.381s
0810 14:53:32 ds4-server: chat ctx=1606..1653:47 gen=1397 decoding chunk=23.58 t/s avg=22.76 t/s 61.374s
0810 14:53:32 ds4-server: thinking live checkpoint remembered ctx=0..256:256 live=1653 visible=1954
0810 14:53:32 ds4-server: chat ctx=0..256:256 gen=1397 finish=stop 79.478s
0810 14:53:32 ds4-server: live kv cache miss live=1653 prompt=353 common=45 reason=token-mismatch
0810 14:53:32 ds4-server: chat ctx=0..353:353 prompt start
0810 14:53:50 ds4-server: chat ctx=0..353:353 prompt done 17.844s
0810 14:53:55 ds4-server: chat ctx=353..403:50 gen=50 THINKING decoding chunk=9.94 t/s avg=9.94 t/s 5.029s
0810 14:53:57 ds4-server: chat ctx=403..453:50 gen=100 THINKING decoding chunk=22.86 t/s avg=13.86 t/s 7.216s
0810 14:53:59 ds4-server: chat ctx=453..503:50 gen=150 THINKING decoding chunk=24.09 t/s avg=16.14 t/s 9.291s
0810 14:54:01 ds4-server: chat ctx=503..553:50 gen=200 THINKING decoding chunk=24.27 t/s avg=17.62 t/s 11.351s
0810 14:54:03 ds4-server: chat ctx=553..603:50 gen=250 THINKING decoding chunk=25.95 t/s avg=18.83 t/s 13.277s
0810 14:54:05 ds4-server: chat ctx=603..653:50 gen=300 THINKING decoding chunk=23.88 t/s avg=19.52 t/s 15.371s
0810 14:54:07 ds4-server: chat ctx=653..703:50 gen=350 decoding chunk=24.65 t/s avg=20.12 t/s 17.400s
0810 14:54:09 ds4-server: chat ctx=703..753:50 gen=400 decoding chunk=24.66 t/s avg=20.59 t/s 19.427s
0810 14:54:09 ds4-server: chat ctx=753..760:7 gen=407 decoding chunk=26.53 t/s avg=20.67 t/s 19.691s
0810 14:54:09 ds4-server: thinking live checkpoint remembered ctx=0..353:353 live=760 visible=1790
0810 14:54:09 ds4-server: chat ctx=0..353:353 gen=407 finish=stop 37.536s
0810 14:54:09 ds4-server: live kv cache miss live=760 prompt=206 common=45 reason=token-mismatch
0810 14:54:09 ds4-server: chat ctx=0..206:206 prompt start
0810 14:54:26 ds4-server: chat ctx=0..206:206 prompt done 17.168s
0810 14:54:31 ds4-server: chat ctx=206..256:50 gen=50 THINKING decoding chunk=11.62 t/s avg=11.62 t/s 4.302s
0810 14:54:33 ds4-server: chat ctx=256..306:50 gen=100 THINKING decoding chunk=25.87 t/s avg=16.04 t/s 6.235s
0810 14:54:35 ds4-server: chat ctx=306..356:50 gen=150 THINKING decoding chunk=25.65 t/s avg=18.33 t/s 8.184s
0810 14:54:37 ds4-server: chat ctx=356..406:50 gen=200 THINKING decoding chunk=25.46 t/s avg=19.71 t/s 10.148s
0810 14:54:39 ds4-server: chat ctx=406..456:50 gen=250 THINKING decoding chunk=24.41 t/s avg=20.50 t/s 12.196s
0810 14:54:41 ds4-server: chat ctx=456..506:50 gen=300 THINKING decoding chunk=25.90 t/s avg=21.24 t/s 14.127s
0810 14:54:43 ds4-server: chat ctx=506..556:50 gen=350 THINKING decoding chunk=25.15 t/s avg=21.72 t/s 16.115s
0810 14:54:45 ds4-server: chat ctx=556..606:50 gen=400 THINKING decoding chunk=22.37 t/s avg=21.80 t/s 18.350s
0810 14:54:47 ds4-server: chat ctx=606..656:50 gen=450 THINKING decoding chunk=25.09 t/s avg=22.12 t/s 20.343s
0810 14:54:49 ds4-server: chat ctx=656..706:50 gen=500 THINKING decoding chunk=25.70 t/s avg=22.43 t/s 22.288s
0810 14:54:51 ds4-server: chat ctx=706..756:50 gen=550 THINKING decoding chunk=27.35 t/s avg=22.81 t/s 24.117s
0810 14:54:52 ds4-server: chat ctx=756..806:50 gen=600 THINKING decoding chunk=27.38 t/s avg=23.13 t/s 25.943s
0810 14:54:54 ds4-server: chat ctx=806..856:50 gen=650 decoding chunk=25.51 t/s avg=23.30 t/s 27.903s
0810 14:54:55 ds4-server: chat ctx=856..866:10 gen=660 decoding chunk=25.84 t/s avg=23.33 t/s 28.290s
0810 14:54:55 ds4-server: thinking live checkpoint remembered ctx=0..206:206 live=866 visible=1028
0810 14:54:55 ds4-server: chat ctx=0..206:206 gen=660 finish=stop 45.458s
0810 14:54:55 ds4-server: live kv cache miss live=866 prompt=165 common=45 reason=token-mismatch
0810 14:54:55 ds4-server: chat ctx=0..165:165 prompt start
0810 14:55:12 ds4-server: chat ctx=0..165:165 prompt done 17.366s
0810 14:55:17 ds4-server: chat ctx=165..215:50 gen=50 THINKING decoding chunk=11.07 t/s avg=11.07 t/s 4.518s
0810 14:55:19 ds4-server: chat ctx=215..265:50 gen=100 THINKING decoding chunk=23.07 t/s avg=14.96 t/s 6.686s
0810 14:55:21 ds4-server: chat ctx=265..315:50 gen=150 THINKING decoding chunk=24.98 t/s avg=17.27 t/s 8.687s
0810 14:55:23 ds4-server: chat ctx=315..365:50 gen=200 THINKING decoding chunk=24.95 t/s avg=18.71 t/s 10.691s
0810 14:55:25 ds4-server: chat ctx=365..415:50 gen=250 THINKING decoding chunk=26.17 t/s avg=19.84 t/s 12.602s
0810 14:55:27 ds4-server: chat ctx=415..465:50 gen=300 THINKING decoding chunk=25.72 t/s avg=20.62 t/s 14.546s
0810 14:55:28 ds4-server: chat ctx=465..515:50 gen=350 THINKING decoding chunk=27.50 t/s avg=21.39 t/s 16.364s
0810 14:55:30 ds4-server: chat ctx=515..565:50 gen=400 THINKING decoding chunk=27.60 t/s avg=22.01 t/s 18.176s
0810 14:55:32 ds4-server: chat ctx=565..615:50 gen=450 THINKING decoding chunk=24.34 t/s avg=22.24 t/s 20.230s
0810 14:55:34 ds4-server: chat ctx=615..665:50 gen=500 THINKING decoding chunk=24.65 t/s avg=22.46 t/s 22.258s
0810 14:55:37 ds4-server: chat ctx=665..715:50 gen=550 THINKING decoding chunk=22.92 t/s avg=22.50 t/s 24.440s
0810 14:55:39 ds4-server: chat ctx=715..765:50 gen=600 THINKING decoding chunk=24.82 t/s avg=22.68 t/s 26.454s
0810 14:55:40 ds4-server: chat ctx=765..815:50 gen=650 THINKING decoding chunk=27.23 t/s avg=22.98 t/s 28.290s
0810 14:55:43 ds4-server: chat ctx=815..865:50 gen=700 THINKING decoding chunk=23.47 t/s avg=23.01 t/s 30.420s
0810 14:55:45 ds4-server: chat ctx=865..915:50 gen=750 THINKING decoding chunk=22.33 t/s avg=22.96 t/s 32.660s
0810 14:55:47 ds4-server: chat ctx=915..965:50 gen=800 THINKING decoding chunk=25.78 t/s avg=23.12 t/s 34.599s
0810 14:55:49 ds4-server: chat ctx=965..1015:50 gen=850 THINKING decoding chunk=22.95 t/s avg=23.11 t/s 36.778s
0810 14:55:51 ds4-server: chat ctx=1015..1065:50 gen=900 THINKING decoding chunk=24.13 t/s avg=23.17 t/s 38.850s
0810 14:55:53 ds4-server: chat ctx=1065..1115:50 gen=950 THINKING decoding chunk=25.13 t/s avg=23.26 t/s 40.840s
0810 14:55:55 ds4-server: chat ctx=1115..1165:50 gen=1000 THINKING decoding chunk=25.54 t/s avg=23.37 t/s 42.797s
0810 14:55:57 ds4-server: chat ctx=1165..1215:50 gen=1050 THINKING decoding chunk=24.90 t/s avg=23.43 t/s 44.805s
0810 14:55:59 ds4-server: chat ctx=1215..1265:50 gen=1100 decoding chunk=21.64 t/s avg=23.35 t/s 47.115s
0810 14:56:02 ds4-server: chat ctx=1265..1315:50 gen=1150 decoding chunk=19.14 t/s avg=23.13 t/s 49.727s
0810 14:56:04 ds4-server: chat ctx=1315..1365:50 gen=1200 decoding chunk=24.10 t/s avg=23.17 t/s 51.802s
0810 14:56:06 ds4-server: chat ctx=1365..1415:50 gen=1250 decoding chunk=23.94 t/s avg=23.20 t/s 53.891s
0810 14:56:08 ds4-server: chat ctx=1415..1465:50 gen=1300 decoding chunk=23.85 t/s avg=23.22 t/s 55.987s
0810 14:56:09 ds4-server: chat ctx=1465..1479:14 gen=1314 decoding chunk=27.43 t/s avg=23.26 t/s 56.498s
0810 14:56:09 ds4-server: thinking live checkpoint remembered ctx=0..165:165 live=1479 visible=1467
0810 14:56:09 ds4-server: chat ctx=0..165:165 gen=1314 finish=stop 73.869s
0810 14:56:09 ds4-server: live kv cache miss live=1479 prompt=162 common=45 reason=token-mismatch
0810 14:56:09 ds4-server: chat ctx=0..162:162 prompt start
0810 14:56:27 ds4-server: chat ctx=0..162:162 prompt done 18.186s
0810 14:56:32 ds4-server: chat ctx=162..212:50 gen=50 THINKING decoding chunk=10.31 t/s avg=10.31 t/s 4.848s
0810 14:56:34 ds4-server: chat ctx=212..262:50 gen=100 THINKING decoding chunk=21.52 t/s avg=13.94 t/s 7.171s
0810 14:56:36 ds4-server: chat ctx=262..312:50 gen=150 THINKING decoding chunk=22.76 t/s avg=16.01 t/s 9.369s
0810 14:56:38 ds4-server: chat ctx=312..362:50 gen=200 THINKING decoding chunk=24.68 t/s avg=17.55 t/s 11.395s
0810 14:56:40 ds4-server: chat ctx=362..412:50 gen=250 THINKING decoding chunk=24.13 t/s avg=18.56 t/s 13.467s
0810 14:56:42 ds4-server: chat ctx=412..462:50 gen=300 THINKING decoding chunk=25.69 t/s avg=19.46 t/s 15.413s
0810 14:56:44 ds4-server: chat ctx=462..512:50 gen=350 THINKING decoding chunk=26.88 t/s avg=20.26 t/s 17.273s
0810 14:56:46 ds4-server: chat ctx=512..562:50 gen=400 THINKING decoding chunk=24.62 t/s avg=20.72 t/s 19.304s
0810 14:56:48 ds4-server: chat ctx=562..612:50 gen=450 THINKING decoding chunk=23.47 t/s avg=20.99 t/s 21.434s
0810 14:56:50 ds4-server: chat ctx=612..662:50 gen=500 THINKING decoding chunk=23.66 t/s avg=21.23 t/s 23.547s
0810 14:56:52 ds4-server: chat ctx=662..712:50 gen=550 THINKING decoding chunk=24.02 t/s avg=21.46 t/s 25.628s
0810 14:56:54 ds4-server: chat ctx=712..762:50 gen=600 THINKING decoding chunk=26.14 t/s avg=21.79 t/s 27.541s
0810 14:56:56 ds4-server: chat ctx=762..812:50 gen=650 THINKING decoding chunk=25.53 t/s avg=22.03 t/s 29.499s
0810 14:56:58 ds4-server: chat ctx=812..862:50 gen=700 THINKING decoding chunk=23.85 t/s avg=22.15 t/s 31.596s
0810 14:57:01 ds4-server: chat ctx=862..912:50 gen=750 decoding chunk=21.50 t/s avg=22.11 t/s 33.921s
0810 14:57:03 ds4-server: chat ctx=912..962:50 gen=800 decoding chunk=19.73 t/s avg=21.94 t/s 36.456s
0810 14:57:06 ds4-server: chat ctx=962..1012:50 gen=850 decoding chunk=21.96 t/s avg=21.95 t/s 38.732s
0810 14:57:08 ds4-server: chat ctx=1012..1062:50 gen=900 decoding chunk=23.65 t/s avg=22.03 t/s 40.847s
0810 14:57:10 ds4-server: chat ctx=1062..1112:50 gen=950 decoding chunk=23.68 t/s avg=22.11 t/s 42.958s
0810 14:57:10 ds4-server: chat ctx=1112..1118:6 gen=956 decoding chunk=26.48 t/s avg=22.14 t/s 43.185s
0810 14:57:10 ds4-server: thinking live checkpoint remembered ctx=0..162:162 live=1118 visible=1422
0810 14:57:10 ds4-server: chat ctx=0..162:162 gen=956 finish=stop 61.372s
0810 14:57:10 ds4-server: live kv cache miss live=1118 prompt=269 common=45 reason=token-mismatch
0810 14:57:10 ds4-server: chat ctx=0..269:269 prompt start
0810 14:57:29 ds4-server: chat ctx=0..269:269 prompt done 18.618s
0810 14:57:35 ds4-server: chat ctx=269..319:50 gen=50 THINKING decoding chunk=7.91 t/s avg=7.91 t/s 6.320s
0810 14:57:37 ds4-server: chat ctx=319..369:50 gen=100 THINKING decoding chunk=21.38 t/s avg=11.55 t/s 8.659s
0810 14:57:39 ds4-server: chat ctx=369..419:50 gen=150 THINKING decoding chunk=24.45 t/s avg=14.01 t/s 10.703s
0810 14:57:41 ds4-server: chat ctx=419..469:50 gen=200 THINKING decoding chunk=24.80 t/s avg=15.72 t/s 12.720s
0810 14:57:43 ds4-server: chat ctx=469..519:50 gen=250 THINKING decoding chunk=24.27 t/s avg=16.92 t/s 14.780s
0810 14:57:46 ds4-server: chat ctx=519..569:50 gen=300 THINKING decoding chunk=22.85 t/s avg=17.68 t/s 16.968s
0810 14:57:48 ds4-server: chat ctx=569..619:50 gen=350 THINKING decoding chunk=22.24 t/s avg=18.21 t/s 19.217s
0810 14:57:50 ds4-server: chat ctx=619..669:50 gen=400 THINKING decoding chunk=25.04 t/s avg=18.86 t/s 21.214s
0810 14:57:52 ds4-server: chat ctx=669..719:50 gen=450 THINKING decoding chunk=26.62 t/s avg=19.49 t/s 23.092s
0810 14:57:54 ds4-server: chat ctx=719..769:50 gen=500 decoding chunk=24.42 t/s avg=19.89 t/s 25.140s
0810 14:57:56 ds4-server: chat ctx=769..819:50 gen=550 decoding chunk=27.53 t/s avg=20.40 t/s 26.956s
0810 14:57:57 ds4-server: chat ctx=819..869:50 gen=600 decoding chunk=27.95 t/s avg=20.87 t/s 28.745s
0810 14:57:59 ds4-server: chat ctx=869..919:50 gen=650 decoding chunk=28.02 t/s avg=21.29 t/s 30.530s
0810 14:58:01 ds4-server: chat ctx=919..969:50 gen=700 decoding chunk=29.28 t/s avg=21.71 t/s 32.237s
0810 14:58:01 ds4-server: chat ctx=969..980:11 gen=711 decoding chunk=28.29 t/s avg=21.79 t/s 32.626s
0810 14:58:01 ds4-server: thinking live checkpoint remembered ctx=0..269:269 live=980 visible=1830
0810 14:58:01 ds4-server: chat ctx=0..269:269 gen=711 finish=stop 51.249s
0810 14:58:01 ds4-server: live kv cache miss live=980 prompt=196 common=45 reason=token-mismatch
0810 14:58:01 ds4-server: chat ctx=0..196:196 prompt start
0810 14:58:20 ds4-server: chat ctx=0..196:196 prompt done 18.268s
0810 14:58:24 ds4-server: chat ctx=196..246:50 gen=50 THINKING decoding chunk=10.21 t/s avg=10.21 t/s 4.899s
0810 14:58:27 ds4-server: chat ctx=246..296:50 gen=100 THINKING decoding chunk=22.66 t/s avg=14.07 t/s 7.106s
0810 14:58:29 ds4-server: chat ctx=296..346:50 gen=150 THINKING decoding chunk=24.18 t/s avg=16.35 t/s 9.174s
0810 14:58:31 ds4-server: chat ctx=346..396:50 gen=200 THINKING decoding chunk=24.70 t/s avg=17.86 t/s 11.198s
0810 14:58:33 ds4-server: chat ctx=396..446:50 gen=250 THINKING decoding chunk=23.21 t/s avg=18.72 t/s 13.352s
0810 14:58:35 ds4-server: chat ctx=446..496:50 gen=300 THINKING decoding chunk=24.07 t/s avg=19.44 t/s 15.429s
0810 14:58:37 ds4-server: chat ctx=496..546:50 gen=350 THINKING decoding chunk=25.83 t/s avg=20.15 t/s 17.366s
0810 14:58:39 ds4-server: chat ctx=546..596:50 gen=400 THINKING decoding chunk=26.79 t/s avg=20.80 t/s 19.232s
0810 14:58:41 ds4-server: chat ctx=596..646:50 gen=450 THINKING decoding chunk=25.38 t/s avg=21.22 t/s 21.202s
0810 14:58:43 ds4-server: chat ctx=646..696:50 gen=500 THINKING decoding chunk=24.25 t/s avg=21.49 t/s 23.264s
0810 14:58:45 ds4-server: chat ctx=696..746:50 gen=550 THINKING decoding chunk=22.84 t/s avg=21.61 t/s 25.453s
0810 14:58:47 ds4-server: chat ctx=746..796:50 gen=600 THINKING decoding chunk=22.10 t/s avg=21.65 t/s 27.715s
0810 14:58:49 ds4-server: chat ctx=796..846:50 gen=650 THINKING decoding chunk=25.34 t/s avg=21.89 t/s 29.688s
0810 14:58:51 ds4-server: chat ctx=846..896:50 gen=700 decoding chunk=26.20 t/s avg=22.15 t/s 31.597s
0810 14:58:51 ds4-server: chat ctx=896..903:7 gen=707 decoding chunk=25.98 t/s avg=22.19 t/s 31.866s
0810 14:58:51 ds4-server: thinking live checkpoint remembered ctx=0..196:196 live=903 visible=969
0810 14:58:51 ds4-server: chat ctx=0..196:196 gen=707 finish=stop 50.135s
0810 14:58:51 ds4-server: live kv cache miss live=903 prompt=236 common=45 reason=token-mismatch
0810 14:58:51 ds4-server: chat ctx=0..236:236 prompt start
0810 14:59:09 ds4-server: chat ctx=0..236:236 prompt done 17.268s
0810 14:59:13 ds4-server: chat ctx=236..286:50 gen=50 THINKING decoding chunk=11.86 t/s avg=11.86 t/s 4.217s
0810 14:59:15 ds4-server: chat ctx=286..336:50 gen=100 THINKING decoding chunk=24.31 t/s avg=15.94 t/s 6.274s
0810 14:59:17 ds4-server: chat ctx=336..386:50 gen=150 THINKING decoding chunk=26.84 t/s avg=18.43 t/s 8.137s
0810 14:59:19 ds4-server: chat ctx=386..436:50 gen=200 THINKING decoding chunk=25.70 t/s avg=19.84 t/s 10.083s
0810 14:59:21 ds4-server: chat ctx=436..486:50 gen=250 decoding chunk=25.85 t/s avg=20.80 t/s 12.017s
0810 14:59:23 ds4-server: chat ctx=486..536:50 gen=300 decoding chunk=25.66 t/s avg=21.48 t/s 13.966s
0810 14:59:23 ds4-server: chat ctx=536..545:9 gen=309 decoding chunk=25.43 t/s avg=21.58 t/s 14.320s
0810 14:59:23 ds4-server: thinking live checkpoint remembered ctx=0..236:236 live=545 visible=1134
0810 14:59:23 ds4-server: chat ctx=0..236:236 gen=309 finish=stop 31.599s
0810 14:59:23 ds4-server: live kv cache miss live=545 prompt=121 common=45 reason=token-mismatch
0810 14:59:23 ds4-server: chat ctx=0..121:121 prompt start
0810 14:59:41 ds4-server: chat ctx=0..121:121 prompt done 17.909s
0810 14:59:46 ds4-server: chat ctx=121..171:50 gen=50 THINKING decoding chunk=11.44 t/s avg=11.44 t/s 4.371s
0810 14:59:48 ds4-server: chat ctx=171..221:50 gen=100 THINKING decoding chunk=23.61 t/s avg=15.41 t/s 6.488s
0810 14:59:50 ds4-server: chat ctx=221..271:50 gen=150 THINKING decoding chunk=25.36 t/s avg=17.73 t/s 8.460s
0810 14:59:52 ds4-server: chat ctx=271..321:50 gen=200 THINKING decoding chunk=25.66 t/s avg=19.21 t/s 10.409s
0810 14:59:54 ds4-server: chat ctx=321..371:50 gen=250 THINKING decoding chunk=25.67 t/s avg=20.23 t/s 12.357s
0810 14:59:55 ds4-server: chat ctx=371..421:50 gen=300 THINKING decoding chunk=26.32 t/s avg=21.04 t/s 14.257s
0810 14:59:57 ds4-server: chat ctx=421..471:50 gen=350 THINKING decoding chunk=27.37 t/s avg=21.76 t/s 16.084s
0810 14:59:59 ds4-server: chat ctx=471..521:50 gen=400 THINKING decoding chunk=24.79 t/s avg=22.10 t/s 18.101s
0810 15:00:01 ds4-server: chat ctx=521..571:50 gen=450 THINKING decoding chunk=28.11 t/s avg=22.64 t/s 19.880s
0810 15:00:03 ds4-server: chat ctx=571..621:50 gen=500 THINKING decoding chunk=27.61 t/s avg=23.05 t/s 21.691s
0810 15:00:05 ds4-server: chat ctx=621..671:50 gen=550 THINKING decoding chunk=27.30 t/s avg=23.38 t/s 23.522s
0810 15:00:07 ds4-server: chat ctx=671..721:50 gen=600 THINKING decoding chunk=27.28 t/s avg=23.66 t/s 25.355s
0810 15:00:08 ds4-server: chat ctx=721..771:50 gen=650 THINKING decoding chunk=27.26 t/s avg=23.91 t/s 27.189s
0810 15:00:10 ds4-server: chat ctx=771..821:50 gen=700 THINKING decoding chunk=25.22 t/s avg=24.00 t/s 29.171s
0810 15:00:12 ds4-server: chat ctx=821..871:50 gen=750 THINKING decoding chunk=24.32 t/s avg=24.02 t/s 31.227s
0810 15:00:14 ds4-server: chat ctx=871..921:50 gen=800 THINKING decoding chunk=25.96 t/s avg=24.13 t/s 33.153s
0810 15:00:16 ds4-server: chat ctx=921..971:50 gen=850 THINKING decoding chunk=25.13 t/s avg=24.19 t/s 35.143s
0810 15:00:18 ds4-server: chat ctx=971..1021:50 gen=900 THINKING decoding chunk=24.11 t/s avg=24.18 t/s 37.216s
0810 15:00:21 ds4-server: chat ctx=1021..1071:50 gen=950 THINKING decoding chunk=23.13 t/s avg=24.13 t/s 39.378s
0810 15:00:22 ds4-server: chat ctx=1071..1121:50 gen=1000 THINKING decoding chunk=25.83 t/s avg=24.21 t/s 41.314s
0810 15:00:24 ds4-server: chat ctx=1121..1171:50 gen=1050 decoding chunk=25.69 t/s avg=24.27 t/s 43.260s
0810 15:00:26 ds4-server: chat ctx=1171..1221:50 gen=1100 decoding chunk=26.81 t/s avg=24.38 t/s 45.125s
0810 15:00:27 ds4-server: chat ctx=1221..1244:23 gen=1123 decoding chunk=27.84 t/s avg=24.44 t/s 45.952s
0810 15:00:27 ds4-server: thinking live checkpoint remembered ctx=0..121:121 live=1244 visible=854
0810 15:00:27 ds4-server: chat ctx=0..121:121 gen=1123 finish=stop 63.861s
0810 15:00:27 ds4-server: live kv cache miss live=1244 prompt=197 common=46 reason=token-mismatch
0810 15:00:27 ds4-server: chat ctx=0..197:197 prompt start
0810 15:00:44 ds4-server: chat ctx=0..197:197 prompt done 17.295s
0810 15:00:49 ds4-server: chat ctx=197..247:50 gen=50 THINKING decoding chunk=11.50 t/s avg=11.50 t/s 4.348s
0810 15:00:51 ds4-server: chat ctx=247..297:50 gen=100 THINKING decoding chunk=21.85 t/s avg=15.07 t/s 6.637s
0810 15:00:53 ds4-server: chat ctx=297..347:50 gen=150 THINKING decoding chunk=23.85 t/s avg=17.18 t/s 8.733s
0810 15:00:55 ds4-server: chat ctx=347..397:50 gen=200 THINKING decoding chunk=24.55 t/s avg=18.57 t/s 10.769s
0810 15:00:57 ds4-server: chat ctx=397..447:50 gen=250 THINKING decoding chunk=25.16 t/s avg=19.60 t/s 12.757s
0810 15:00:59 ds4-server: chat ctx=447..497:50 gen=300 THINKING decoding chunk=24.94 t/s avg=20.32 t/s 14.761s
0810 15:01:01 ds4-server: chat ctx=497..547:50 gen=350 THINKING decoding chunk=26.10 t/s avg=20.99 t/s 16.677s
0810 15:01:03 ds4-server: chat ctx=547..597:50 gen=400 THINKING decoding chunk=27.49 t/s avg=21.63 t/s 18.496s
0810 15:01:05 ds4-server: chat ctx=597..647:50 gen=450 THINKING decoding chunk=27.30 t/s avg=22.14 t/s 20.328s
0810 15:01:07 ds4-server: chat ctx=647..697:50 gen=500 THINKING decoding chunk=27.10 t/s avg=22.55 t/s 22.173s
0810 15:01:09 ds4-server: chat ctx=697..747:50 gen=550 THINKING decoding chunk=25.36 t/s avg=22.78 t/s 24.145s
0810 15:01:10 ds4-server: chat ctx=747..797:50 gen=600 THINKING decoding chunk=28.01 t/s avg=23.14 t/s 25.929s
0810 15:01:12 ds4-server: chat ctx=797..847:50 gen=650 THINKING decoding chunk=25.87 t/s avg=23.33 t/s 27.863s
0810 15:01:14 ds4-server: chat ctx=847..897:50 gen=700 THINKING decoding chunk=27.89 t/s avg=23.60 t/s 29.655s
0810 15:01:16 ds4-server: chat ctx=897..947:50 gen=750 THINKING decoding chunk=27.44 t/s avg=23.83 t/s 31.478s
0810 15:01:18 ds4-server: chat ctx=947..997:50 gen=800 THINKING decoding chunk=27.24 t/s avg=24.01 t/s 33.313s
0810 15:01:20 ds4-server: chat ctx=997..1047:50 gen=850 THINKING decoding chunk=27.18 t/s avg=24.18 t/s 35.153s
0810 15:01:21 ds4-server: chat ctx=1047..1097:50 gen=900 THINKING decoding chunk=26.65 t/s avg=24.31 t/s 37.029s
0810 15:01:23 ds4-server: chat ctx=1097..1147:50 gen=950 THINKING decoding chunk=27.74 t/s avg=24.46 t/s 38.831s
0810 15:01:25 ds4-server: chat ctx=1147..1197:50 gen=1000 THINKING decoding chunk=26.86 t/s avg=24.57 t/s 40.693s
0810 15:01:27 ds4-server: chat ctx=1197..1247:50 gen=1050 THINKING decoding chunk=26.93 t/s avg=24.68 t/s 42.549s
0810 15:01:29 ds4-server: chat ctx=1247..1297:50 gen=1100 THINKING decoding chunk=27.17 t/s avg=24.78 t/s 44.390s
0810 15:01:31 ds4-server: chat ctx=1297..1347:50 gen=1150 THINKING decoding chunk=24.17 t/s avg=24.75 t/s 46.459s
0810 15:01:33 ds4-server: chat ctx=1347..1397:50 gen=1200 THINKING decoding chunk=24.45 t/s avg=24.74 t/s 48.504s
0810 15:01:35 ds4-server: chat ctx=1397..1447:50 gen=1250 THINKING decoding chunk=25.62 t/s avg=24.77 t/s 50.455s
0810 15:01:37 ds4-server: chat ctx=1447..1497:50 gen=1300 THINKING decoding chunk=24.89 t/s avg=24.78 t/s 52.464s
0810 15:01:39 ds4-server: chat ctx=1497..1547:50 gen=1350 THINKING decoding chunk=26.20 t/s avg=24.83 t/s 54.372s
0810 15:01:41 ds4-server: chat ctx=1547..1597:50 gen=1400 THINKING decoding chunk=26.82 t/s avg=24.89 t/s 56.236s
0810 15:01:43 ds4-server: chat ctx=1597..1647:50 gen=1450 THINKING decoding chunk=25.87 t/s avg=24.93 t/s 58.169s
0810 15:01:45 ds4-server: chat ctx=1647..1697:50 gen=1500 THINKING decoding chunk=26.09 t/s avg=24.96 t/s 60.086s
0810 15:01:46 ds4-server: chat ctx=1697..1747:50 gen=1550 THINKING decoding chunk=27.36 t/s avg=25.03 t/s 61.914s
0810 15:01:48 ds4-server: chat ctx=1747..1797:50 gen=1600 THINKING decoding chunk=26.12 t/s avg=25.07 t/s 63.828s
0810 15:01:50 ds4-server: chat ctx=1797..1847:50 gen=1650 THINKING decoding chunk=25.82 t/s avg=25.09 t/s 65.764s
0810 15:01:52 ds4-server: chat ctx=1847..1897:50 gen=1700 THINKING decoding chunk=27.22 t/s avg=25.15 t/s 67.601s
0810 15:01:54 ds4-server: chat ctx=1897..1947:50 gen=1750 THINKING decoding chunk=27.22 t/s avg=25.20 t/s 69.438s
0810 15:01:56 ds4-server: chat ctx=1947..1997:50 gen=1800 THINKING decoding chunk=26.10 t/s avg=25.23 t/s 71.353s
0810 15:01:58 ds4-server: chat ctx=1997..2047:50 gen=1850 THINKING decoding chunk=26.27 t/s avg=25.25 t/s 73.257s
0810 15:02:00 ds4-server: chat ctx=2047..2097:50 gen=1900 THINKING decoding chunk=26.19 t/s avg=25.28 t/s 75.166s
0810 15:02:01 ds4-server: chat ctx=2097..2147:50 gen=1950 THINKING decoding chunk=27.73 t/s avg=25.33 t/s 76.969s
0810 15:02:03 ds4-server: chat ctx=2147..2197:50 gen=2000 THINKING decoding chunk=27.45 t/s avg=25.38 t/s 78.790s
0810 15:02:05 ds4-server: chat ctx=2197..2247:50 gen=2050 THINKING decoding chunk=27.17 t/s avg=25.42 t/s 80.631s
0810 15:02:07 ds4-server: chat ctx=2247..2297:50 gen=2100 THINKING decoding chunk=25.56 t/s avg=25.43 t/s 82.587s
0810 15:02:09 ds4-server: chat ctx=2297..2347:50 gen=2150 THINKING decoding chunk=25.57 t/s avg=25.43 t/s 84.542s
0810 15:02:11 ds4-server: chat ctx=2347..2397:50 gen=2200 THINKING decoding chunk=26.34 t/s avg=25.45 t/s 86.441s
0810 15:02:13 ds4-server: chat ctx=2397..2447:50 gen=2250 THINKING decoding chunk=26.58 t/s avg=25.48 t/s 88.322s
0810 15:02:15 ds4-server: chat ctx=2447..2497:50 gen=2300 THINKING decoding chunk=27.19 t/s avg=25.51 t/s 90.161s
0810 15:02:17 ds4-server: chat ctx=2497..2547:50 gen=2350 THINKING decoding chunk=25.86 t/s avg=25.52 t/s 92.094s
0810 15:02:18 ds4-server: chat ctx=2547..2597:50 gen=2400 THINKING decoding chunk=25.85 t/s avg=25.52 t/s 94.028s
0810 15:02:21 ds4-server: chat ctx=2597..2647:50 gen=2450 THINKING decoding chunk=23.29 t/s avg=25.47 t/s 96.175s
0810 15:02:23 ds4-server: chat ctx=2647..2697:50 gen=2500 THINKING decoding chunk=24.42 t/s avg=25.45 t/s 98.222s
0810 15:02:25 ds4-server: chat ctx=2697..2747:50 gen=2550 THINKING decoding chunk=25.95 t/s avg=25.46 t/s 100.149s
0810 15:02:26 ds4-server: chat ctx=2747..2797:50 gen=2600 THINKING decoding chunk=26.45 t/s avg=25.48 t/s 102.040s
0810 15:02:28 ds4-server: chat ctx=2797..2847:50 gen=2650 THINKING decoding chunk=25.79 t/s avg=25.49 t/s 103.979s
0810 15:02:30 ds4-server: chat ctx=2847..2897:50 gen=2700 THINKING decoding chunk=26.13 t/s avg=25.50 t/s 105.892s
0810 15:02:32 ds4-server: chat ctx=2897..2947:50 gen=2750 THINKING decoding chunk=26.40 t/s avg=25.51 t/s 107.786s
0810 15:02:34 ds4-server: chat ctx=2947..2997:50 gen=2800 THINKING decoding chunk=26.47 t/s avg=25.53 t/s 109.675s
0810 15:02:36 ds4-server: chat ctx=2997..3047:50 gen=2850 THINKING decoding chunk=26.13 t/s avg=25.54 t/s 111.588s
0810 15:02:38 ds4-server: chat ctx=3047..3097:50 gen=2900 THINKING decoding chunk=25.87 t/s avg=25.55 t/s 113.521s
0810 15:02:40 ds4-server: chat ctx=3097..3147:50 gen=2950 THINKING decoding chunk=25.83 t/s avg=25.55 t/s 115.456s
0810 15:02:42 ds4-server: chat ctx=3147..3197:50 gen=3000 THINKING decoding chunk=26.93 t/s avg=25.57 t/s 117.313s
0810 15:02:44 ds4-server: chat ctx=3197..3247:50 gen=3050 THINKING decoding chunk=27.01 t/s avg=25.59 t/s 119.164s
0810 15:02:46 ds4-server: chat ctx=3247..3297:50 gen=3100 THINKING decoding chunk=25.33 t/s avg=25.59 t/s 121.138s
0810 15:02:48 ds4-server: chat ctx=3297..3347:50 gen=3150 THINKING decoding chunk=22.77 t/s avg=25.54 t/s 123.334s
0810 15:02:50 ds4-server: chat ctx=3347..3397:50 gen=3200 THINKING decoding chunk=22.71 t/s avg=25.49 t/s 125.536s
0810 15:02:52 ds4-server: chat ctx=3397..3447:50 gen=3250 THINKING decoding chunk=21.25 t/s avg=25.41 t/s 127.890s
0810 15:02:54 ds4-server: chat ctx=3447..3497:50 gen=3300 THINKING decoding chunk=23.42 t/s avg=25.38 t/s 130.025s
0810 15:02:57 ds4-server: chat ctx=3497..3547:50 gen=3350 THINKING decoding chunk=24.13 t/s avg=25.36 t/s 132.097s
0810 15:02:59 ds4-server: chat ctx=3547..3597:50 gen=3400 THINKING decoding chunk=22.42 t/s avg=25.31 t/s 134.327s
0810 15:03:01 ds4-server: chat ctx=3597..3647:50 gen=3450 THINKING decoding chunk=23.63 t/s avg=25.29 t/s 136.444s
0810 15:03:03 ds4-server: chat ctx=3647..3697:50 gen=3500 THINKING decoding chunk=24.66 t/s avg=25.28 t/s 138.471s
0810 15:03:05 ds4-server: chat ctx=3697..3747:50 gen=3550 THINKING decoding chunk=24.95 t/s avg=25.27 t/s 140.475s
0810 15:03:07 ds4-server: chat ctx=3747..3797:50 gen=3600 THINKING decoding chunk=26.29 t/s avg=25.29 t/s 142.377s
0810 15:03:09 ds4-server: chat ctx=3797..3847:50 gen=3650 THINKING decoding chunk=26.39 t/s avg=25.30 t/s 144.272s
0810 15:03:11 ds4-server: chat ctx=3847..3897:50 gen=3700 THINKING decoding chunk=22.78 t/s avg=25.26 t/s 146.467s
0810 15:03:14 ds4-server: chat ctx=3897..3947:50 gen=3750 decoding chunk=18.04 t/s avg=25.13 t/s 149.238s
0810 15:03:16 ds4-server: chat ctx=3947..3997:50 gen=3800 decoding chunk=23.10 t/s avg=25.10 t/s 151.403s
0810 15:03:18 ds4-server: chat ctx=3997..4047:50 gen=3850 decoding chunk=23.24 t/s avg=25.07 t/s 153.554s
0810 15:03:19 ds4-server: chat ctx=4047..4070:23 gen=3873 decoding chunk=24.41 t/s avg=25.07 t/s 154.496s
0810 15:03:19 ds4-server: thinking live checkpoint remembered ctx=0..197:197 live=4070 visible=1200
0810 15:03:19 ds4-server: chat ctx=0..197:197 gen=3873 finish=stop 171.793s
0810 15:03:19 ds4-server: live kv cache miss live=4070 prompt=151 common=46 reason=token-mismatch
0810 15:03:19 ds4-server: chat ctx=0..151:151 prompt start
0810 15:03:38 ds4-server: chat ctx=0..151:151 prompt done 18.923s
0810 15:03:42 ds4-server: chat ctx=151..201:50 gen=50 THINKING decoding chunk=10.88 t/s avg=10.88 t/s 4.594s
0810 15:03:45 ds4-server: chat ctx=201..251:50 gen=100 THINKING decoding chunk=23.12 t/s avg=14.80 t/s 6.756s
0810 15:03:47 ds4-server: chat ctx=251..301:50 gen=150 THINKING decoding chunk=23.00 t/s avg=16.80 t/s 8.930s
0810 15:03:49 ds4-server: chat ctx=301..351:50 gen=200 THINKING decoding chunk=24.23 t/s avg=18.19 t/s 10.993s
0810 15:03:51 ds4-server: chat ctx=351..401:50 gen=250 THINKING decoding chunk=24.22 t/s avg=19.15 t/s 13.058s
0810 15:03:53 ds4-server: chat ctx=401..451:50 gen=300 THINKING decoding chunk=25.83 t/s avg=20.01 t/s 14.993s
0810 15:03:55 ds4-server: chat ctx=451..501:50 gen=350 THINKING decoding chunk=23.30 t/s avg=20.42 t/s 17.139s
0810 15:03:57 ds4-server: chat ctx=501..551:50 gen=400 THINKING decoding chunk=24.92 t/s avg=20.89 t/s 19.145s
0810 15:03:59 ds4-server: chat ctx=551..601:50 gen=450 THINKING decoding chunk=26.27 t/s avg=21.38 t/s 21.048s
0810 15:04:01 ds4-server: chat ctx=601..651:50 gen=500 THINKING decoding chunk=26.58 t/s avg=21.81 t/s 22.929s
0810 15:04:03 ds4-server: chat ctx=651..701:50 gen=550 THINKING decoding chunk=25.63 t/s avg=22.11 t/s 24.880s
0810 15:04:05 ds4-server: chat ctx=701..751:50 gen=600 THINKING decoding chunk=26.05 t/s avg=22.39 t/s 26.800s
0810 15:04:07 ds4-server: chat ctx=751..801:50 gen=650 THINKING decoding chunk=24.14 t/s avg=22.51 t/s 28.871s
0810 15:04:09 ds4-server: chat ctx=801..851:50 gen=700 THINKING decoding chunk=24.42 t/s avg=22.64 t/s 30.918s
0810 15:04:11 ds4-server: chat ctx=851..901:50 gen=750 THINKING decoding chunk=25.63 t/s avg=22.82 t/s 32.869s
0810 15:04:13 ds4-server: chat ctx=901..951:50 gen=800 THINKING decoding chunk=22.66 t/s avg=22.81 t/s 35.075s
0810 15:04:15 ds4-server: chat ctx=951..1001:50 gen=850 THINKING decoding chunk=24.70 t/s avg=22.91 t/s 37.100s
0810 15:04:17 ds4-server: chat ctx=1001..1051:50 gen=900 THINKING decoding chunk=25.31 t/s avg=23.03 t/s 39.075s
0810 15:04:19 ds4-server: chat ctx=1051..1101:50 gen=950 THINKING decoding chunk=24.87 t/s avg=23.12 t/s 41.085s
0810 15:04:21 ds4-server: chat ctx=1101..1151:50 gen=1000 THINKING decoding chunk=23.81 t/s avg=23.16 t/s 43.185s
0810 15:04:23 ds4-server: chat ctx=1151..1201:50 gen=1050 THINKING decoding chunk=22.42 t/s avg=23.12 t/s 45.416s
0810 15:04:25 ds4-server: chat ctx=1201..1251:50 gen=1100 THINKING decoding chunk=23.07 t/s avg=23.12 t/s 47.583s
0810 15:04:28 ds4-server: chat ctx=1251..1301:50 gen=1150 THINKING decoding chunk=24.03 t/s avg=23.16 t/s 49.664s
0810 15:04:30 ds4-server: chat ctx=1301..1351:50 gen=1200 THINKING decoding chunk=24.11 t/s avg=23.19 t/s 51.738s
0810 15:04:32 ds4-server: chat ctx=1351..1401:50 gen=1250 THINKING decoding chunk=25.05 t/s avg=23.26 t/s 53.734s
0810 15:04:34 ds4-server: chat ctx=1401..1451:50 gen=1300 THINKING decoding chunk=24.73 t/s avg=23.32 t/s 55.756s
0810 15:04:36 ds4-server: chat ctx=1451..1501:50 gen=1350 THINKING decoding chunk=26.07 t/s avg=23.41 t/s 57.674s
0810 15:04:38 ds4-server: chat ctx=1501..1551:50 gen=1400 THINKING decoding chunk=20.45 t/s avg=23.29 t/s 60.118s
0810 15:04:40 ds4-server: chat ctx=1551..1601:50 gen=1450 decoding chunk=21.33 t/s avg=23.21 t/s 62.463s
0810 15:04:42 ds4-server: chat ctx=1601..1651:50 gen=1500 decoding chunk=24.65 t/s avg=23.26 t/s 64.491s
0810 15:04:44 ds4-server: chat ctx=1651..1686:35 gen=1535 decoding chunk=25.20 t/s avg=23.30 t/s 65.880s
0810 15:04:44 ds4-server: thinking live checkpoint remembered ctx=0..151:151 live=1686 visible=971
0810 15:04:44 ds4-server: chat ctx=0..151:151 gen=1535 finish=stop 84.805s
0810 15:04:44 ds4-server: live kv cache miss live=1686 prompt=340 common=45 reason=token-mismatch
0810 15:04:44 ds4-server: chat ctx=0..340:340 prompt start
0810 15:05:03 ds4-server: chat ctx=0..340:340 prompt done 18.700s
0810 15:05:08 ds4-server: chat ctx=340..390:50 gen=50 THINKING decoding chunk=10.01 t/s avg=10.01 t/s 4.997s
0810 15:05:10 ds4-server: chat ctx=390..440:50 gen=100 THINKING decoding chunk=24.04 t/s avg=14.13 t/s 7.076s
0810 15:05:12 ds4-server: chat ctx=440..490:50 gen=150 THINKING decoding chunk=25.23 t/s avg=16.56 t/s 9.058s
0810 15:05:14 ds4-server: chat ctx=490..540:50 gen=200 THINKING decoding chunk=25.30 t/s avg=18.12 t/s 11.035s
0810 15:05:16 ds4-server: chat ctx=540..590:50 gen=250 THINKING decoding chunk=22.89 t/s avg=18.91 t/s 13.219s
0810 15:05:18 ds4-server: chat ctx=590..640:50 gen=300 THINKING decoding chunk=25.25 t/s avg=19.74 t/s 15.199s
0810 15:05:20 ds4-server: chat ctx=640..690:50 gen=350 THINKING decoding chunk=24.96 t/s avg=20.35 t/s 17.202s
0810 15:05:22 ds4-server: chat ctx=690..740:50 gen=400 THINKING decoding chunk=21.72 t/s avg=20.51 t/s 19.505s
0810 15:05:24 ds4-server: chat ctx=740..790:50 gen=450 THINKING decoding chunk=24.13 t/s avg=20.86 t/s 21.577s
0810 15:05:26 ds4-server: chat ctx=790..840:50 gen=500 THINKING decoding chunk=23.41 t/s avg=21.09 t/s 23.712s
0810 15:05:28 ds4-server: chat ctx=840..890:50 gen=550 THINKING decoding chunk=23.21 t/s avg=21.26 t/s 25.867s
0810 15:05:30 ds4-server: chat ctx=890..940:50 gen=600 THINKING decoding chunk=24.49 t/s avg=21.50 t/s 27.908s
0810 15:05:32 ds4-server: chat ctx=940..990:50 gen=650 THINKING decoding chunk=24.74 t/s avg=21.72 t/s 29.929s
0810 15:05:35 ds4-server: chat ctx=990..1040:50 gen=700 decoding chunk=21.19 t/s avg=21.68 t/s 32.289s
0810 15:05:37 ds4-server: chat ctx=1040..1090:50 gen=750 decoding chunk=24.33 t/s avg=21.84 t/s 34.344s
0810 15:05:39 ds4-server: chat ctx=1090..1140:50 gen=800 decoding chunk=25.11 t/s avg=22.02 t/s 36.335s
0810 15:05:41 ds4-server: chat ctx=1140..1190:50 gen=850 decoding chunk=26.28 t/s avg=22.23 t/s 38.238s
0810 15:05:43 ds4-server: chat ctx=1190..1240:50 gen=900 decoding chunk=26.11 t/s avg=22.41 t/s 40.153s
0810 15:05:45 ds4-server: chat ctx=1240..1290:50 gen=950 decoding chunk=27.29 t/s avg=22.63 t/s 41.985s
0810 15:05:46 ds4-server: chat ctx=1290..1340:50 gen=1000 decoding chunk=27.96 t/s avg=22.85 t/s 43.773s
0810 15:05:48 ds4-server: chat ctx=1340..1375:35 gen=1035 decoding chunk=27.64 t/s avg=22.98 t/s 45.040s
0810 15:05:48 ds4-server: thinking live checkpoint remembered ctx=0..340:340 live=1375 visible=2331
0810 15:05:48 ds4-server: chat ctx=0..340:340 gen=1035 finish=stop 63.741s
0810 15:05:48 ds4-server: live kv cache miss live=1375 prompt=184 common=45 reason=token-mismatch
0810 15:05:48 ds4-server: chat ctx=0..184:184 prompt start
0810 15:06:05 ds4-server: chat ctx=0..184:184 prompt done 17.373s
0810 15:06:10 ds4-server: chat ctx=184..234:50 gen=50 THINKING decoding chunk=10.06 t/s avg=10.06 t/s 4.971s
0810 15:06:12 ds4-server: chat ctx=234..284:50 gen=100 THINKING decoding chunk=22.27 t/s avg=13.86 t/s 7.216s
0810 15:06:14 ds4-server: chat ctx=284..334:50 gen=150 THINKING decoding chunk=23.01 t/s avg=15.98 t/s 9.388s
0810 15:06:16 ds4-server: chat ctx=334..384:50 gen=200 THINKING decoding chunk=24.04 t/s avg=17.44 t/s 11.468s
0810 15:06:18 ds4-server: chat ctx=384..434:50 gen=250 THINKING decoding chunk=24.55 t/s avg=18.51 t/s 13.504s
0810 15:06:20 ds4-server: chat ctx=434..484:50 gen=300 THINKING decoding chunk=24.74 t/s avg=19.32 t/s 15.525s
0810 15:06:23 ds4-server: chat ctx=484..534:50 gen=350 THINKING decoding chunk=24.70 t/s avg=19.94 t/s 17.550s
0810 15:06:25 ds4-server: chat ctx=534..584:50 gen=400 decoding chunk=23.36 t/s avg=20.31 t/s 19.690s
0810 15:06:27 ds4-server: chat ctx=584..634:50 gen=450 decoding chunk=23.14 t/s avg=20.59 t/s 21.851s
0810 15:06:29 ds4-server: chat ctx=634..684:50 gen=500 decoding chunk=23.20 t/s avg=20.83 t/s 24.007s
0810 15:06:30 ds4-server: chat ctx=684..717:33 gen=533 decoding chunk=24.36 t/s avg=21.02 t/s 25.361s
0810 15:06:30 ds4-server: thinking live checkpoint remembered ctx=0..184:184 live=717 visible=1510
0810 15:06:30 ds4-server: chat ctx=0..184:184 gen=533 finish=stop 42.735s
0810 15:06:30 ds4-server: live kv cache miss live=717 prompt=163 common=45 reason=token-mismatch
0810 15:06:30 ds4-server: chat ctx=0..163:163 prompt start
0810 15:06:48 ds4-server: chat ctx=0..163:163 prompt done 17.314s
0810 15:06:52 ds4-server: chat ctx=163..213:50 gen=50 THINKING decoding chunk=10.94 t/s avg=10.94 t/s 4.570s
0810 15:06:55 ds4-server: chat ctx=213..263:50 gen=100 THINKING decoding chunk=20.93 t/s avg=14.37 t/s 6.959s
0810 15:06:57 ds4-server: chat ctx=263..313:50 gen=150 THINKING decoding chunk=23.10 t/s avg=16.44 t/s 9.123s
0810 15:06:59 ds4-server: chat ctx=313..363:50 gen=200 THINKING decoding chunk=24.36 t/s avg=17.90 t/s 11.176s
0810 15:07:01 ds4-server: chat ctx=363..413:50 gen=250 THINKING decoding chunk=24.29 t/s avg=18.89 t/s 13.235s
0810 15:07:03 ds4-server: chat ctx=413..463:50 gen=300 THINKING decoding chunk=24.54 t/s avg=19.64 t/s 15.272s
0810 15:07:05 ds4-server: chat ctx=463..513:50 gen=350 THINKING decoding chunk=24.69 t/s avg=20.23 t/s 17.297s
0810 15:07:07 ds4-server: chat ctx=513..563:50 gen=400 THINKING decoding chunk=22.16 t/s avg=20.46 t/s 19.553s
0810 15:07:09 ds4-server: chat ctx=563..613:50 gen=450 THINKING decoding chunk=23.26 t/s avg=20.73 t/s 21.703s
0810 15:07:11 ds4-server: chat ctx=613..663:50 gen=500 THINKING decoding chunk=23.57 t/s avg=20.99 t/s 23.824s
0810 15:07:14 ds4-server: chat ctx=663..713:50 gen=550 decoding chunk=24.63 t/s avg=21.27 t/s 25.855s
0810 15:07:15 ds4-server: chat ctx=713..763:50 gen=600 decoding chunk=26.54 t/s avg=21.63 t/s 27.739s
0810 15:07:17 ds4-server: chat ctx=763..813:50 gen=650 decoding chunk=27.41 t/s avg=21.99 t/s 29.563s
0810 15:07:18 ds4-server: chat ctx=813..842:29 gen=679 decoding chunk=27.03 t/s avg=22.16 t/s 30.636s
0810 15:07:18 ds4-server: thinking live checkpoint remembered ctx=0..163:163 live=842 visible=1251
0810 15:07:18 ds4-server: chat ctx=0..163:163 gen=679 finish=stop 47.951s
0810 15:07:18 ds4-server: live kv cache miss live=842 prompt=314 common=45 reason=token-mismatch
0810 15:07:18 ds4-server: chat ctx=0..314:314 prompt start
0810 15:07:37 ds4-server: chat ctx=0..314:314 prompt done 18.754s
0810 15:07:43 ds4-server: chat ctx=314..364:50 gen=50 THINKING decoding chunk=9.20 t/s avg=9.20 t/s 5.435s
0810 15:07:45 ds4-server: chat ctx=364..414:50 gen=100 THINKING decoding chunk=24.52 t/s avg=13.38 t/s 7.474s
0810 15:07:47 ds4-server: chat ctx=414..464:50 gen=150 THINKING decoding chunk=25.52 t/s avg=15.90 t/s 9.433s
0810 15:07:49 ds4-server: chat ctx=464..514:50 gen=200 THINKING decoding chunk=21.57 t/s avg=17.02 t/s 11.752s
0810 15:07:51 ds4-server: chat ctx=514..564:50 gen=250 THINKING decoding chunk=22.57 t/s avg=17.90 t/s 13.967s
0810 15:07:53 ds4-server: chat ctx=564..614:50 gen=300 THINKING decoding chunk=26.40 t/s avg=18.91 t/s 15.861s
0810 15:07:55 ds4-server: chat ctx=614..664:50 gen=350 THINKING decoding chunk=24.70 t/s avg=19.57 t/s 17.886s
0810 15:07:57 ds4-server: chat ctx=664..714:50 gen=400 THINKING decoding chunk=24.56 t/s avg=20.08 t/s 19.922s
0810 15:07:59 ds4-server: chat ctx=714..764:50 gen=450 THINKING decoding chunk=25.47 t/s avg=20.56 t/s 21.884s
0810 15:08:01 ds4-server: chat ctx=764..814:50 gen=500 THINKING decoding chunk=27.50 t/s avg=21.09 t/s 23.703s
0810 15:08:03 ds4-server: chat ctx=814..864:50 gen=550 THINKING decoding chunk=27.06 t/s avg=21.53 t/s 25.550s
0810 15:08:04 ds4-server: chat ctx=864..914:50 gen=600 THINKING decoding chunk=27.61 t/s avg=21.93 t/s 27.361s
0810 15:08:06 ds4-server: chat ctx=914..964:50 gen=650 THINKING decoding chunk=27.50 t/s avg=22.28 t/s 29.179s
0810 15:08:08 ds4-server: chat ctx=964..1014:50 gen=700 THINKING decoding chunk=25.71 t/s avg=22.49 t/s 31.124s
0810 15:08:10 ds4-server: chat ctx=1014..1064:50 gen=750 THINKING decoding chunk=27.44 t/s avg=22.76 t/s 32.946s
0810 15:08:12 ds4-server: chat ctx=1064..1114:50 gen=800 THINKING decoding chunk=24.81 t/s avg=22.88 t/s 34.962s
0810 15:08:14 ds4-server: chat ctx=1114..1164:50 gen=850 THINKING decoding chunk=22.73 t/s avg=22.87 t/s 37.162s
0810 15:08:16 ds4-server: chat ctx=1164..1214:50 gen=900 THINKING decoding chunk=25.52 t/s avg=23.01 t/s 39.121s
0810 15:08:18 ds4-server: chat ctx=1214..1264:50 gen=950 THINKING decoding chunk=26.51 t/s avg=23.17 t/s 41.007s
0810 15:08:20 ds4-server: chat ctx=1264..1314:50 gen=1000 THINKING decoding chunk=25.22 t/s avg=23.26 t/s 42.990s
0810 15:08:22 ds4-server: chat ctx=1314..1364:50 gen=1050 THINKING decoding chunk=25.85 t/s avg=23.37 t/s 44.924s
0810 15:08:24 ds4-server: chat ctx=1364..1414:50 gen=1100 THINKING decoding chunk=25.47 t/s avg=23.46 t/s 46.888s
0810 15:08:26 ds4-server: chat ctx=1414..1464:50 gen=1150 THINKING decoding chunk=24.84 t/s avg=23.52 t/s 48.901s
0810 15:08:28 ds4-server: chat ctx=1464..1514:50 gen=1200 THINKING decoding chunk=25.06 t/s avg=23.58 t/s 50.896s
0810 15:08:30 ds4-server: chat ctx=1514..1564:50 gen=1250 THINKING decoding chunk=26.97 t/s avg=23.70 t/s 52.750s
0810 15:08:32 ds4-server: chat ctx=1564..1614:50 gen=1300 decoding chunk=23.97 t/s avg=23.71 t/s 54.836s
0810 15:08:35 ds4-server: chat ctx=1614..1664:50 gen=1350 decoding chunk=17.37 t/s avg=23.39 t/s 57.714s
0810 15:08:37 ds4-server: chat ctx=1664..1714:50 gen=1400 decoding chunk=21.87 t/s avg=23.33 t/s 60.001s
0810 15:08:39 ds4-server: chat ctx=1714..1764:50 gen=1450 decoding chunk=23.67 t/s avg=23.34 t/s 62.114s
0810 15:08:41 ds4-server: chat ctx=1764..1814:50 gen=1500 decoding chunk=26.21 t/s avg=23.43 t/s 64.021s
0810 15:08:43 ds4-server: chat ctx=1814..1864:50 gen=1550 decoding chunk=23.51 t/s avg=23.43 t/s 66.148s
0810 15:08:45 ds4-server: chat ctx=1864..1914:50 gen=1600 decoding chunk=23.72 t/s avg=23.44 t/s 68.255s
0810 15:08:47 ds4-server: chat ctx=1914..1964:50 gen=1650 decoding chunk=26.57 t/s avg=23.53 t/s 70.137s
0810 15:08:49 ds4-server: chat ctx=1964..2014:50 gen=1700 decoding chunk=26.51 t/s avg=23.60 t/s 72.023s
0810 15:08:51 ds4-server: chat ctx=2014..2064:50 gen=1750 decoding chunk=26.75 t/s avg=23.68 t/s 73.892s
0810 15:08:52 ds4-server: chat ctx=2064..2104:40 gen=1790 decoding chunk=26.41 t/s avg=23.74 t/s 75.407s
0810 15:08:52 ds4-server: thinking live checkpoint remembered ctx=0..314:314 live=2104 visible=3167
0810 15:08:52 ds4-server: chat ctx=0..314:314 gen=1790 finish=stop 94.162s
0810 15:08:53 ds4-server: live kv cache miss live=2104 prompt=123 common=45 reason=token-mismatch
0810 15:08:53 ds4-server: chat ctx=0..123:123 prompt start
0810 15:09:10 ds4-server: chat ctx=0..123:123 prompt done 17.645s
0810 15:09:16 ds4-server: chat ctx=123..173:50 gen=50 THINKING decoding chunk=9.49 t/s avg=9.49 t/s 5.270s
0810 15:09:18 ds4-server: chat ctx=173..223:50 gen=100 THINKING decoding chunk=22.26 t/s avg=13.31 t/s 7.516s
0810 15:09:20 ds4-server: chat ctx=223..273:50 gen=150 THINKING decoding chunk=21.87 t/s avg=15.30 t/s 9.802s
0810 15:09:22 ds4-server: chat ctx=273..323:50 gen=200 THINKING decoding chunk=24.08 t/s avg=16.84 t/s 11.879s
0810 15:09:24 ds4-server: chat ctx=323..373:50 gen=250 THINKING decoding chunk=25.42 t/s avg=18.06 t/s 13.845s
0810 15:09:26 ds4-server: chat ctx=373..423:50 gen=300 decoding chunk=22.40 t/s avg=18.66 t/s 16.077s
0810 15:09:28 ds4-server: chat ctx=423..469:46 gen=346 decoding chunk=24.23 t/s avg=19.25 t/s 17.975s
0810 15:09:28 ds4-server: thinking live checkpoint remembered ctx=0..123:123 live=469 visible=920
0810 15:09:28 ds4-server: chat ctx=0..123:123 gen=346 finish=stop 35.621s
0810 15:09:28 ds4-server: live kv cache miss live=469 prompt=86 common=45 reason=token-mismatch
0810 15:09:28 ds4-server: chat ctx=0..86:86 prompt start
0810 15:09:46 ds4-server: chat ctx=0..86:86 prompt done 17.853s
0810 15:09:52 ds4-server: chat ctx=86..136:50 gen=50 THINKING decoding chunk=9.05 t/s avg=9.05 t/s 5.522s
0810 15:09:54 ds4-server: chat ctx=136..186:50 gen=100 THINKING decoding chunk=20.51 t/s avg=12.56 t/s 7.960s
0810 15:09:56 ds4-server: chat ctx=186..236:50 gen=150 THINKING decoding chunk=22.10 t/s avg=14.67 t/s 10.222s
0810 15:09:59 ds4-server: chat ctx=236..286:50 gen=200 THINKING decoding chunk=24.05 t/s avg=16.26 t/s 12.301s
0810 15:10:01 ds4-server: chat ctx=286..336:50 gen=250 THINKING decoding chunk=24.94 t/s avg=17.47 t/s 14.306s
0810 15:10:02 ds4-server: chat ctx=336..386:50 gen=300 THINKING decoding chunk=25.33 t/s avg=18.43 t/s 16.280s
0810 15:10:05 ds4-server: chat ctx=386..436:50 gen=350 THINKING decoding chunk=24.72 t/s avg=19.12 t/s 18.303s
0810 15:10:07 ds4-server: chat ctx=436..486:50 gen=400 THINKING decoding chunk=25.02 t/s avg=19.70 t/s 20.301s
0810 15:10:08 ds4-server: chat ctx=486..536:50 gen=450 THINKING decoding chunk=26.07 t/s avg=20.25 t/s 22.219s
0810 15:10:10 ds4-server: chat ctx=536..586:50 gen=500 THINKING decoding chunk=26.02 t/s avg=20.71 t/s 24.141s
0810 15:10:12 ds4-server: chat ctx=586..636:50 gen=550 THINKING decoding chunk=26.04 t/s avg=21.10 t/s 26.061s
0810 15:10:14 ds4-server: chat ctx=636..686:50 gen=600 THINKING decoding chunk=26.47 t/s avg=21.47 t/s 27.951s
0810 15:10:16 ds4-server: chat ctx=686..736:50 gen=650 THINKING decoding chunk=26.80 t/s avg=21.80 t/s 29.816s
0810 15:10:18 ds4-server: chat ctx=736..786:50 gen=700 THINKING decoding chunk=26.87 t/s avg=22.10 t/s 31.676s
0810 15:10:20 ds4-server: chat ctx=786..836:50 gen=750 THINKING decoding chunk=23.08 t/s avg=22.16 t/s 33.843s
0810 15:10:22 ds4-server: chat ctx=836..886:50 gen=800 THINKING decoding chunk=23.94 t/s avg=22.27 t/s 35.931s
0810 15:10:24 ds4-server: chat ctx=886..936:50 gen=850 THINKING decoding chunk=22.47 t/s avg=22.28 t/s 38.156s
0810 15:10:27 ds4-server: chat ctx=936..986:50 gen=900 THINKING decoding chunk=22.01 t/s avg=22.26 t/s 40.428s
0810 15:10:29 ds4-server: chat ctx=986..1036:50 gen=950 THINKING decoding chunk=24.14 t/s avg=22.35 t/s 42.499s
0810 15:10:31 ds4-server: chat ctx=1036..1082:46 gen=996 decoding chunk=23.50 t/s avg=22.40 t/s 44.457s
0810 15:10:31 ds4-server: thinking live checkpoint remembered ctx=0..86:86 live=1082 visible=595
0810 15:10:31 ds4-server: chat ctx=0..86:86 gen=996 finish=stop 62.310s
0810 15:10:31 ds4-server: live kv cache miss live=1082 prompt=174 common=45 reason=token-mismatch
0810 15:10:31 ds4-server: chat ctx=0..174:174 prompt start
0810 15:10:48 ds4-server: chat ctx=0..174:174 prompt done 17.289s
0810 15:10:53 ds4-server: chat ctx=174..224:50 gen=50 THINKING decoding chunk=10.98 t/s avg=10.98 t/s 4.553s
0810 15:10:55 ds4-server: chat ctx=224..274:50 gen=100 THINKING decoding chunk=23.46 t/s avg=14.96 t/s 6.684s
0810 15:10:57 ds4-server: chat ctx=274..324:50 gen=150 THINKING decoding chunk=25.16 t/s avg=17.30 t/s 8.671s
0810 15:10:59 ds4-server: chat ctx=324..374:50 gen=200 THINKING decoding chunk=24.71 t/s avg=18.70 t/s 10.695s
0810 15:11:01 ds4-server: chat ctx=374..424:50 gen=250 THINKING decoding chunk=25.16 t/s avg=19.71 t/s 12.682s
0810 15:11:03 ds4-server: chat ctx=424..474:50 gen=300 THINKING decoding chunk=26.14 t/s avg=20.56 t/s 14.595s
0810 15:11:05 ds4-server: chat ctx=474..524:50 gen=350 THINKING decoding chunk=24.74 t/s avg=21.06 t/s 16.616s
0810 15:11:07 ds4-server: chat ctx=524..574:50 gen=400 decoding chunk=24.51 t/s avg=21.44 t/s 18.655s
0810 15:11:07 ds4-server: chat ctx=574..595:21 gen=421 decoding chunk=24.33 t/s avg=21.57 t/s 19.519s
0810 15:11:07 ds4-server: thinking live checkpoint remembered ctx=0..174:174 live=595 visible=901
0810 15:11:07 ds4-server: chat ctx=0..174:174 gen=421 finish=stop 36.808s
0810 15:11:08 ds4-server: live kv cache miss live=595 prompt=96 common=45 reason=token-mismatch
0810 15:11:08 ds4-server: chat ctx=0..96:96 prompt start
0810 15:11:25 ds4-server: chat ctx=0..96:96 prompt done 17.263s
0810 15:11:29 ds4-server: chat ctx=96..146:50 gen=50 THINKING decoding chunk=10.97 t/s avg=10.97 t/s 4.560s
0810 15:11:31 ds4-server: chat ctx=146..196:50 gen=100 THINKING decoding chunk=24.56 t/s avg=15.16 t/s 6.596s
0810 15:11:33 ds4-server: chat ctx=196..246:50 gen=150 THINKING decoding chunk=26.04 t/s avg=17.61 t/s 8.516s
0810 15:11:35 ds4-server: chat ctx=246..296:50 gen=200 decoding chunk=23.25 t/s avg=18.75 t/s 10.667s
0810 15:11:37 ds4-server: chat ctx=296..343:47 gen=247 decoding chunk=24.64 t/s avg=19.64 t/s 12.574s
0810 15:11:37 ds4-server: thinking live checkpoint remembered ctx=0..96:96 live=343 visible=791
0810 15:11:37 ds4-server: chat ctx=0..96:96 gen=247 finish=stop 29.838s
0810 15:11:37 ds4-server: live kv cache miss live=343 prompt=175 common=45 reason=token-mismatch
0810 15:11:37 ds4-server: chat ctx=0..175:175 prompt start
0810 15:11:55 ds4-server: chat ctx=0..175:175 prompt done 17.196s
0810 15:11:59 ds4-server: chat ctx=175..225:50 gen=50 THINKING decoding chunk=11.18 t/s avg=11.18 t/s 4.473s
0810 15:12:01 ds4-server: chat ctx=225..275:50 gen=100 THINKING decoding chunk=22.56 t/s avg=14.95 t/s 6.689s
0810 15:12:03 ds4-server: chat ctx=275..325:50 gen=150 THINKING decoding chunk=24.64 t/s avg=17.21 t/s 8.718s
0810 15:12:05 ds4-server: chat ctx=325..375:50 gen=200 THINKING decoding chunk=24.05 t/s avg=18.52 t/s 10.797s
0810 15:12:07 ds4-server: chat ctx=375..425:50 gen=250 THINKING decoding chunk=25.53 t/s avg=19.60 t/s 12.755s
0810 15:12:09 ds4-server: chat ctx=425..475:50 gen=300 THINKING decoding chunk=25.78 t/s avg=20.42 t/s 14.694s
0810 15:12:11 ds4-server: chat ctx=475..525:50 gen=350 THINKING decoding chunk=26.60 t/s avg=21.12 t/s 16.573s
0810 15:12:13 ds4-server: chat ctx=525..575:50 gen=400 THINKING decoding chunk=26.40 t/s avg=21.66 t/s 18.468s
0810 15:12:15 ds4-server: chat ctx=575..625:50 gen=450 THINKING decoding chunk=26.52 t/s avg=22.11 t/s 20.353s
0810 15:12:17 ds4-server: chat ctx=625..675:50 gen=500 THINKING decoding chunk=26.44 t/s avg=22.48 t/s 22.244s
0810 15:12:19 ds4-server: chat ctx=675..725:50 gen=550 THINKING decoding chunk=26.34 t/s avg=22.78 t/s 24.143s
0810 15:12:21 ds4-server: chat ctx=725..775:50 gen=600 THINKING decoding chunk=26.86 t/s avg=23.07 t/s 26.004s
0810 15:12:22 ds4-server: chat ctx=775..825:50 gen=650 THINKING decoding chunk=26.17 t/s avg=23.29 t/s 27.914s
0810 15:12:24 ds4-server: chat ctx=825..875:50 gen=700 THINKING decoding chunk=27.82 t/s avg=23.56 t/s 29.711s
0810 15:12:26 ds4-server: chat ctx=875..925:50 gen=750 THINKING decoding chunk=27.01 t/s avg=23.76 t/s 31.563s
0810 15:12:28 ds4-server: chat ctx=925..975:50 gen=800 THINKING decoding chunk=26.29 t/s avg=23.91 t/s 33.464s
0810 15:12:30 ds4-server: chat ctx=975..1025:50 gen=850 THINKING decoding chunk=25.50 t/s avg=23.99 t/s 35.425s
0810 15:12:32 ds4-server: chat ctx=1025..1075:50 gen=900 THINKING decoding chunk=26.20 t/s avg=24.11 t/s 37.333s
0810 15:12:34 ds4-server: chat ctx=1075..1125:50 gen=950 THINKING decoding chunk=26.65 t/s avg=24.23 t/s 39.209s
0810 15:12:36 ds4-server: chat ctx=1125..1175:50 gen=1000 THINKING decoding chunk=26.30 t/s avg=24.32 t/s 41.110s
0810 15:12:38 ds4-server: chat ctx=1175..1225:50 gen=1050 THINKING decoding chunk=26.94 t/s avg=24.44 t/s 42.966s
0810 15:12:39 ds4-server: chat ctx=1225..1275:50 gen=1100 THINKING decoding chunk=26.17 t/s avg=24.51 t/s 44.877s
0810 15:12:41 ds4-server: chat ctx=1275..1325:50 gen=1150 THINKING decoding chunk=26.66 t/s avg=24.60 t/s 46.752s
0810 15:12:43 ds4-server: chat ctx=1325..1375:50 gen=1200 THINKING decoding chunk=27.31 t/s avg=24.70 t/s 48.583s
0810 15:12:45 ds4-server: chat ctx=1375..1425:50 gen=1250 THINKING decoding chunk=26.63 t/s avg=24.77 t/s 50.460s
0810 15:12:47 ds4-server: chat ctx=1425..1475:50 gen=1300 THINKING decoding chunk=26.96 t/s avg=24.85 t/s 52.315s
0810 15:12:49 ds4-server: chat ctx=1475..1525:50 gen=1350 THINKING decoding chunk=27.07 t/s avg=24.93 t/s 54.162s
0810 15:12:51 ds4-server: chat ctx=1525..1575:50 gen=1400 THINKING decoding chunk=27.32 t/s avg=25.00 t/s 55.992s
0810 15:12:52 ds4-server: chat ctx=1575..1625:50 gen=1450 THINKING decoding chunk=26.89 t/s avg=25.06 t/s 57.851s
0810 15:12:54 ds4-server: chat ctx=1625..1675:50 gen=1500 THINKING decoding chunk=27.73 t/s avg=25.14 t/s 59.654s
0810 15:12:56 ds4-server: chat ctx=1675..1725:50 gen=1550 THINKING decoding chunk=27.34 t/s avg=25.21 t/s 61.483s
0810 15:12:58 ds4-server: chat ctx=1725..1775:50 gen=1600 THINKING decoding chunk=27.57 t/s avg=25.28 t/s 63.297s
0810 15:13:00 ds4-server: chat ctx=1775..1825:50 gen=1650 THINKING decoding chunk=27.87 t/s avg=25.35 t/s 65.091s
0810 15:13:01 ds4-server: chat ctx=1825..1875:50 gen=1700 THINKING decoding chunk=28.30 t/s avg=25.43 t/s 66.857s
0810 15:13:03 ds4-server: chat ctx=1875..1925:50 gen=1750 THINKING decoding chunk=27.39 t/s avg=25.48 t/s 68.682s
0810 15:13:05 ds4-server: chat ctx=1925..1975:50 gen=1800 THINKING decoding chunk=27.42 t/s avg=25.53 t/s 70.505s
0810 15:13:07 ds4-server: chat ctx=1975..2025:50 gen=1850 THINKING decoding chunk=27.36 t/s avg=25.58 t/s 72.333s
0810 15:13:09 ds4-server: chat ctx=2025..2075:50 gen=1900 THINKING decoding chunk=27.28 t/s avg=25.62 t/s 74.166s
0810 15:13:11 ds4-server: chat ctx=2075..2125:50 gen=1950 THINKING decoding chunk=27.94 t/s avg=25.67 t/s 75.955s
0810 15:13:12 ds4-server: chat ctx=2125..2175:50 gen=2000 THINKING decoding chunk=27.77 t/s avg=25.72 t/s 77.755s
0810 15:13:14 ds4-server: chat ctx=2175..2225:50 gen=2050 THINKING decoding chunk=27.81 t/s avg=25.77 t/s 79.553s
0810 15:13:16 ds4-server: chat ctx=2225..2275:50 gen=2100 THINKING decoding chunk=28.04 t/s avg=25.82 t/s 81.337s
0810 15:13:18 ds4-server: chat ctx=2275..2325:50 gen=2150 THINKING decoding chunk=28.24 t/s avg=25.87 t/s 83.107s
0810 15:13:19 ds4-server: chat ctx=2325..2375:50 gen=2200 THINKING decoding chunk=27.85 t/s avg=25.91 t/s 84.902s
0810 15:13:21 ds4-server: chat ctx=2375..2425:50 gen=2250 THINKING decoding chunk=28.24 t/s avg=25.96 t/s 86.673s
0810 15:13:23 ds4-server: chat ctx=2425..2475:50 gen=2300 THINKING decoding chunk=27.77 t/s avg=26.00 t/s 88.474s
0810 15:13:25 ds4-server: chat ctx=2475..2525:50 gen=2350 THINKING decoding chunk=27.58 t/s avg=26.03 t/s 90.286s
0810 15:13:27 ds4-server: chat ctx=2525..2575:50 gen=2400 THINKING decoding chunk=27.28 t/s avg=26.05 t/s 92.119s
0810 15:13:29 ds4-server: chat ctx=2575..2625:50 gen=2450 THINKING decoding chunk=27.09 t/s avg=26.07 t/s 93.965s
0810 15:13:30 ds4-server: chat ctx=2625..2675:50 gen=2500 THINKING decoding chunk=28.29 t/s avg=26.11 t/s 95.733s
0810 15:13:32 ds4-server: chat ctx=2675..2725:50 gen=2550 THINKING decoding chunk=27.50 t/s avg=26.14 t/s 97.551s
0810 15:13:34 ds4-server: chat ctx=2725..2775:50 gen=2600 THINKING decoding chunk=28.01 t/s avg=26.17 t/s 99.336s
0810 15:13:36 ds4-server: chat ctx=2775..2825:50 gen=2650 THINKING decoding chunk=27.35 t/s avg=26.19 t/s 101.164s
0810 15:13:38 ds4-server: chat ctx=2825..2875:50 gen=2700 THINKING decoding chunk=27.62 t/s avg=26.22 t/s 102.975s
0810 15:13:39 ds4-server: chat ctx=2875..2925:50 gen=2750 THINKING decoding chunk=26.75 t/s avg=26.23 t/s 104.843s
0810 15:13:41 ds4-server: chat ctx=2925..2975:50 gen=2800 THINKING decoding chunk=27.59 t/s avg=26.25 t/s 106.656s
0810 15:13:43 ds4-server: chat ctx=2975..3025:50 gen=2850 THINKING decoding chunk=27.29 t/s avg=26.27 t/s 108.488s
0810 15:13:45 ds4-server: chat ctx=3025..3075:50 gen=2900 THINKING decoding chunk=27.51 t/s avg=26.29 t/s 110.306s
0810 15:13:47 ds4-server: chat ctx=3075..3125:50 gen=2950 THINKING decoding chunk=27.38 t/s avg=26.31 t/s 112.132s
0810 15:13:49 ds4-server: chat ctx=3125..3175:50 gen=3000 THINKING decoding chunk=27.26 t/s avg=26.32 t/s 113.966s
0810 15:13:50 ds4-server: chat ctx=3175..3225:50 gen=3050 THINKING decoding chunk=27.31 t/s avg=26.34 t/s 115.796s
0810 15:13:52 ds4-server: chat ctx=3225..3275:50 gen=3100 THINKING decoding chunk=27.60 t/s avg=26.36 t/s 117.608s
0810 15:13:54 ds4-server: chat ctx=3275..3325:50 gen=3150 THINKING decoding chunk=26.99 t/s avg=26.37 t/s 119.461s
0810 15:13:56 ds4-server: chat ctx=3325..3375:50 gen=3200 THINKING decoding chunk=27.63 t/s avg=26.39 t/s 121.270s
0810 15:13:58 ds4-server: chat ctx=3375..3425:50 gen=3250 THINKING decoding chunk=26.60 t/s avg=26.39 t/s 123.150s
0810 15:13:59 ds4-server: chat ctx=3425..3475:50 gen=3300 THINKING decoding chunk=27.93 t/s avg=26.41 t/s 124.940s
0810 15:14:01 ds4-server: chat ctx=3475..3525:50 gen=3350 THINKING decoding chunk=28.16 t/s avg=26.44 t/s 126.715s
0810 15:14:03 ds4-server: chat ctx=3525..3575:50 gen=3400 THINKING decoding chunk=27.47 t/s avg=26.45 t/s 128.536s
0810 15:14:05 ds4-server: chat ctx=3575..3625:50 gen=3450 THINKING decoding chunk=27.87 t/s avg=26.47 t/s 130.330s
0810 15:14:07 ds4-server: chat ctx=3625..3675:50 gen=3500 THINKING decoding chunk=27.58 t/s avg=26.49 t/s 132.143s
0810 15:14:09 ds4-server: chat ctx=3675..3725:50 gen=3550 THINKING decoding chunk=27.41 t/s avg=26.50 t/s 133.967s
0810 15:14:10 ds4-server: chat ctx=3725..3775:50 gen=3600 THINKING decoding chunk=27.13 t/s avg=26.51 t/s 135.810s
0810 15:14:12 ds4-server: chat ctx=3775..3825:50 gen=3650 THINKING decoding chunk=27.34 t/s avg=26.52 t/s 137.639s
0810 15:14:14 ds4-server: chat ctx=3825..3875:50 gen=3700 THINKING decoding chunk=27.81 t/s avg=26.54 t/s 139.437s
0810 15:14:16 ds4-server: chat ctx=3875..3925:50 gen=3750 THINKING decoding chunk=27.29 t/s avg=26.55 t/s 141.269s
0810 15:14:18 ds4-server: chat ctx=3925..3975:50 gen=3800 THINKING decoding chunk=27.15 t/s avg=26.55 t/s 143.111s
0810 15:14:19 ds4-server: chat ctx=3975..4025:50 gen=3850 THINKING decoding chunk=27.79 t/s avg=26.57 t/s 144.910s
0810 15:14:21 ds4-server: chat ctx=4025..4075:50 gen=3900 THINKING decoding chunk=26.80 t/s avg=26.57 t/s 146.775s
0810 15:14:23 ds4-server: chat ctx=4075..4125:50 gen=3950 THINKING decoding chunk=26.03 t/s avg=26.56 t/s 148.696s
0810 15:14:25 ds4-server: chat ctx=4125..4175:50 gen=4000 THINKING decoding chunk=25.53 t/s avg=26.55 t/s 150.655s
0810 15:14:27 ds4-server: chat ctx=4175..4225:50 gen=4050 THINKING decoding chunk=26.54 t/s avg=26.55 t/s 152.538s
0810 15:14:29 ds4-server: chat ctx=4225..4275:50 gen=4100 THINKING decoding chunk=26.58 t/s avg=26.55 t/s 154.419s
0810 15:14:31 ds4-server: chat ctx=4275..4325:50 gen=4150 THINKING decoding chunk=26.47 t/s avg=26.55 t/s 156.308s
0810 15:14:33 ds4-server: chat ctx=4325..4375:50 gen=4200 THINKING decoding chunk=26.99 t/s avg=26.56 t/s 158.160s
0810 15:14:35 ds4-server: chat ctx=4375..4425:50 gen=4250 THINKING decoding chunk=26.69 t/s avg=26.56 t/s 160.034s
0810 15:14:36 ds4-server: chat ctx=4425..4475:50 gen=4300 THINKING decoding chunk=26.42 t/s avg=26.56 t/s 161.926s
0810 15:14:38 ds4-server: chat ctx=4475..4525:50 gen=4350 THINKING decoding chunk=26.64 t/s avg=26.56 t/s 163.803s
0810 15:14:40 ds4-server: chat ctx=4525..4575:50 gen=4400 THINKING decoding chunk=26.57 t/s avg=26.56 t/s 165.685s
0810 15:14:42 ds4-server: chat ctx=4575..4625:50 gen=4450 THINKING decoding chunk=25.02 t/s avg=26.54 t/s 167.683s
0810 15:14:44 ds4-server: chat ctx=4625..4675:50 gen=4500 THINKING decoding chunk=25.55 t/s avg=26.53 t/s 169.640s
0810 15:14:46 ds4-server: chat ctx=4675..4725:50 gen=4550 THINKING decoding chunk=25.63 t/s avg=26.52 t/s 171.591s
0810 15:14:48 ds4-server: chat ctx=4725..4775:50 gen=4600 THINKING decoding chunk=25.32 t/s avg=26.50 t/s 173.566s
0810 15:14:50 ds4-server: chat ctx=4775..4825:50 gen=4650 THINKING decoding chunk=25.32 t/s avg=26.49 t/s 175.541s
0810 15:14:52 ds4-server: chat ctx=4825..4875:50 gen=4700 THINKING decoding chunk=25.46 t/s avg=26.48 t/s 177.505s
0810 15:14:54 ds4-server: chat ctx=4875..4925:50 gen=4750 THINKING decoding chunk=25.78 t/s avg=26.47 t/s 179.444s
0810 15:14:56 ds4-server: chat ctx=4925..4975:50 gen=4800 THINKING decoding chunk=26.11 t/s avg=26.47 t/s 181.359s
0810 15:14:58 ds4-server: chat ctx=4975..5025:50 gen=4850 THINKING decoding chunk=25.57 t/s avg=26.46 t/s 183.314s
0810 15:15:00 ds4-server: chat ctx=5025..5075:50 gen=4900 THINKING decoding chunk=26.71 t/s avg=26.46 t/s 185.186s
0810 15:15:02 ds4-server: chat ctx=5075..5125:50 gen=4950 THINKING decoding chunk=26.63 t/s avg=26.46 t/s 187.064s
0810 15:15:04 ds4-server: chat ctx=5125..5175:50 gen=5000 THINKING decoding chunk=25.99 t/s avg=26.46 t/s 188.988s
0810 15:15:05 ds4-server: chat ctx=5175..5225:50 gen=5050 THINKING decoding chunk=26.39 t/s avg=26.46 t/s 190.883s
0810 15:15:07 ds4-server: chat ctx=5225..5275:50 gen=5100 THINKING decoding chunk=25.77 t/s avg=26.45 t/s 192.823s
0810 15:15:09 ds4-server: chat ctx=5275..5325:50 gen=5150 THINKING decoding chunk=26.48 t/s avg=26.45 t/s 194.711s
0810 15:15:11 ds4-server: chat ctx=5325..5375:50 gen=5200 THINKING decoding chunk=26.67 t/s avg=26.45 t/s 196.585s
0810 15:15:13 ds4-server: chat ctx=5375..5425:50 gen=5250 THINKING decoding chunk=26.20 t/s avg=26.45 t/s 198.494s
0810 15:15:15 ds4-server: chat ctx=5425..5475:50 gen=5300 THINKING decoding chunk=25.95 t/s avg=26.44 t/s 200.421s
0810 15:15:17 ds4-server: chat ctx=5475..5525:50 gen=5350 THINKING decoding chunk=25.87 t/s avg=26.44 t/s 202.354s
0810 15:15:19 ds4-server: chat ctx=5525..5575:50 gen=5400 THINKING decoding chunk=26.58 t/s avg=26.44 t/s 204.234s
0810 15:15:21 ds4-server: chat ctx=5575..5625:50 gen=5450 THINKING decoding chunk=26.10 t/s avg=26.44 t/s 206.150s
0810 15:15:23 ds4-server: chat ctx=5625..5675:50 gen=5500 THINKING decoding chunk=25.29 t/s avg=26.43 t/s 208.128s
0810 15:15:25 ds4-server: chat ctx=5675..5725:50 gen=5550 THINKING decoding chunk=25.58 t/s avg=26.42 t/s 210.083s
0810 15:15:27 ds4-server: chat ctx=5725..5775:50 gen=5600 THINKING decoding chunk=26.63 t/s avg=26.42 t/s 211.960s
0810 15:15:29 ds4-server: chat ctx=5775..5825:50 gen=5650 THINKING decoding chunk=24.78 t/s avg=26.40 t/s 213.978s
0810 15:15:30 ds4-server: chat ctx=5825..5875:50 gen=5700 THINKING decoding chunk=25.61 t/s avg=26.40 t/s 215.930s
0810 15:15:32 ds4-server: chat ctx=5875..5925:50 gen=5750 THINKING decoding chunk=26.40 t/s avg=26.40 t/s 217.824s
0810 15:15:34 ds4-server: chat ctx=5925..5975:50 gen=5800 THINKING decoding chunk=25.64 t/s avg=26.39 t/s 219.774s
0810 15:15:36 ds4-server: chat ctx=5975..6025:50 gen=5850 THINKING decoding chunk=24.48 t/s avg=26.37 t/s 221.817s
0810 15:15:39 ds4-server: chat ctx=6025..6075:50 gen=5900 THINKING decoding chunk=23.01 t/s avg=26.34 t/s 223.990s
0810 15:15:40 ds4-server: chat ctx=6075..6125:50 gen=5950 THINKING decoding chunk=25.68 t/s avg=26.33 t/s 225.937s
0810 15:15:42 ds4-server: chat ctx=6125..6175:50 gen=6000 THINKING decoding chunk=25.91 t/s avg=26.33 t/s 227.867s
0810 15:15:44 ds4-server: chat ctx=6175..6225:50 gen=6050 THINKING decoding chunk=24.56 t/s avg=26.32 t/s 229.903s
0810 15:15:47 ds4-server: chat ctx=6225..6275:50 gen=6100 THINKING decoding chunk=23.88 t/s avg=26.29 t/s 231.997s
0810 15:15:49 ds4-server: chat ctx=6275..6325:50 gen=6150 THINKING decoding chunk=23.70 t/s avg=26.27 t/s 234.107s
0810 15:15:51 ds4-server: chat ctx=6325..6375:50 gen=6200 THINKING decoding chunk=26.18 t/s avg=26.27 t/s 236.016s
0810 15:15:53 ds4-server: chat ctx=6375..6425:50 gen=6250 THINKING decoding chunk=25.89 t/s avg=26.27 t/s 237.948s
0810 15:15:54 ds4-server: chat ctx=6425..6475:50 gen=6300 THINKING decoding chunk=25.92 t/s avg=26.26 t/s 239.877s
0810 15:15:56 ds4-server: chat ctx=6475..6525:50 gen=6350 THINKING decoding chunk=26.26 t/s avg=26.26 t/s 241.781s
0810 15:15:58 ds4-server: chat ctx=6525..6575:50 gen=6400 THINKING decoding chunk=23.39 t/s avg=26.24 t/s 243.919s
0810 15:16:00 ds4-server: chat ctx=6575..6625:50 gen=6450 THINKING decoding chunk=25.08 t/s avg=26.23 t/s 245.912s
0810 15:16:02 ds4-server: chat ctx=6625..6675:50 gen=6500 THINKING decoding chunk=25.57 t/s avg=26.22 t/s 247.868s
0810 15:16:04 ds4-server: chat ctx=6675..6725:50 gen=6550 THINKING decoding chunk=25.43 t/s avg=26.22 t/s 249.834s
0810 15:16:06 ds4-server: chat ctx=6725..6775:50 gen=6600 THINKING decoding chunk=25.93 t/s avg=26.22 t/s 251.763s
0810 15:16:08 ds4-server: chat ctx=6775..6825:50 gen=6650 THINKING decoding chunk=24.36 t/s avg=26.20 t/s 253.815s
0810 15:16:10 ds4-server: chat ctx=6825..6875:50 gen=6700 THINKING decoding chunk=24.42 t/s avg=26.19 t/s 255.862s
0810 15:16:12 ds4-server: chat ctx=6875..6925:50 gen=6750 THINKING decoding chunk=25.40 t/s avg=26.18 t/s 257.831s
0810 15:16:14 ds4-server: chat ctx=6925..6975:50 gen=6800 THINKING decoding chunk=25.35 t/s avg=26.17 t/s 259.803s
0810 15:16:16 ds4-server: chat ctx=6975..7025:50 gen=6850 THINKING decoding chunk=24.62 t/s avg=26.16 t/s 261.834s
0810 15:16:19 ds4-server: chat ctx=7025..7075:50 gen=6900 THINKING decoding chunk=23.55 t/s avg=26.14 t/s 263.957s
0810 15:16:21 ds4-server: chat ctx=7075..7125:50 gen=6950 THINKING decoding chunk=22.58 t/s avg=26.11 t/s 266.171s
0810 15:16:23 ds4-server: chat ctx=7125..7175:50 gen=7000 THINKING decoding chunk=22.41 t/s avg=26.08 t/s 268.402s
0810 15:16:25 ds4-server: chat ctx=7175..7225:50 gen=7050 THINKING decoding chunk=24.63 t/s avg=26.07 t/s 270.432s
0810 15:16:27 ds4-server: chat ctx=7225..7275:50 gen=7100 THINKING decoding chunk=25.19 t/s avg=26.06 t/s 272.417s
0810 15:16:29 ds4-server: chat ctx=7275..7325:50 gen=7150 THINKING decoding chunk=25.09 t/s avg=26.06 t/s 274.410s
0810 15:16:31 ds4-server: chat ctx=7325..7375:50 gen=7200 THINKING decoding chunk=24.93 t/s avg=26.05 t/s 276.416s
0810 15:16:33 ds4-server: chat ctx=7375..7425:50 gen=7250 THINKING decoding chunk=25.45 t/s avg=26.04 t/s 278.380s
0810 15:16:35 ds4-server: chat ctx=7425..7475:50 gen=7300 THINKING decoding chunk=25.02 t/s avg=26.04 t/s 280.379s
0810 15:16:37 ds4-server: chat ctx=7475..7525:50 gen=7350 THINKING decoding chunk=25.32 t/s avg=26.03 t/s 282.353s
0810 15:16:39 ds4-server: chat ctx=7525..7575:50 gen=7400 THINKING decoding chunk=25.42 t/s avg=26.03 t/s 284.320s
0810 15:16:41 ds4-server: chat ctx=7575..7625:50 gen=7450 THINKING decoding chunk=25.76 t/s avg=26.03 t/s 286.261s
0810 15:16:43 ds4-server: chat ctx=7625..7675:50 gen=7500 THINKING decoding chunk=25.15 t/s avg=26.02 t/s 288.249s
0810 15:16:45 ds4-server: chat ctx=7675..7725:50 gen=7550 THINKING decoding chunk=25.36 t/s avg=26.01 t/s 290.221s
0810 15:16:47 ds4-server: chat ctx=7725..7775:50 gen=7600 THINKING decoding chunk=26.00 t/s avg=26.01 t/s 292.143s
0810 15:16:49 ds4-server: chat ctx=7775..7825:50 gen=7650 THINKING decoding chunk=25.55 t/s avg=26.01 t/s 294.100s
0810 15:16:51 ds4-server: chat ctx=7825..7875:50 gen=7700 THINKING decoding chunk=24.25 t/s avg=26.00 t/s 296.162s
0810 15:16:53 ds4-server: chat ctx=7875..7925:50 gen=7750 THINKING decoding chunk=22.57 t/s avg=25.97 t/s 298.378s
0810 15:16:55 ds4-server: chat ctx=7925..7975:50 gen=7800 THINKING decoding chunk=23.32 t/s avg=25.95 t/s 300.522s
0810 15:16:57 ds4-server: chat ctx=7975..8025:50 gen=7850 THINKING decoding chunk=23.97 t/s avg=25.94 t/s 302.608s
0810 15:16:59 ds4-server: chat ctx=8025..8075:50 gen=7900 THINKING decoding chunk=23.35 t/s avg=25.92 t/s 304.750s
0810 15:17:01 ds4-server: chat ctx=8075..8125:50 gen=7950 THINKING decoding chunk=24.08 t/s avg=25.91 t/s 306.826s
0810 15:17:03 ds4-server: chat ctx=8125..8175:50 gen=8000 THINKING decoding chunk=23.66 t/s avg=25.90 t/s 308.939s
0810 15:17:06 ds4-server: chat ctx=8175..8225:50 gen=8050 THINKING decoding chunk=23.77 t/s avg=25.88 t/s 311.043s
0810 15:17:08 ds4-server: chat ctx=8225..8275:50 gen=8100 THINKING decoding chunk=23.92 t/s avg=25.87 t/s 313.133s
0810 15:17:10 ds4-server: chat ctx=8275..8325:50 gen=8150 THINKING decoding chunk=24.15 t/s avg=25.86 t/s 315.203s
0810 15:17:11 ds4-server: chat ctx=8325..8367:42 gen=8192 THINKING decoding chunk=24.18 t/s avg=25.85 t/s 316.940s
ds4-server: thinking not closed, ignoring incomplete DSML in reasoning
0810 15:17:12 ds4-server: chat ctx=0..175:175 gen=8192 THINKING finish=length 334.143s
0810 15:17:12 ds4-server: live kv cache miss live=8367 prompt=301 common=45 reason=token-mismatch
0810 15:17:12 ds4-server: chat ctx=0..301:301 prompt start
0810 15:17:30 ds4-server: chat ctx=0..301:301 prompt done 18.625s
0810 15:17:35 ds4-server: chat ctx=301..351:50 gen=50 THINKING decoding chunk=9.43 t/s avg=9.43 t/s 5.302s
0810 15:17:38 ds4-server: chat ctx=351..401:50 gen=100 THINKING decoding chunk=20.22 t/s avg=12.86 t/s 7.775s
0810 15:17:40 ds4-server: chat ctx=401..451:50 gen=150 THINKING decoding chunk=21.11 t/s avg=14.79 t/s 10.144s
0810 15:17:43 ds4-server: chat ctx=451..501:50 gen=200 THINKING decoding chunk=21.17 t/s avg=15.99 t/s 12.505s
0810 15:17:45 ds4-server: chat ctx=501..551:50 gen=250 THINKING decoding chunk=22.66 t/s avg=16.99 t/s 14.711s
0810 15:17:47 ds4-server: chat ctx=551..601:50 gen=300 THINKING decoding chunk=21.31 t/s avg=17.59 t/s 17.058s
0810 15:17:49 ds4-server: chat ctx=601..651:50 gen=350 decoding chunk=22.12 t/s avg=18.12 t/s 19.319s
0810 15:17:52 ds4-server: chat ctx=651..701:50 gen=400 decoding chunk=21.71 t/s avg=18.50 t/s 21.621s
0810 15:17:52 ds4-server: chat ctx=701..716:15 gen=415 decoding chunk=23.05 t/s avg=18.63 t/s 22.272s
0810 15:17:52 ds4-server: thinking live checkpoint remembered ctx=0..301:301 live=716 visible=1318
0810 15:17:52 ds4-server: chat ctx=0..301:301 gen=415 finish=stop 40.898s
0810 15:17:52 ds4-server: live kv cache miss live=716 prompt=244 common=45 reason=token-mismatch
0810 15:17:52 ds4-server: chat ctx=0..244:244 prompt start
0810 15:18:10 ds4-server: chat ctx=0..244:244 prompt done 17.638s
0810 15:18:15 ds4-server: chat ctx=244..294:50 gen=50 THINKING decoding chunk=11.06 t/s avg=11.06 t/s 4.523s
0810 15:18:17 ds4-server: chat ctx=294..344:50 gen=100 THINKING decoding chunk=22.52 t/s avg=14.83 t/s 6.743s
0810 15:18:19 ds4-server: chat ctx=344..394:50 gen=150 THINKING decoding chunk=22.11 t/s avg=16.66 t/s 9.004s
0810 15:18:21 ds4-server: chat ctx=394..444:50 gen=200 THINKING decoding chunk=23.25 t/s avg=17.93 t/s 11.155s
0810 15:18:23 ds4-server: chat ctx=444..494:50 gen=250 THINKING decoding chunk=23.55 t/s avg=18.83 t/s 13.278s
0810 15:18:26 ds4-server: chat ctx=494..544:50 gen=300 THINKING decoding chunk=22.15 t/s avg=19.31 t/s 15.535s
0810 15:18:28 ds4-server: chat ctx=544..594:50 gen=350 THINKING decoding chunk=22.63 t/s avg=19.72 t/s 17.745s
0810 15:18:30 ds4-server: chat ctx=594..644:50 gen=400 THINKING decoding chunk=22.51 t/s avg=20.03 t/s 19.966s
0810 15:18:32 ds4-server: chat ctx=644..694:50 gen=450 THINKING decoding chunk=22.68 t/s avg=20.30 t/s 22.170s
0810 15:18:34 ds4-server: chat ctx=694..744:50 gen=500 THINKING decoding chunk=23.83 t/s avg=20.60 t/s 24.269s
0810 15:18:37 ds4-server: chat ctx=744..794:50 gen=550 decoding chunk=20.96 t/s avg=20.64 t/s 26.654s
0810 15:18:38 ds4-server: chat ctx=794..822:28 gen=578 decoding chunk=22.83 t/s avg=20.73 t/s 27.880s
0810 15:18:38 ds4-server: thinking live checkpoint remembered ctx=0..244:244 live=822 visible=1122
0810 15:18:38 ds4-server: chat ctx=0..244:244 gen=578 finish=stop 45.519s
0810 15:18:38 ds4-server: live kv cache miss live=822 prompt=152 common=45 reason=token-mismatch
0810 15:18:38 ds4-server: chat ctx=0..152:152 prompt start
0810 15:18:56 ds4-server: chat ctx=0..152:152 prompt done 17.553s
0810 15:19:00 ds4-server: chat ctx=152..202:50 gen=50 THINKING decoding chunk=10.30 t/s avg=10.30 t/s 4.855s
0810 15:19:03 ds4-server: chat ctx=202..252:50 gen=100 THINKING decoding chunk=21.99 t/s avg=14.03 t/s 7.129s
0810 15:19:05 ds4-server: chat ctx=252..302:50 gen=150 THINKING decoding chunk=21.13 t/s avg=15.80 t/s 9.496s
0810 15:19:07 ds4-server: chat ctx=302..352:50 gen=200 THINKING decoding chunk=22.04 t/s avg=17.00 t/s 11.764s
0810 15:19:09 ds4-server: chat ctx=352..402:50 gen=250 THINKING decoding chunk=23.54 t/s avg=18.00 t/s 13.888s
0810 15:19:11 ds4-server: chat ctx=402..452:50 gen=300 THINKING decoding chunk=24.30 t/s avg=18.81 t/s 15.946s
0810 15:19:14 ds4-server: chat ctx=452..502:50 gen=350 THINKING decoding chunk=23.12 t/s avg=19.33 t/s 18.108s
0810 15:19:16 ds4-server: chat ctx=502..552:50 gen=400 THINKING decoding chunk=21.90 t/s avg=19.62 t/s 20.391s
0810 15:19:18 ds4-server: chat ctx=552..602:50 gen=450 THINKING decoding chunk=21.77 t/s avg=19.83 t/s 22.688s
0810 15:19:20 ds4-server: chat ctx=602..652:50 gen=500 THINKING decoding chunk=23.00 t/s avg=20.11 t/s 24.861s
0810 15:19:23 ds4-server: chat ctx=652..702:50 gen=550 THINKING decoding chunk=22.49 t/s avg=20.31 t/s 27.084s
0810 15:19:25 ds4-server: chat ctx=702..752:50 gen=600 THINKING decoding chunk=21.31 t/s avg=20.39 t/s 29.431s
0810 15:19:27 ds4-server: chat ctx=752..802:50 gen=650 THINKING decoding chunk=20.58 t/s avg=20.40 t/s 31.860s
0810 15:19:30 ds4-server: chat ctx=802..852:50 gen=700 THINKING decoding chunk=22.34 t/s avg=20.53 t/s 34.098s
0810 15:19:32 ds4-server: chat ctx=852..902:50 gen=750 THINKING decoding chunk=21.51 t/s avg=20.59 t/s 36.423s
0810 15:19:34 ds4-server: chat ctx=902..952:50 gen=800 decoding chunk=22.46 t/s avg=20.70 t/s 38.649s
0810 15:19:36 ds4-server: chat ctx=952..996:44 gen=844 decoding chunk=23.44 t/s avg=20.83 t/s 40.526s
0810 15:19:36 ds4-server: thinking live checkpoint remembered ctx=0..152:152 live=996 visible=1115
0810 15:19:36 ds4-server: chat ctx=0..152:152 gen=844 finish=stop 58.080s
0810 15:19:36 ds4-server: live kv cache miss live=996 prompt=171 common=45 reason=token-mismatch
0810 15:19:36 ds4-server: chat ctx=0..171:171 prompt start
0810 15:19:53 ds4-server: chat ctx=0..171:171 prompt done 17.364s
0810 15:19:58 ds4-server: chat ctx=171..221:50 gen=50 THINKING decoding chunk=10.67 t/s avg=10.67 t/s 4.688s
0810 15:20:00 ds4-server: chat ctx=221..271:50 gen=100 THINKING decoding chunk=23.09 t/s avg=14.59 t/s 6.853s
0810 15:20:02 ds4-server: chat ctx=271..321:50 gen=150 THINKING decoding chunk=24.26 t/s avg=16.83 t/s 8.914s
0810 15:20:04 ds4-server: chat ctx=321..371:50 gen=200 THINKING decoding chunk=24.13 t/s avg=18.20 t/s 10.986s
0810 15:20:07 ds4-server: chat ctx=371..421:50 gen=250 THINKING decoding chunk=23.73 t/s avg=19.09 t/s 13.094s
0810 15:20:09 ds4-server: chat ctx=421..471:50 gen=300 THINKING decoding chunk=23.98 t/s avg=19.76 t/s 15.179s
0810 15:20:11 ds4-server: chat ctx=471..521:50 gen=350 decoding chunk=24.30 t/s avg=20.31 t/s 17.236s
0810 15:20:11 ds4-server: chat ctx=521..536:15 gen=365 decoding chunk=24.46 t/s avg=20.45 t/s 17.849s
0810 15:20:11 ds4-server: thinking live checkpoint remembered ctx=0..171:171 live=536 visible=815
0810 15:20:11 ds4-server: chat ctx=0..171:171 gen=365 finish=stop 35.215s
0810 15:20:11 ds4-server: live kv cache miss live=536 prompt=149 common=45 reason=token-mismatch
0810 15:20:11 ds4-server: chat ctx=0..149:149 prompt start
0810 15:20:29 ds4-server: chat ctx=0..149:149 prompt done 17.225s
0810 15:20:33 ds4-server: chat ctx=149..199:50 gen=50 THINKING decoding chunk=11.80 t/s avg=11.80 t/s 4.236s
0810 15:20:35 ds4-server: chat ctx=199..249:50 gen=100 THINKING decoding chunk=25.11 t/s avg=16.06 t/s 6.227s
0810 15:20:37 ds4-server: chat ctx=249..299:50 gen=150 THINKING decoding chunk=24.66 t/s avg=18.17 t/s 8.255s
0810 15:20:39 ds4-server: chat ctx=299..349:50 gen=200 THINKING decoding chunk=25.49 t/s avg=19.58 t/s 10.217s
0810 15:20:41 ds4-server: chat ctx=349..399:50 gen=250 THINKING decoding chunk=25.70 t/s avg=20.55 t/s 12.163s
0810 15:20:43 ds4-server: chat ctx=399..449:50 gen=300 THINKING decoding chunk=24.77 t/s avg=21.15 t/s 14.182s
0810 15:20:45 ds4-server: chat ctx=449..499:50 gen=350 THINKING decoding chunk=25.95 t/s avg=21.73 t/s 16.109s
0810 15:20:47 ds4-server: chat ctx=499..549:50 gen=400 THINKING decoding chunk=24.54 t/s avg=22.04 t/s 18.146s
0810 15:20:49 ds4-server: chat ctx=549..599:50 gen=450 THINKING decoding chunk=24.96 t/s avg=22.33 t/s 20.149s
0810 15:20:51 ds4-server: chat ctx=599..649:50 gen=500 THINKING decoding chunk=23.75 t/s avg=22.47 t/s 22.255s
0810 15:20:53 ds4-server: chat ctx=649..699:50 gen=550 THINKING decoding chunk=24.05 t/s avg=22.60 t/s 24.333s
0810 15:20:55 ds4-server: chat ctx=699..749:50 gen=600 decoding chunk=22.59 t/s avg=22.60 t/s 26.547s
0810 15:20:57 ds4-server: chat ctx=749..787:38 gen=638 decoding chunk=24.24 t/s avg=22.69 t/s 28.115s
0810 15:20:57 ds4-server: thinking live checkpoint remembered ctx=0..149:149 live=787 visible=982
0810 15:20:57 ds4-server: chat ctx=0..149:149 gen=638 finish=stop 45.340s
0810 15:20:57 ds4-server: live kv cache miss live=787 prompt=176 common=45 reason=token-mismatch
0810 15:20:57 ds4-server: chat ctx=0..176:176 prompt start
0810 15:21:15 ds4-server: chat ctx=0..176:176 prompt done 18.029s
0810 15:21:19 ds4-server: chat ctx=176..226:50 gen=50 THINKING decoding chunk=11.35 t/s avg=11.35 t/s 4.405s
0810 15:21:21 ds4-server: chat ctx=226..276:50 gen=100 THINKING decoding chunk=24.16 t/s avg=15.45 t/s 6.474s
0810 15:21:23 ds4-server: chat ctx=276..326:50 gen=150 THINKING decoding chunk=22.75 t/s avg=17.30 t/s 8.672s
0810 15:21:25 ds4-server: chat ctx=326..376:50 gen=200 THINKING decoding chunk=24.21 t/s avg=18.63 t/s 10.737s
0810 15:21:27 ds4-server: chat ctx=376..426:50 gen=250 THINKING decoding chunk=24.98 t/s avg=19.63 t/s 12.739s
0810 15:21:29 ds4-server: chat ctx=426..476:50 gen=300 THINKING decoding chunk=24.95 t/s avg=20.35 t/s 14.742s
0810 15:21:31 ds4-server: chat ctx=476..526:50 gen=350 THINKING decoding chunk=25.75 t/s avg=20.98 t/s 16.684s
0810 15:21:33 ds4-server: chat ctx=526..576:50 gen=400 THINKING decoding chunk=25.93 t/s avg=21.49 t/s 18.613s
0810 15:21:35 ds4-server: chat ctx=576..626:50 gen=450 THINKING decoding chunk=25.21 t/s avg=21.85 t/s 20.596s
0810 15:21:37 ds4-server: chat ctx=626..676:50 gen=500 THINKING decoding chunk=25.15 t/s avg=22.14 t/s 22.583s
0810 15:21:39 ds4-server: chat ctx=676..726:50 gen=550 THINKING decoding chunk=26.40 t/s avg=22.47 t/s 24.477s
0810 15:21:41 ds4-server: chat ctx=726..776:50 gen=600 THINKING decoding chunk=25.77 t/s avg=22.71 t/s 26.418s
0810 15:21:43 ds4-server: chat ctx=776..826:50 gen=650 THINKING decoding chunk=24.92 t/s avg=22.87 t/s 28.424s
0810 15:21:45 ds4-server: chat ctx=826..876:50 gen=700 THINKING decoding chunk=24.59 t/s avg=22.98 t/s 30.458s
0810 15:21:47 ds4-server: chat ctx=876..926:50 gen=750 THINKING decoding chunk=26.43 t/s avg=23.18 t/s 32.350s
0810 15:21:49 ds4-server: chat ctx=926..976:50 gen=800 THINKING decoding chunk=25.79 t/s avg=23.33 t/s 34.289s
0810 15:21:51 ds4-server: chat ctx=976..1026:50 gen=850 THINKING decoding chunk=26.53 t/s avg=23.50 t/s 36.174s
0810 15:21:53 ds4-server: chat ctx=1026..1076:50 gen=900 THINKING decoding chunk=25.77 t/s avg=23.61 t/s 38.114s
0810 15:21:55 ds4-server: chat ctx=1076..1126:50 gen=950 THINKING decoding chunk=22.33 t/s avg=23.54 t/s 40.353s
0810 15:21:57 ds4-server: chat ctx=1126..1176:50 gen=1000 THINKING decoding chunk=22.67 t/s avg=23.50 t/s 42.559s
0810 15:21:59 ds4-server: chat ctx=1176..1226:50 gen=1050 THINKING decoding chunk=23.36 t/s avg=23.49 t/s 44.699s
0810 15:22:02 ds4-server: chat ctx=1226..1276:50 gen=1100 decoding chunk=21.10 t/s avg=23.37 t/s 47.069s
0810 15:22:04 ds4-server: chat ctx=1276..1326:50 gen=1150 decoding chunk=22.19 t/s avg=23.32 t/s 49.322s
0810 15:22:06 ds4-server: chat ctx=1326..1376:50 gen=1200 decoding chunk=24.30 t/s avg=23.36 t/s 51.380s
0810 15:22:07 ds4-server: chat ctx=1376..1407:31 gen=1231 decoding chunk=25.72 t/s avg=23.41 t/s 52.586s
0810 15:22:07 ds4-server: thinking live checkpoint remembered ctx=0..176:176 live=1407 visible=1233
0810 15:22:07 ds4-server: chat ctx=0..176:176 gen=1231 finish=stop 70.616s
0810 15:22:07 ds4-server: live kv cache miss live=1407 prompt=150 common=45 reason=token-mismatch
0810 15:22:07 ds4-server: chat ctx=0..150:150 prompt start
0810 15:22:25 ds4-server: chat ctx=0..150:150 prompt done 17.261s
0810 15:22:29 ds4-server: chat ctx=150..200:50 gen=50 THINKING decoding chunk=10.46 t/s avg=10.46 t/s 4.778s
0810 15:22:32 ds4-server: chat ctx=200..250:50 gen=100 THINKING decoding chunk=21.40 t/s avg=14.06 t/s 7.115s
0810 15:22:34 ds4-server: chat ctx=250..300:50 gen=150 THINKING decoding chunk=23.91 t/s avg=16.29 t/s 9.206s
0810 15:22:36 ds4-server: chat ctx=300..350:50 gen=200 THINKING decoding chunk=23.48 t/s avg=17.64 t/s 11.336s
0810 15:22:38 ds4-server: chat ctx=350..400:50 gen=250 THINKING decoding chunk=24.24 t/s avg=18.66 t/s 13.399s
0810 15:22:40 ds4-server: chat ctx=400..450:50 gen=300 THINKING decoding chunk=25.81 t/s avg=19.56 t/s 15.335s
0810 15:22:42 ds4-server: chat ctx=450..500:50 gen=350 THINKING decoding chunk=25.83 t/s avg=20.27 t/s 17.271s
0810 15:22:44 ds4-server: chat ctx=500..550:50 gen=400 THINKING decoding chunk=24.65 t/s avg=20.73 t/s 19.299s
0810 15:22:46 ds4-server: chat ctx=550..600:50 gen=450 THINKING decoding chunk=25.70 t/s avg=21.18 t/s 21.245s
0810 15:22:48 ds4-server: chat ctx=600..650:50 gen=500 THINKING decoding chunk=26.17 t/s avg=21.59 t/s 23.155s
0810 15:22:50 ds4-server: chat ctx=650..700:50 gen=550 THINKING decoding chunk=25.84 t/s avg=21.92 t/s 25.090s
0810 15:22:52 ds4-server: chat ctx=700..750:50 gen=600 THINKING decoding chunk=26.75 t/s avg=22.26 t/s 26.959s
0810 15:22:53 ds4-server: chat ctx=750..800:50 gen=650 THINKING decoding chunk=26.02 t/s avg=22.51 t/s 28.881s
0810 15:22:55 ds4-server: chat ctx=800..850:50 gen=700 THINKING decoding chunk=26.40 t/s avg=22.75 t/s 30.775s
0810 15:22:57 ds4-server: chat ctx=850..900:50 gen=750 THINKING decoding chunk=23.85 t/s avg=22.82 t/s 32.871s
0810 15:22:59 ds4-server: chat ctx=900..950:50 gen=800 THINKING decoding chunk=25.53 t/s avg=22.97 t/s 34.829s
0810 15:23:01 ds4-server: chat ctx=950..1000:50 gen=850 THINKING decoding chunk=25.92 t/s avg=23.12 t/s 36.759s
0810 15:23:03 ds4-server: chat ctx=1000..1050:50 gen=900 THINKING decoding chunk=24.44 t/s avg=23.19 t/s 38.804s
0810 15:23:06 ds4-server: chat ctx=1050..1100:50 gen=950 THINKING decoding chunk=21.55 t/s avg=23.10 t/s 41.125s
0810 15:23:08 ds4-server: chat ctx=1100..1150:50 gen=1000 THINKING decoding chunk=24.26 t/s avg=23.16 t/s 43.186s
0810 15:23:10 ds4-server: chat ctx=1150..1200:50 gen=1050 THINKING decoding chunk=22.22 t/s avg=23.11 t/s 45.435s
0810 15:23:12 ds4-server: chat ctx=1200..1250:50 gen=1100 THINKING decoding chunk=24.73 t/s avg=23.18 t/s 47.457s
0810 15:23:14 ds4-server: chat ctx=1250..1300:50 gen=1150 THINKING decoding chunk=21.85 t/s avg=23.12 t/s 49.746s
0810 15:23:17 ds4-server: chat ctx=1300..1350:50 gen=1200 THINKING decoding chunk=22.07 t/s avg=23.07 t/s 52.011s
0810 15:23:19 ds4-server: chat ctx=1350..1400:50 gen=1250 THINKING decoding chunk=25.20 t/s avg=23.15 t/s 53.995s
0810 15:23:21 ds4-server: chat ctx=1400..1450:50 gen=1300 THINKING decoding chunk=24.40 t/s avg=23.20 t/s 56.044s
0810 15:23:23 ds4-server: chat ctx=1450..1500:50 gen=1350 THINKING decoding chunk=24.43 t/s avg=23.24 t/s 58.091s
0810 15:23:25 ds4-server: chat ctx=1500..1550:50 gen=1400 THINKING decoding chunk=22.89 t/s avg=23.23 t/s 60.275s
0810 15:23:27 ds4-server: chat ctx=1550..1600:50 gen=1450 THINKING decoding chunk=22.80 t/s avg=23.21 t/s 62.468s
0810 15:23:29 ds4-server: chat ctx=1600..1650:50 gen=1500 THINKING decoding chunk=23.84 t/s avg=23.23 t/s 64.565s
0810 15:23:31 ds4-server: chat ctx=1650..1700:50 gen=1550 THINKING decoding chunk=24.29 t/s avg=23.27 t/s 66.624s
0810 15:23:33 ds4-server: chat ctx=1700..1750:50 gen=1600 decoding chunk=22.13 t/s avg=23.23 t/s 68.883s
0810 15:23:35 ds4-server: chat ctx=1750..1795:45 gen=1645 decoding chunk=23.05 t/s avg=23.22 t/s 70.836s
0810 15:23:35 ds4-server: thinking live checkpoint remembered ctx=0..150:150 live=1795 visible=997
0810 15:23:35 ds4-server: chat ctx=0..150:150 gen=1645 finish=stop 88.099s
0810 15:23:35 ds4-server: live kv cache miss live=1795 prompt=327 common=43 reason=token-mismatch
0810 15:23:35 ds4-server: chat ctx=0..327:327 prompt start
0810 15:23:53 ds4-server: chat ctx=0..327:327 prompt done 17.560s
0810 15:23:57 ds4-server: chat ctx=327..377:50 gen=50 THINKING decoding chunk=11.25 t/s avg=11.25 t/s 4.446s
0810 15:24:00 ds4-server: chat ctx=377..427:50 gen=100 THINKING decoding chunk=24.05 t/s avg=15.33 t/s 6.524s
0810 15:24:02 ds4-server: chat ctx=427..477:50 gen=150 THINKING decoding chunk=23.88 t/s avg=17.41 t/s 8.618s
0810 15:24:04 ds4-server: chat ctx=477..527:50 gen=200 THINKING decoding chunk=23.79 t/s avg=18.66 t/s 10.720s
0810 15:24:06 ds4-server: chat ctx=527..577:50 gen=250 THINKING decoding chunk=23.33 t/s avg=19.44 t/s 12.863s
0810 15:24:08 ds4-server: chat ctx=577..627:50 gen=300 decoding chunk=22.20 t/s avg=19.85 t/s 15.115s
0810 15:24:10 ds4-server: chat ctx=627..677:50 gen=350 decoding chunk=23.08 t/s avg=20.25 t/s 17.282s
0810 15:24:12 ds4-server: chat ctx=677..727:50 gen=400 decoding chunk=23.64 t/s avg=20.62 t/s 19.397s
0810 15:24:13 ds4-server: chat ctx=727..746:19 gen=419 decoding chunk=23.15 t/s avg=20.72 t/s 20.218s
0810 15:24:13 ds4-server: thinking live checkpoint remembered ctx=0..327:327 live=746 visible=1482
0810 15:24:13 ds4-server: chat ctx=0..327:327 gen=419 finish=stop 37.778s
0810 15:24:13 ds4-server: live kv cache miss live=746 prompt=221 common=43 reason=token-mismatch
0810 15:24:13 ds4-server: chat ctx=0..221:221 prompt start
0810 15:24:31 ds4-server: chat ctx=0..221:221 prompt done 18.137s
0810 15:24:36 ds4-server: chat ctx=221..271:50 gen=50 THINKING decoding chunk=10.18 t/s avg=10.18 t/s 4.912s
0810 15:24:39 ds4-server: chat ctx=271..321:50 gen=100 THINKING decoding chunk=22.20 t/s avg=13.96 t/s 7.164s
0810 15:24:41 ds4-server: chat ctx=321..371:50 gen=150 THINKING decoding chunk=21.91 t/s avg=15.88 t/s 9.446s
0810 15:24:43 ds4-server: chat ctx=371..421:50 gen=200 THINKING decoding chunk=25.38 t/s avg=17.52 t/s 11.417s
0810 15:24:45 ds4-server: chat ctx=421..471:50 gen=250 THINKING decoding chunk=24.62 t/s avg=18.59 t/s 13.448s
0810 15:24:47 ds4-server: chat ctx=471..521:50 gen=300 THINKING decoding chunk=25.28 t/s avg=19.45 t/s 15.426s
0810 15:24:49 ds4-server: chat ctx=521..571:50 gen=350 THINKING decoding chunk=24.06 t/s avg=19.99 t/s 17.505s
0810 15:24:51 ds4-server: chat ctx=571..621:50 gen=400 THINKING decoding chunk=24.80 t/s avg=20.49 t/s 19.521s
0810 15:24:53 ds4-server: chat ctx=621..671:50 gen=450 THINKING decoding chunk=25.61 t/s avg=20.96 t/s 21.473s
0810 15:24:55 ds4-server: chat ctx=671..721:50 gen=500 THINKING decoding chunk=23.62 t/s avg=21.20 t/s 23.590s
0810 15:24:57 ds4-server: chat ctx=721..771:50 gen=550 THINKING decoding chunk=25.31 t/s avg=21.51 t/s 25.566s
0810 15:24:59 ds4-server: chat ctx=771..821:50 gen=600 THINKING decoding chunk=24.98 t/s avg=21.76 t/s 27.568s
0810 15:25:01 ds4-server: chat ctx=821..871:50 gen=650 THINKING decoding chunk=24.86 t/s avg=21.98 t/s 29.579s
0810 15:25:03 ds4-server: chat ctx=871..921:50 gen=700 THINKING decoding chunk=24.15 t/s avg=22.12 t/s 31.649s
0810 15:25:06 ds4-server: chat ctx=921..971:50 gen=750 decoding chunk=20.45 t/s avg=22.00 t/s 34.094s
0810 15:25:07 ds4-server: chat ctx=971..1010:39 gen=789 decoding chunk=23.14 t/s avg=22.05 t/s 35.780s
0810 15:25:07 ds4-server: thinking live checkpoint remembered ctx=0..221:221 live=1010 visible=1201
0810 15:25:07 ds4-server: chat ctx=0..221:221 gen=789 finish=stop 53.917s
0810 15:25:07 ds4-server: live kv cache miss live=1010 prompt=186 common=45 reason=token-mismatch
0810 15:25:07 ds4-server: chat ctx=0..186:186 prompt start
0810 15:25:25 ds4-server: chat ctx=0..186:186 prompt done 17.342s
0810 15:25:29 ds4-server: chat ctx=186..236:50 gen=50 THINKING decoding chunk=10.17 t/s avg=10.17 t/s 4.915s
0810 15:25:32 ds4-server: chat ctx=236..286:50 gen=100 THINKING decoding chunk=22.31 t/s avg=13.97 t/s 7.156s
0810 15:25:34 ds4-server: chat ctx=286..336:50 gen=150 THINKING decoding chunk=25.32 t/s avg=16.43 t/s 9.131s
0810 15:25:36 ds4-server: chat ctx=336..386:50 gen=200 THINKING decoding chunk=24.46 t/s avg=17.90 t/s 11.175s
0810 15:25:38 ds4-server: chat ctx=386..436:50 gen=250 THINKING decoding chunk=23.53 t/s avg=18.80 t/s 13.300s
0810 15:25:40 ds4-server: chat ctx=436..486:50 gen=300 THINKING decoding chunk=24.76 t/s avg=19.58 t/s 15.319s
0810 15:25:42 ds4-server: chat ctx=486..536:50 gen=350 THINKING decoding chunk=23.64 t/s avg=20.08 t/s 17.434s
0810 15:25:44 ds4-server: chat ctx=536..586:50 gen=400 THINKING decoding chunk=24.42 t/s avg=20.53 t/s 19.482s
0810 15:25:46 ds4-server: chat ctx=586..636:50 gen=450 THINKING decoding chunk=25.43 t/s avg=20.98 t/s 21.448s
0810 15:25:48 ds4-server: chat ctx=636..686:50 gen=500 THINKING decoding chunk=25.61 t/s avg=21.37 t/s 23.400s
0810 15:25:50 ds4-server: chat ctx=686..736:50 gen=550 THINKING decoding chunk=22.54 t/s avg=21.47 t/s 25.618s
0810 15:25:52 ds4-server: chat ctx=736..786:50 gen=600 THINKING decoding chunk=22.72 t/s avg=21.57 t/s 27.819s
0810 15:25:54 ds4-server: chat ctx=786..836:50 gen=650 THINKING decoding chunk=25.04 t/s avg=21.80 t/s 29.816s
0810 15:25:57 ds4-server: chat ctx=836..886:50 gen=700 THINKING decoding chunk=21.86 t/s avg=21.80 t/s 32.103s
0810 15:25:59 ds4-server: chat ctx=886..936:50 gen=750 THINKING decoding chunk=23.73 t/s avg=21.92 t/s 34.210s
0810 15:26:01 ds4-server: chat ctx=936..986:50 gen=800 decoding chunk=25.00 t/s avg=22.09 t/s 36.210s
0810 15:26:03 ds4-server: chat ctx=986..1036:50 gen=850 decoding chunk=25.85 t/s avg=22.28 t/s 38.145s
0810 15:26:04 ds4-server: chat ctx=1036..1073:37 gen=887 decoding chunk=25.91 t/s avg=22.41 t/s 39.572s
0810 15:26:04 ds4-server: thinking live checkpoint remembered ctx=0..186:186 live=1073 visible=1161
0810 15:26:04 ds4-server: chat ctx=0..186:186 gen=887 finish=stop 56.916s
0810 15:26:04 ds4-server: live kv cache miss live=1073 prompt=139 common=45 reason=token-mismatch
0810 15:26:04 ds4-server: chat ctx=0..139:139 prompt start
0810 15:26:21 ds4-server: chat ctx=0..139:139 prompt done 17.095s
0810 15:26:26 ds4-server: chat ctx=139..189:50 gen=50 THINKING decoding chunk=10.89 t/s avg=10.89 t/s 4.591s
0810 15:26:28 ds4-server: chat ctx=189..239:50 gen=100 THINKING decoding chunk=21.63 t/s avg=14.49 t/s 6.903s
0810 15:26:30 ds4-server: chat ctx=239..289:50 gen=150 THINKING decoding chunk=24.63 t/s avg=16.79 t/s 8.933s
0810 15:26:32 ds4-server: chat ctx=289..339:50 gen=200 THINKING decoding chunk=24.94 t/s avg=18.29 t/s 10.938s
0810 15:26:34 ds4-server: chat ctx=339..389:50 gen=250 THINKING decoding chunk=25.71 t/s avg=19.41 t/s 12.883s
0810 15:26:36 ds4-server: chat ctx=389..439:50 gen=300 THINKING decoding chunk=24.29 t/s avg=20.08 t/s 14.941s
0810 15:26:38 ds4-server: chat ctx=439..489:50 gen=350 THINKING decoding chunk=24.67 t/s avg=20.63 t/s 16.968s
0810 15:26:40 ds4-server: chat ctx=489..539:50 gen=400 THINKING decoding chunk=25.65 t/s avg=21.14 t/s 18.917s
0810 15:26:42 ds4-server: chat ctx=539..583:44 gen=444 decoding chunk=21.67 t/s avg=21.20 t/s 20.947s
0810 15:26:42 ds4-server: thinking live checkpoint remembered ctx=0..139:139 live=583 visible=726
0810 15:26:42 ds4-server: chat ctx=0..139:139 gen=444 finish=stop 38.043s
0810 15:26:42 ds4-server: live kv cache miss live=583 prompt=118 common=45 reason=token-mismatch
0810 15:26:42 ds4-server: chat ctx=0..118:118 prompt start
0810 15:27:00 ds4-server: chat ctx=0..118:118 prompt done 17.530s
0810 15:27:04 ds4-server: chat ctx=118..168:50 gen=50 THINKING decoding chunk=11.31 t/s avg=11.31 t/s 4.421s
0810 15:27:06 ds4-server: chat ctx=168..218:50 gen=100 THINKING decoding chunk=23.61 t/s avg=15.29 t/s 6.539s
0810 15:27:08 ds4-server: chat ctx=218..268:50 gen=150 THINKING decoding chunk=25.13 t/s avg=17.59 t/s 8.529s
0810 15:27:10 ds4-server: chat ctx=268..318:50 gen=200 THINKING decoding chunk=26.22 t/s avg=19.16 t/s 10.436s
0810 15:27:12 ds4-server: chat ctx=318..368:50 gen=250 THINKING decoding chunk=23.76 t/s avg=19.94 t/s 12.540s
0810 15:27:14 ds4-server: chat ctx=368..418:50 gen=300 THINKING decoding chunk=24.43 t/s avg=20.57 t/s 14.587s
0810 15:27:17 ds4-server: chat ctx=418..468:50 gen=350 decoding chunk=22.77 t/s avg=20.85 t/s 16.783s
0810 15:27:19 ds4-server: chat ctx=468..518:50 gen=400 decoding chunk=23.85 t/s avg=21.19 t/s 18.879s
0810 15:27:20 ds4-server: chat ctx=518..553:35 gen=435 decoding chunk=23.52 t/s avg=21.36 t/s 20.368s
0810 15:27:20 ds4-server: thinking live checkpoint remembered ctx=0..118:118 live=553 visible=963
0810 15:27:20 ds4-server: chat ctx=0..118:118 gen=435 finish=stop 37.899s
0810 15:27:20 ds4-server: live kv cache miss live=553 prompt=197 common=45 reason=token-mismatch
0810 15:27:20 ds4-server: chat ctx=0..197:197 prompt start
0810 15:27:38 ds4-server: chat ctx=0..197:197 prompt done 18.086s
0810 15:27:43 ds4-server: chat ctx=197..247:50 gen=50 THINKING decoding chunk=10.08 t/s avg=10.08 t/s 4.962s
0810 15:27:46 ds4-server: chat ctx=247..297:50 gen=100 THINKING decoding chunk=21.08 t/s avg=13.64 t/s 7.334s
0810 15:27:48 ds4-server: chat ctx=297..347:50 gen=150 THINKING decoding chunk=21.58 t/s avg=15.54 t/s 9.650s
0810 15:27:50 ds4-server: chat ctx=347..397:50 gen=200 THINKING decoding chunk=22.80 t/s avg=16.89 t/s 11.843s
0810 15:27:52 ds4-server: chat ctx=397..447:50 gen=250 THINKING decoding chunk=24.23 t/s avg=17.98 t/s 13.907s
0810 15:27:54 ds4-server: chat ctx=447..497:50 gen=300 THINKING decoding chunk=23.65 t/s avg=18.73 t/s 16.021s
0810 15:27:56 ds4-server: chat ctx=497..547:50 gen=350 THINKING decoding chunk=24.50 t/s avg=19.38 t/s 18.062s
0810 15:27:58 ds4-server: chat ctx=547..597:50 gen=400 THINKING decoding chunk=25.06 t/s avg=19.94 t/s 20.057s
0810 15:28:00 ds4-server: chat ctx=597..647:50 gen=450 THINKING decoding chunk=25.36 t/s avg=20.43 t/s 22.029s
0810 15:28:02 ds4-server: chat ctx=647..697:50 gen=500 THINKING decoding chunk=24.05 t/s avg=20.74 t/s 24.108s
0810 15:28:04 ds4-server: chat ctx=697..747:50 gen=550 THINKING decoding chunk=25.08 t/s avg=21.07 t/s 26.102s
0810 15:28:06 ds4-server: chat ctx=747..797:50 gen=600 THINKING decoding chunk=26.18 t/s avg=21.42 t/s 28.012s
0810 15:28:08 ds4-server: chat ctx=797..847:50 gen=650 THINKING decoding chunk=25.23 t/s avg=21.67 t/s 29.994s
0810 15:28:10 ds4-server: chat ctx=847..897:50 gen=700 THINKING decoding chunk=24.33 t/s avg=21.84 t/s 32.049s
0810 15:28:12 ds4-server: chat ctx=897..947:50 gen=750 THINKING decoding chunk=26.12 t/s avg=22.08 t/s 33.964s
0810 15:28:14 ds4-server: chat ctx=947..997:50 gen=800 THINKING decoding chunk=26.85 t/s avg=22.33 t/s 35.826s
0810 15:28:16 ds4-server: chat ctx=997..1047:50 gen=850 THINKING decoding chunk=26.57 t/s avg=22.54 t/s 37.708s
0810 15:28:18 ds4-server: chat ctx=1047..1097:50 gen=900 THINKING decoding chunk=26.14 t/s avg=22.72 t/s 39.621s
0810 15:28:20 ds4-server: chat ctx=1097..1147:50 gen=950 THINKING decoding chunk=25.97 t/s avg=22.87 t/s 41.546s
0810 15:28:22 ds4-server: chat ctx=1147..1197:50 gen=1000 THINKING decoding chunk=24.84 t/s avg=22.96 t/s 43.559s
0810 15:28:24 ds4-server: chat ctx=1197..1247:50 gen=1050 THINKING decoding chunk=26.18 t/s avg=23.09 t/s 45.469s
0810 15:28:26 ds4-server: chat ctx=1247..1297:50 gen=1100 THINKING decoding chunk=25.13 t/s avg=23.18 t/s 47.458s
0810 15:28:28 ds4-server: chat ctx=1297..1347:50 gen=1150 THINKING decoding chunk=25.27 t/s avg=23.26 t/s 49.437s
0810 15:28:30 ds4-server: chat ctx=1347..1397:50 gen=1200 THINKING decoding chunk=26.98 t/s avg=23.40 t/s 51.290s
0810 15:28:32 ds4-server: chat ctx=1397..1447:50 gen=1250 THINKING decoding chunk=20.13 t/s avg=23.25 t/s 53.774s
0810 15:28:34 ds4-server: chat ctx=1447..1497:50 gen=1300 THINKING decoding chunk=25.79 t/s avg=23.33 t/s 55.713s
0810 15:28:36 ds4-server: chat ctx=1497..1547:50 gen=1350 THINKING decoding chunk=26.57 t/s avg=23.44 t/s 57.594s
0810 15:28:38 ds4-server: chat ctx=1547..1597:50 gen=1400 THINKING decoding chunk=25.91 t/s avg=23.52 t/s 59.524s
0810 15:28:40 ds4-server: chat ctx=1597..1647:50 gen=1450 THINKING decoding chunk=24.56 t/s avg=23.55 t/s 61.559s
0810 15:28:42 ds4-server: chat ctx=1647..1697:50 gen=1500 THINKING decoding chunk=26.01 t/s avg=23.63 t/s 63.481s
0810 15:28:44 ds4-server: chat ctx=1697..1747:50 gen=1550 THINKING decoding chunk=26.54 t/s avg=23.71 t/s 65.365s
0810 15:28:46 ds4-server: chat ctx=1747..1797:50 gen=1600 THINKING decoding chunk=26.22 t/s avg=23.78 t/s 67.272s
0810 15:28:48 ds4-server: chat ctx=1797..1847:50 gen=1650 THINKING decoding chunk=23.62 t/s avg=23.78 t/s 69.389s
0810 15:28:50 ds4-server: chat ctx=1847..1897:50 gen=1700 THINKING decoding chunk=21.42 t/s avg=23.70 t/s 71.723s
0810 15:28:52 ds4-server: chat ctx=1897..1947:50 gen=1750 THINKING decoding chunk=24.00 t/s avg=23.71 t/s 73.806s
0810 15:28:54 ds4-server: chat ctx=1947..1997:50 gen=1800 THINKING decoding chunk=24.43 t/s avg=23.73 t/s 75.853s
0810 15:28:57 ds4-server: chat ctx=1997..2047:50 gen=1850 THINKING decoding chunk=20.55 t/s avg=23.63 t/s 78.286s
0810 15:28:59 ds4-server: chat ctx=2047..2097:50 gen=1900 THINKING decoding chunk=22.82 t/s avg=23.61 t/s 80.477s
0810 15:29:01 ds4-server: chat ctx=2097..2147:50 gen=1950 THINKING decoding chunk=25.53 t/s avg=23.65 t/s 82.436s
0810 15:29:03 ds4-server: chat ctx=2147..2197:50 gen=2000 THINKING decoding chunk=23.94 t/s avg=23.66 t/s 84.525s
0810 15:29:05 ds4-server: chat ctx=2197..2247:50 gen=2050 decoding chunk=23.66 t/s avg=23.66 t/s 86.638s
0810 15:29:06 ds4-server: chat ctx=2247..2272:25 gen=2075 decoding chunk=24.67 t/s avg=23.67 t/s 87.651s
0810 15:29:06 ds4-server: thinking live checkpoint remembered ctx=0..197:197 live=2272 visible=1080
0810 15:29:06 ds4-server: chat ctx=0..197:197 gen=2075 finish=stop 105.738s
0810 15:29:06 ds4-server: live kv cache miss live=2272 prompt=173 common=45 reason=token-mismatch
0810 15:29:06 ds4-server: chat ctx=0..173:173 prompt start
0810 15:29:24 ds4-server: chat ctx=0..173:173 prompt done 17.607s
0810 15:29:28 ds4-server: chat ctx=173..223:50 gen=50 THINKING decoding chunk=10.44 t/s avg=10.44 t/s 4.791s
0810 15:29:30 ds4-server: chat ctx=223..273:50 gen=100 THINKING decoding chunk=22.69 t/s avg=14.30 t/s 6.995s
0810 15:29:33 ds4-server: chat ctx=273..323:50 gen=150 THINKING decoding chunk=22.46 t/s avg=16.27 t/s 9.222s
0810 15:29:35 ds4-server: chat ctx=323..373:50 gen=200 THINKING decoding chunk=23.50 t/s avg=17.62 t/s 11.349s
0810 15:29:37 ds4-server: chat ctx=373..423:50 gen=250 THINKING decoding chunk=24.10 t/s avg=18.62 t/s 13.424s
0810 15:29:39 ds4-server: chat ctx=423..473:50 gen=300 THINKING decoding chunk=24.84 t/s avg=19.43 t/s 15.437s
0810 15:29:41 ds4-server: chat ctx=473..523:50 gen=350 THINKING decoding chunk=25.06 t/s avg=20.08 t/s 17.432s
0810 15:29:43 ds4-server: chat ctx=523..573:50 gen=400 THINKING decoding chunk=25.27 t/s avg=20.61 t/s 19.411s
0810 15:29:45 ds4-server: chat ctx=573..623:50 gen=450 THINKING decoding chunk=23.10 t/s avg=20.86 t/s 21.575s
0810 15:29:47 ds4-server: chat ctx=623..673:50 gen=500 THINKING decoding chunk=22.68 t/s avg=21.03 t/s 23.780s
0810 15:29:50 ds4-server: chat ctx=673..723:50 gen=550 THINKING decoding chunk=20.27 t/s avg=20.95 t/s 26.247s
0810 15:29:52 ds4-server: chat ctx=723..773:50 gen=600 THINKING decoding chunk=21.84 t/s avg=21.03 t/s 28.536s
0810 15:29:54 ds4-server: chat ctx=773..823:50 gen=650 THINKING decoding chunk=22.99 t/s avg=21.17 t/s 30.711s
0810 15:29:56 ds4-server: chat ctx=823..873:50 gen=700 decoding chunk=23.08 t/s avg=21.29 t/s 32.877s
0810 15:29:58 ds4-server: chat ctx=873..923:50 gen=750 decoding chunk=25.27 t/s avg=21.52 t/s 34.856s
0810 15:30:00 ds4-server: chat ctx=923..973:50 gen=800 decoding chunk=25.94 t/s avg=21.75 t/s 36.783s
0810 15:30:01 ds4-server: chat ctx=973..986:13 gen=813 decoding chunk=25.37 t/s avg=21.80 t/s 37.296s
0810 15:30:01 ds4-server: thinking live checkpoint remembered ctx=0..173:173 live=986 visible=1319
0810 15:30:01 ds4-server: chat ctx=0..173:173 gen=813 finish=stop 54.904s
0810 15:30:01 ds4-server: live kv cache miss live=986 prompt=157 common=45 reason=token-mismatch
0810 15:30:01 ds4-server: chat ctx=0..157:157 prompt start
0810 15:30:19 ds4-server: chat ctx=0..157:157 prompt done 17.742s
0810 15:30:23 ds4-server: chat ctx=157..207:50 gen=50 THINKING decoding chunk=11.18 t/s avg=11.18 t/s 4.473s
0810 15:30:25 ds4-server: chat ctx=207..257:50 gen=100 THINKING decoding chunk=22.83 t/s avg=15.01 t/s 6.663s
0810 15:30:27 ds4-server: chat ctx=257..307:50 gen=150 THINKING decoding chunk=24.37 t/s avg=17.21 t/s 8.715s
0810 15:30:30 ds4-server: chat ctx=307..357:50 gen=200 THINKING decoding chunk=22.36 t/s avg=18.26 t/s 10.951s
0810 15:30:32 ds4-server: chat ctx=357..407:50 gen=250 THINKING decoding chunk=24.86 t/s avg=19.29 t/s 12.962s
0810 15:30:34 ds4-server: chat ctx=407..457:50 gen=300 THINKING decoding chunk=24.52 t/s avg=20.00 t/s 15.001s
0810 15:30:36 ds4-server: chat ctx=457..507:50 gen=350 THINKING decoding chunk=24.66 t/s avg=20.55 t/s 17.029s
0810 15:30:38 ds4-server: chat ctx=507..557:50 gen=400 THINKING decoding chunk=25.04 t/s avg=21.02 t/s 19.026s
0810 15:30:40 ds4-server: chat ctx=557..607:50 gen=450 THINKING decoding chunk=24.34 t/s avg=21.35 t/s 21.080s
0810 15:30:42 ds4-server: chat ctx=607..656:49 gen=499 decoding chunk=23.67 t/s avg=21.56 t/s 23.150s
0810 15:30:42 ds4-server: thinking live checkpoint remembered ctx=0..157:157 live=656 visible=783
0810 15:30:42 ds4-server: chat ctx=0..157:157 gen=499 finish=stop 40.892s
0810 15:30:42 ds4-server: live kv cache miss live=656 prompt=135 common=45 reason=token-mismatch
0810 15:30:42 ds4-server: chat ctx=0..135:135 prompt start
0810 15:30:59 ds4-server: chat ctx=0..135:135 prompt done 17.017s
0810 15:31:03 ds4-server: chat ctx=135..185:50 gen=50 THINKING decoding chunk=11.30 t/s avg=11.30 t/s 4.424s
0810 15:31:05 ds4-server: chat ctx=185..235:50 gen=100 THINKING decoding chunk=25.89 t/s avg=15.74 t/s 6.355s
0810 15:31:07 ds4-server: chat ctx=235..285:50 gen=150 THINKING decoding chunk=25.27 t/s avg=18.00 t/s 8.334s
0810 15:31:09 ds4-server: chat ctx=285..335:50 gen=200 THINKING decoding chunk=25.28 t/s avg=19.40 t/s 10.311s
0810 15:31:11 ds4-server: chat ctx=335..385:50 gen=250 THINKING decoding chunk=26.01 t/s avg=20.44 t/s 12.234s
0810 15:31:13 ds4-server: chat ctx=385..435:50 gen=300 THINKING decoding chunk=22.62 t/s avg=20.77 t/s 14.444s
0810 15:31:15 ds4-server: chat ctx=435..485:50 gen=350 THINKING decoding chunk=26.76 t/s avg=21.46 t/s 16.313s
0810 15:31:17 ds4-server: chat ctx=485..535:50 gen=400 THINKING decoding chunk=26.10 t/s avg=21.94 t/s 18.229s
0810 15:31:19 ds4-server: chat ctx=535..585:50 gen=450 THINKING decoding chunk=26.26 t/s avg=22.35 t/s 20.133s
0810 15:31:21 ds4-server: chat ctx=585..635:50 gen=500 THINKING decoding chunk=26.80 t/s avg=22.73 t/s 21.999s
0810 15:31:23 ds4-server: chat ctx=635..685:50 gen=550 THINKING decoding chunk=26.79 t/s avg=23.05 t/s 23.865s
0810 15:31:25 ds4-server: chat ctx=685..735:50 gen=600 THINKING decoding chunk=26.15 t/s avg=23.28 t/s 25.777s
0810 15:31:26 ds4-server: chat ctx=735..785:50 gen=650 THINKING decoding chunk=26.92 t/s avg=23.52 t/s 27.634s
0810 15:31:28 ds4-server: chat ctx=785..835:50 gen=700 THINKING decoding chunk=27.28 t/s avg=23.76 t/s 29.467s
0810 15:31:30 ds4-server: chat ctx=835..885:50 gen=750 THINKING decoding chunk=26.09 t/s avg=23.90 t/s 31.384s
0810 15:31:32 ds4-server: chat ctx=885..935:50 gen=800 THINKING decoding chunk=21.73 t/s avg=23.75 t/s 33.685s
0810 15:31:34 ds4-server: chat ctx=935..985:50 gen=850 THINKING decoding chunk=25.31 t/s avg=23.84 t/s 35.660s
0810 15:31:36 ds4-server: chat ctx=985..1035:50 gen=900 THINKING decoding chunk=26.64 t/s avg=23.98 t/s 37.537s
0810 15:31:39 ds4-server: chat ctx=1035..1085:50 gen=950 THINKING decoding chunk=20.59 t/s avg=23.77 t/s 39.965s
0810 15:31:41 ds4-server: chat ctx=1085..1135:50 gen=1000 THINKING decoding chunk=24.19 t/s avg=23.79 t/s 42.032s
0810 15:31:43 ds4-server: chat ctx=1135..1185:50 gen=1050 THINKING decoding chunk=25.51 t/s avg=23.87 t/s 43.992s
0810 15:31:45 ds4-server: chat ctx=1185..1235:50 gen=1100 THINKING decoding chunk=25.82 t/s avg=23.95 t/s 45.928s
0810 15:31:47 ds4-server: chat ctx=1235..1285:50 gen=1150 decoding chunk=24.77 t/s avg=23.99 t/s 47.946s
0810 15:31:48 ds4-server: chat ctx=1285..1320:35 gen=1185 decoding chunk=26.03 t/s avg=24.04 t/s 49.291s
0810 15:31:48 ds4-server: thinking live checkpoint remembered ctx=0..135:135 live=1320 visible=779
0810 15:31:48 ds4-server: chat ctx=0..135:135 gen=1185 finish=stop 66.309s
0810 15:31:48 ds4-server: live kv cache miss live=1320 prompt=186 common=45 reason=token-mismatch
0810 15:31:48 ds4-server: chat ctx=0..186:186 prompt start
0810 15:32:05 ds4-server: chat ctx=0..186:186 prompt done 17.046s
0810 15:32:10 ds4-server: chat ctx=186..236:50 gen=50 THINKING decoding chunk=11.14 t/s avg=11.14 t/s 4.490s
0810 15:32:12 ds4-server: chat ctx=236..286:50 gen=100 THINKING decoding chunk=23.81 t/s avg=15.17 t/s 6.590s
0810 15:32:14 ds4-server: chat ctx=286..336:50 gen=150 THINKING decoding chunk=21.23 t/s avg=16.77 t/s 8.945s
0810 15:32:16 ds4-server: chat ctx=336..386:50 gen=200 THINKING decoding chunk=23.09 t/s avg=18.00 t/s 11.111s
0810 15:32:18 ds4-server: chat ctx=386..436:50 gen=250 THINKING decoding chunk=25.24 t/s avg=19.10 t/s 13.091s
0810 15:32:20 ds4-server: chat ctx=436..486:50 gen=300 THINKING decoding chunk=24.75 t/s avg=19.85 t/s 15.112s
0810 15:32:22 ds4-server: chat ctx=486..536:50 gen=350 THINKING decoding chunk=25.29 t/s avg=20.48 t/s 17.089s
0810 15:32:24 ds4-server: chat ctx=536..586:50 gen=400 THINKING decoding chunk=24.73 t/s avg=20.93 t/s 19.111s
0810 15:32:26 ds4-server: chat ctx=586..636:50 gen=450 THINKING decoding chunk=25.39 t/s avg=21.35 t/s 21.080s
0810 15:32:29 ds4-server: chat ctx=636..686:50 gen=500 THINKING decoding chunk=21.05 t/s avg=21.32 t/s 23.456s
0810 15:32:31 ds4-server: chat ctx=686..736:50 gen=550 THINKING decoding chunk=24.63 t/s avg=21.58 t/s 25.485s
0810 15:32:33 ds4-server: chat ctx=736..786:50 gen=600 THINKING decoding chunk=25.75 t/s avg=21.88 t/s 27.427s
0810 15:32:34 ds4-server: chat ctx=786..836:50 gen=650 THINKING decoding chunk=25.77 t/s avg=22.13 t/s 29.367s
0810 15:32:36 ds4-server: chat ctx=836..886:50 gen=700 THINKING decoding chunk=26.64 t/s avg=22.40 t/s 31.244s
0810 15:32:38 ds4-server: chat ctx=886..936:50 gen=750 THINKING decoding chunk=24.54 t/s avg=22.53 t/s 33.282s
0810 15:32:41 ds4-server: chat ctx=936..986:50 gen=800 THINKING decoding chunk=22.84 t/s avg=22.55 t/s 35.471s
0810 15:32:43 ds4-server: chat ctx=986..1036:50 gen=850 THINKING decoding chunk=24.55 t/s avg=22.66 t/s 37.507s
0810 15:32:45 ds4-server: chat ctx=1036..1086:50 gen=900 decoding chunk=24.10 t/s avg=22.74 t/s 39.582s
0810 15:32:47 ds4-server: chat ctx=1086..1136:50 gen=950 decoding chunk=24.42 t/s avg=22.82 t/s 41.630s
0810 15:32:47 ds4-server: chat ctx=1136..1139:3 gen=953 decoding chunk=25.20 t/s avg=22.83 t/s 41.749s
0810 15:32:47 ds4-server: thinking live checkpoint remembered ctx=0..186:186 live=1139 visible=952
0810 15:32:47 ds4-server: chat ctx=0..186:186 gen=953 finish=stop 58.798s
0810 15:32:47 ds4-server: live kv cache miss live=1139 prompt=147 common=45 reason=token-mismatch
0810 15:32:47 ds4-server: chat ctx=0..147:147 prompt start
0810 15:33:04 ds4-server: chat ctx=0..147:147 prompt done 17.089s
0810 15:33:08 ds4-server: chat ctx=147..197:50 gen=50 THINKING decoding chunk=11.18 t/s avg=11.18 t/s 4.473s
0810 15:33:11 ds4-server: chat ctx=197..247:50 gen=100 THINKING decoding chunk=22.29 t/s avg=14.89 t/s 6.717s
0810 15:33:13 ds4-server: chat ctx=247..297:50 gen=150 THINKING decoding chunk=24.84 t/s avg=17.18 t/s 8.730s
0810 15:33:15 ds4-server: chat ctx=297..347:50 gen=200 THINKING decoding chunk=25.11 t/s avg=18.65 t/s 10.721s
0810 15:33:17 ds4-server: chat ctx=347..397:50 gen=250 THINKING decoding chunk=25.00 t/s avg=19.65 t/s 12.721s
0810 15:33:19 ds4-server: chat ctx=397..447:50 gen=300 THINKING decoding chunk=25.39 t/s avg=20.42 t/s 14.690s
0810 15:33:21 ds4-server: chat ctx=447..497:50 gen=350 THINKING decoding chunk=24.16 t/s avg=20.88 t/s 16.760s
0810 15:33:23 ds4-server: chat ctx=497..547:50 gen=400 THINKING decoding chunk=23.78 t/s avg=21.21 t/s 18.862s
0810 15:33:25 ds4-server: chat ctx=547..597:50 gen=450 THINKING decoding chunk=22.65 t/s avg=21.36 t/s 21.070s
0810 15:33:27 ds4-server: chat ctx=597..647:50 gen=500 THINKING decoding chunk=22.33 t/s avg=21.45 t/s 23.309s
0810 15:33:29 ds4-server: chat ctx=647..697:50 gen=550 THINKING decoding chunk=24.89 t/s avg=21.72 t/s 25.318s
0810 15:33:31 ds4-server: chat ctx=697..747:50 gen=600 decoding chunk=25.41 t/s avg=21.99 t/s 27.285s
0810 15:33:33 ds4-server: chat ctx=747..797:50 gen=650 decoding chunk=26.89 t/s avg=22.30 t/s 29.145s
0810 15:33:34 ds4-server: chat ctx=797..826:29 gen=679 decoding chunk=24.80 t/s avg=22.40 t/s 30.314s
0810 15:33:34 ds4-server: thinking live checkpoint remembered ctx=0..147:147 live=826 visible=1083
0810 15:33:34 ds4-server: chat ctx=0..147:147 gen=679 finish=stop 47.403s
0810 15:33:34 ds4-server: live kv cache miss live=826 prompt=317 common=45 reason=token-mismatch
0810 15:33:34 ds4-server: chat ctx=0..317:317 prompt start
0810 15:33:51 ds4-server: chat ctx=0..317:317 prompt done 16.931s
0810 15:33:56 ds4-server: chat ctx=317..367:50 gen=50 THINKING decoding chunk=11.35 t/s avg=11.35 t/s 4.404s
0810 15:33:58 ds4-server: chat ctx=367..417:50 gen=100 THINKING decoding chunk=22.20 t/s avg=15.02 t/s 6.657s
0810 15:34:00 ds4-server: chat ctx=417..467:50 gen=150 THINKING decoding chunk=24.22 t/s avg=17.20 t/s 8.721s
0810 15:34:02 ds4-server: chat ctx=467..517:50 gen=200 THINKING decoding chunk=24.85 t/s avg=18.63 t/s 10.734s
0810 15:34:04 ds4-server: chat ctx=517..567:50 gen=250 THINKING decoding chunk=23.99 t/s avg=19.50 t/s 12.818s
0810 15:34:06 ds4-server: chat ctx=567..617:50 gen=300 THINKING decoding chunk=25.05 t/s avg=20.25 t/s 14.814s
0810 15:34:08 ds4-server: chat ctx=617..667:50 gen=350 THINKING decoding chunk=22.26 t/s avg=20.52 t/s 17.060s
0810 15:34:10 ds4-server: chat ctx=667..717:50 gen=400 THINKING decoding chunk=23.94 t/s avg=20.89 t/s 19.149s
0810 15:34:13 ds4-server: chat ctx=717..767:50 gen=450 decoding chunk=20.84 t/s avg=20.88 t/s 21.549s
0810 15:34:15 ds4-server: chat ctx=767..817:50 gen=500 decoding chunk=23.88 t/s avg=21.15 t/s 23.643s
0810 15:34:17 ds4-server: chat ctx=817..867:50 gen=550 decoding chunk=24.83 t/s avg=21.44 t/s 25.657s
0810 15:34:19 ds4-server: chat ctx=867..917:50 gen=600 decoding chunk=25.42 t/s avg=21.72 t/s 27.624s
0810 15:34:21 ds4-server: chat ctx=917..967:50 gen=650 decoding chunk=23.59 t/s avg=21.85 t/s 29.743s
0810 15:34:23 ds4-server: chat ctx=967..1017:50 gen=700 decoding chunk=26.35 t/s avg=22.12 t/s 31.640s
0810 15:34:25 ds4-server: chat ctx=1017..1067:50 gen=750 decoding chunk=26.43 t/s avg=22.37 t/s 33.532s
0810 15:34:26 ds4-server: chat ctx=1067..1089:22 gen=772 decoding chunk=24.90 t/s avg=22.43 t/s 34.416s
0810 15:34:26 ds4-server: thinking live checkpoint remembered ctx=0..317:317 live=1089 visible=2190
0810 15:34:26 ds4-server: chat ctx=0..317:317 gen=772 finish=stop 51.347s
0810 15:34:26 ds4-server: live kv cache miss live=1089 prompt=165 common=45 reason=token-mismatch
0810 15:34:26 ds4-server: chat ctx=0..165:165 prompt start
0810 15:34:43 ds4-server: chat ctx=0..165:165 prompt done 16.890s
0810 15:34:47 ds4-server: chat ctx=165..215:50 gen=50 THINKING decoding chunk=10.82 t/s avg=10.82 t/s 4.620s
0810 15:34:49 ds4-server: chat ctx=215..265:50 gen=100 THINKING decoding chunk=21.51 t/s avg=14.40 t/s 6.945s
0810 15:34:51 ds4-server: chat ctx=265..315:50 gen=150 THINKING decoding chunk=24.41 t/s avg=16.68 t/s 8.994s
0810 15:34:54 ds4-server: chat ctx=315..365:50 gen=200 THINKING decoding chunk=23.93 t/s avg=18.05 t/s 11.083s
0810 15:34:56 ds4-server: chat ctx=365..415:50 gen=250 THINKING decoding chunk=25.48 t/s avg=19.16 t/s 13.045s
0810 15:34:57 ds4-server: chat ctx=415..465:50 gen=300 THINKING decoding chunk=26.05 t/s avg=20.05 t/s 14.965s
0810 15:34:59 ds4-server: chat ctx=465..515:50 gen=350 THINKING decoding chunk=26.35 t/s avg=20.76 t/s 16.862s
0810 15:35:01 ds4-server: chat ctx=515..565:50 gen=400 THINKING decoding chunk=26.14 t/s avg=21.30 t/s 18.775s
0810 15:35:03 ds4-server: chat ctx=565..615:50 gen=450 THINKING decoding chunk=24.08 t/s avg=21.58 t/s 20.852s
0810 15:35:05 ds4-server: chat ctx=615..665:50 gen=500 THINKING decoding chunk=24.99 t/s avg=21.88 t/s 22.853s
0810 15:35:07 ds4-server: chat ctx=665..715:50 gen=550 THINKING decoding chunk=25.82 t/s avg=22.19 t/s 24.789s
0810 15:35:09 ds4-server: chat ctx=715..765:50 gen=600 THINKING decoding chunk=25.37 t/s avg=22.42 t/s 26.760s
0810 15:35:12 ds4-server: chat ctx=765..815:50 gen=650 THINKING decoding chunk=21.33 t/s avg=22.33 t/s 29.105s
0810 15:35:14 ds4-server: chat ctx=815..865:50 gen=700 decoding chunk=23.60 t/s avg=22.42 t/s 31.223s
0810 15:35:16 ds4-server: chat ctx=865..915:50 gen=750 decoding chunk=23.71 t/s avg=22.50 t/s 33.332s
0810 15:35:16 ds4-server: chat ctx=915..923:8 gen=758 decoding chunk=19.99 t/s avg=22.47 t/s 33.732s
0810 15:35:16 ds4-server: thinking live checkpoint remembered ctx=0..165:165 live=923 visible=942
0810 15:35:16 ds4-server: chat ctx=0..165:165 gen=758 finish=stop 50.623s
0810 15:35:16 ds4-server: live kv cache miss live=923 prompt=250 common=45 reason=token-mismatch
0810 15:35:16 ds4-server: chat ctx=0..250:250 prompt start
0810 15:35:33 ds4-server: chat ctx=0..250:250 prompt done 16.998s
0810 15:35:38 ds4-server: chat ctx=250..300:50 gen=50 THINKING decoding chunk=11.12 t/s avg=11.12 t/s 4.496s
0810 15:35:40 ds4-server: chat ctx=300..350:50 gen=100 THINKING decoding chunk=21.82 t/s avg=14.73 t/s 6.788s
0810 15:35:42 ds4-server: chat ctx=350..400:50 gen=150 THINKING decoding chunk=21.48 t/s avg=16.45 t/s 9.116s
0810 15:35:45 ds4-server: chat ctx=400..450:50 gen=200 THINKING decoding chunk=22.67 t/s avg=17.67 t/s 11.321s
0810 15:35:47 ds4-server: chat ctx=450..500:50 gen=250 THINKING decoding chunk=23.33 t/s avg=18.57 t/s 13.464s
0810 15:35:49 ds4-server: chat ctx=500..550:50 gen=300 THINKING decoding chunk=24.90 t/s avg=19.39 t/s 15.472s
0810 15:35:51 ds4-server: chat ctx=550..600:50 gen=350 THINKING decoding chunk=21.58 t/s avg=19.67 t/s 17.789s
0810 15:35:53 ds4-server: chat ctx=600..650:50 gen=400 THINKING decoding chunk=21.80 t/s avg=19.92 t/s 20.083s
0810 15:35:56 ds4-server: chat ctx=650..700:50 gen=450 THINKING decoding chunk=22.16 t/s avg=20.14 t/s 22.339s
0810 15:35:58 ds4-server: chat ctx=700..750:50 gen=500 decoding chunk=22.30 t/s avg=20.34 t/s 24.581s
0810 15:36:00 ds4-server: chat ctx=750..800:50 gen=550 decoding chunk=23.65 t/s avg=20.60 t/s 26.695s
0810 15:36:01 ds4-server: chat ctx=800..823:23 gen=573 decoding chunk=23.25 t/s avg=20.70 t/s 27.684s
0810 15:36:01 ds4-server: thinking live checkpoint remembered ctx=0..250:250 live=823 visible=1251
0810 15:36:01 ds4-server: chat ctx=0..250:250 gen=573 finish=stop 44.683s
0810 15:36:01 ds4-server: live kv cache miss live=823 prompt=171 common=45 reason=token-mismatch
0810 15:36:01 ds4-server: chat ctx=0..171:171 prompt start
0810 15:36:18 ds4-server: chat ctx=0..171:171 prompt done 17.171s
0810 15:36:23 ds4-server: chat ctx=171..221:50 gen=50 THINKING decoding chunk=10.83 t/s avg=10.83 t/s 4.618s
0810 15:36:25 ds4-server: chat ctx=221..271:50 gen=100 THINKING decoding chunk=22.09 t/s avg=14.53 t/s 6.882s
0810 15:36:27 ds4-server: chat ctx=271..321:50 gen=150 THINKING decoding chunk=24.50 t/s avg=16.81 t/s 8.923s
0810 15:36:29 ds4-server: chat ctx=321..371:50 gen=200 THINKING decoding chunk=24.29 t/s avg=18.21 t/s 10.982s
0810 15:36:31 ds4-server: chat ctx=371..421:50 gen=250 THINKING decoding chunk=24.73 t/s avg=19.23 t/s 13.004s
0810 15:36:33 ds4-server: chat ctx=421..471:50 gen=300 THINKING decoding chunk=24.39 t/s avg=19.93 t/s 15.054s
0810 15:36:35 ds4-server: chat ctx=471..521:50 gen=350 THINKING decoding chunk=25.74 t/s avg=20.59 t/s 16.997s
0810 15:36:37 ds4-server: chat ctx=521..571:50 gen=400 THINKING decoding chunk=25.51 t/s avg=21.10 t/s 18.957s
0810 15:36:39 ds4-server: chat ctx=571..621:50 gen=450 THINKING decoding chunk=24.79 t/s avg=21.46 t/s 20.974s
0810 15:36:41 ds4-server: chat ctx=621..671:50 gen=500 THINKING decoding chunk=21.90 t/s avg=21.50 t/s 23.257s
0810 15:36:43 ds4-server: chat ctx=671..721:50 gen=550 THINKING decoding chunk=24.24 t/s avg=21.72 t/s 25.319s
0810 15:36:46 ds4-server: chat ctx=721..771:50 gen=600 THINKING decoding chunk=24.42 t/s avg=21.92 t/s 27.366s
0810 15:36:48 ds4-server: chat ctx=771..821:50 gen=650 THINKING decoding chunk=21.91 t/s avg=21.92 t/s 29.648s
0810 15:36:50 ds4-server: chat ctx=821..871:50 gen=700 THINKING decoding chunk=24.34 t/s avg=22.08 t/s 31.702s
0810 15:36:52 ds4-server: chat ctx=871..921:50 gen=750 THINKING decoding chunk=24.43 t/s avg=22.22 t/s 33.749s
0810 15:36:54 ds4-server: chat ctx=921..971:50 gen=800 THINKING decoding chunk=24.28 t/s avg=22.34 t/s 35.808s
0810 15:36:56 ds4-server: chat ctx=971..1021:50 gen=850 THINKING decoding chunk=25.55 t/s avg=22.51 t/s 37.765s
0810 15:36:58 ds4-server: chat ctx=1021..1071:50 gen=900 THINKING decoding chunk=25.33 t/s avg=22.65 t/s 39.738s
0810 15:37:00 ds4-server: chat ctx=1071..1121:50 gen=950 THINKING decoding chunk=26.08 t/s avg=22.81 t/s 41.656s
0810 15:37:02 ds4-server: chat ctx=1121..1171:50 gen=1000 THINKING decoding chunk=25.75 t/s avg=22.94 t/s 43.597s
0810 15:37:04 ds4-server: chat ctx=1171..1221:50 gen=1050 THINKING decoding chunk=27.11 t/s avg=23.11 t/s 45.441s
0810 15:37:05 ds4-server: chat ctx=1221..1271:50 gen=1100 THINKING decoding chunk=26.69 t/s avg=23.25 t/s 47.315s
0810 15:37:07 ds4-server: chat ctx=1271..1321:50 gen=1150 THINKING decoding chunk=26.82 t/s avg=23.38 t/s 49.179s
0810 15:37:09 ds4-server: chat ctx=1321..1371:50 gen=1200 THINKING decoding chunk=26.65 t/s avg=23.50 t/s 51.055s
0810 15:37:11 ds4-server: chat ctx=1371..1421:50 gen=1250 THINKING decoding chunk=26.59 t/s avg=23.61 t/s 52.935s
0810 15:37:13 ds4-server: chat ctx=1421..1471:50 gen=1300 THINKING decoding chunk=26.83 t/s avg=23.72 t/s 54.799s
0810 15:37:15 ds4-server: chat ctx=1471..1521:50 gen=1350 THINKING decoding chunk=27.00 t/s avg=23.83 t/s 56.651s
0810 15:37:17 ds4-server: chat ctx=1521..1571:50 gen=1400 THINKING decoding chunk=27.65 t/s avg=23.95 t/s 58.459s
0810 15:37:18 ds4-server: chat ctx=1571..1621:50 gen=1450 THINKING decoding chunk=26.82 t/s avg=24.04 t/s 60.323s
0810 15:37:20 ds4-server: chat ctx=1621..1671:50 gen=1500 THINKING decoding chunk=27.50 t/s avg=24.14 t/s 62.141s
0810 15:37:22 ds4-server: chat ctx=1671..1721:50 gen=1550 THINKING decoding chunk=27.07 t/s avg=24.22 t/s 63.989s
0810 15:37:24 ds4-server: chat ctx=1721..1771:50 gen=1600 THINKING decoding chunk=27.18 t/s avg=24.31 t/s 65.828s
0810 15:37:26 ds4-server: chat ctx=1771..1821:50 gen=1650 THINKING decoding chunk=27.06 t/s avg=24.38 t/s 67.676s
0810 15:37:28 ds4-server: chat ctx=1821..1871:50 gen=1700 THINKING decoding chunk=27.29 t/s avg=24.46 t/s 69.507s
0810 15:37:29 ds4-server: chat ctx=1871..1921:50 gen=1750 THINKING decoding chunk=27.52 t/s avg=24.54 t/s 71.324s
0810 15:37:31 ds4-server: chat ctx=1921..1971:50 gen=1800 THINKING decoding chunk=27.23 t/s avg=24.60 t/s 73.161s
0810 15:37:33 ds4-server: chat ctx=1971..2021:50 gen=1850 THINKING decoding chunk=27.03 t/s avg=24.66 t/s 75.010s
0810 15:37:35 ds4-server: chat ctx=2021..2071:50 gen=1900 THINKING decoding chunk=27.92 t/s avg=24.74 t/s 76.802s
0810 15:37:37 ds4-server: chat ctx=2071..2121:50 gen=1950 THINKING decoding chunk=27.67 t/s avg=24.81 t/s 78.608s
0810 15:37:39 ds4-server: chat ctx=2121..2171:50 gen=2000 THINKING decoding chunk=27.63 t/s avg=24.87 t/s 80.418s
0810 15:37:40 ds4-server: chat ctx=2171..2221:50 gen=2050 THINKING decoding chunk=27.38 t/s avg=24.93 t/s 82.244s
0810 15:37:42 ds4-server: chat ctx=2221..2271:50 gen=2100 THINKING decoding chunk=27.04 t/s avg=24.97 t/s 84.093s
0810 15:37:44 ds4-server: chat ctx=2271..2321:50 gen=2150 THINKING decoding chunk=27.65 t/s avg=25.03 t/s 85.902s
0810 15:37:46 ds4-server: chat ctx=2321..2371:50 gen=2200 THINKING decoding chunk=27.67 t/s avg=25.08 t/s 87.709s
0810 15:37:48 ds4-server: chat ctx=2371..2421:50 gen=2250 THINKING decoding chunk=27.89 t/s avg=25.14 t/s 89.502s
0810 15:37:49 ds4-server: chat ctx=2421..2471:50 gen=2300 THINKING decoding chunk=27.79 t/s avg=25.19 t/s 91.301s
0810 15:37:51 ds4-server: chat ctx=2471..2521:50 gen=2350 THINKING decoding chunk=27.33 t/s avg=25.23 t/s 93.131s
0810 15:37:53 ds4-server: chat ctx=2521..2571:50 gen=2400 THINKING decoding chunk=27.67 t/s avg=25.28 t/s 94.938s
0810 15:37:55 ds4-server: chat ctx=2571..2621:50 gen=2450 THINKING decoding chunk=27.89 t/s avg=25.33 t/s 96.730s
0810 15:37:57 ds4-server: chat ctx=2621..2671:50 gen=2500 THINKING decoding chunk=27.83 t/s avg=25.37 t/s 98.527s
0810 15:37:58 ds4-server: chat ctx=2671..2721:50 gen=2550 THINKING decoding chunk=27.97 t/s avg=25.42 t/s 100.314s
0810 15:38:00 ds4-server: chat ctx=2721..2771:50 gen=2600 THINKING decoding chunk=27.71 t/s avg=25.46 t/s 102.119s
0810 15:38:02 ds4-server: chat ctx=2771..2821:50 gen=2650 THINKING decoding chunk=27.45 t/s avg=25.50 t/s 103.940s
0810 15:38:04 ds4-server: chat ctx=2821..2871:50 gen=2700 THINKING decoding chunk=28.10 t/s avg=25.54 t/s 105.720s
0810 15:38:06 ds4-server: chat ctx=2871..2921:50 gen=2750 THINKING decoding chunk=27.19 t/s avg=25.57 t/s 107.559s
0810 15:38:07 ds4-server: chat ctx=2921..2971:50 gen=2800 THINKING decoding chunk=27.85 t/s avg=25.60 t/s 109.354s
0810 15:38:09 ds4-server: chat ctx=2971..3021:50 gen=2850 THINKING decoding chunk=27.70 t/s avg=25.64 t/s 111.159s
0810 15:38:11 ds4-server: chat ctx=3021..3071:50 gen=2900 THINKING decoding chunk=27.80 t/s avg=25.67 t/s 112.957s
0810 15:38:13 ds4-server: chat ctx=3071..3121:50 gen=2950 THINKING decoding chunk=27.90 t/s avg=25.71 t/s 114.750s
0810 15:38:15 ds4-server: chat ctx=3121..3171:50 gen=3000 THINKING decoding chunk=27.61 t/s avg=25.74 t/s 116.560s
0810 15:38:17 ds4-server: chat ctx=3171..3221:50 gen=3050 THINKING decoding chunk=27.68 t/s avg=25.77 t/s 118.366s
0810 15:38:18 ds4-server: chat ctx=3221..3271:50 gen=3100 THINKING decoding chunk=27.65 t/s avg=25.80 t/s 120.174s
0810 15:38:20 ds4-server: chat ctx=3271..3321:50 gen=3150 THINKING decoding chunk=27.81 t/s avg=25.83 t/s 121.973s
0810 15:38:22 ds4-server: chat ctx=3321..3371:50 gen=3200 THINKING decoding chunk=27.49 t/s avg=25.85 t/s 123.792s
0810 15:38:24 ds4-server: chat ctx=3371..3421:50 gen=3250 THINKING decoding chunk=27.93 t/s avg=25.88 t/s 125.582s
0810 15:38:26 ds4-server: chat ctx=3421..3471:50 gen=3300 THINKING decoding chunk=27.16 t/s avg=25.90 t/s 127.422s
0810 15:38:27 ds4-server: chat ctx=3471..3521:50 gen=3350 THINKING decoding chunk=27.31 t/s avg=25.92 t/s 129.253s
0810 15:38:29 ds4-server: chat ctx=3521..3571:50 gen=3400 THINKING decoding chunk=26.32 t/s avg=25.92 t/s 131.153s
0810 15:38:31 ds4-server: chat ctx=3571..3621:50 gen=3450 THINKING decoding chunk=27.19 t/s avg=25.94 t/s 132.992s
0810 15:38:33 ds4-server: chat ctx=3621..3671:50 gen=3500 THINKING decoding chunk=27.61 t/s avg=25.96 t/s 134.803s
0810 15:38:35 ds4-server: chat ctx=3671..3721:50 gen=3550 THINKING decoding chunk=27.48 t/s avg=25.98 t/s 136.623s
0810 15:38:37 ds4-server: chat ctx=3721..3771:50 gen=3600 THINKING decoding chunk=27.81 t/s avg=26.01 t/s 138.421s
0810 15:38:38 ds4-server: chat ctx=3771..3821:50 gen=3650 THINKING decoding chunk=27.20 t/s avg=26.02 t/s 140.259s
0810 15:38:40 ds4-server: chat ctx=3821..3871:50 gen=3700 THINKING decoding chunk=27.36 t/s avg=26.04 t/s 142.086s
0810 15:38:42 ds4-server: chat ctx=3871..3921:50 gen=3750 THINKING decoding chunk=27.48 t/s avg=26.06 t/s 143.906s
0810 15:38:44 ds4-server: chat ctx=3921..3971:50 gen=3800 THINKING decoding chunk=27.35 t/s avg=26.07 t/s 145.735s
0810 15:38:46 ds4-server: chat ctx=3971..4021:50 gen=3850 THINKING decoding chunk=27.12 t/s avg=26.09 t/s 147.578s
0810 15:38:48 ds4-server: chat ctx=4021..4071:50 gen=3900 THINKING decoding chunk=27.08 t/s avg=26.10 t/s 149.424s
0810 15:38:49 ds4-server: chat ctx=4071..4121:50 gen=3950 THINKING decoding chunk=26.51 t/s avg=26.11 t/s 151.310s
0810 15:38:51 ds4-server: chat ctx=4121..4171:50 gen=4000 THINKING decoding chunk=26.70 t/s avg=26.11 t/s 153.183s
0810 15:38:53 ds4-server: chat ctx=4171..4221:50 gen=4050 THINKING decoding chunk=26.37 t/s avg=26.12 t/s 155.079s
0810 15:38:55 ds4-server: chat ctx=4221..4271:50 gen=4100 THINKING decoding chunk=26.36 t/s avg=26.12 t/s 156.976s
0810 15:38:57 ds4-server: chat ctx=4271..4321:50 gen=4150 THINKING decoding chunk=26.33 t/s avg=26.12 t/s 158.875s
0810 15:38:59 ds4-server: chat ctx=4321..4371:50 gen=4200 THINKING decoding chunk=25.84 t/s avg=26.12 t/s 160.810s
0810 15:39:01 ds4-server: chat ctx=4371..4421:50 gen=4250 THINKING decoding chunk=26.58 t/s avg=26.12 t/s 162.691s
0810 15:39:03 ds4-server: chat ctx=4421..4471:50 gen=4300 THINKING decoding chunk=26.62 t/s avg=26.13 t/s 164.570s
0810 15:39:05 ds4-server: chat ctx=4471..4521:50 gen=4350 THINKING decoding chunk=26.32 t/s avg=26.13 t/s 166.470s
0810 15:39:07 ds4-server: chat ctx=4521..4571:50 gen=4400 THINKING decoding chunk=26.35 t/s avg=26.13 t/s 168.367s
0810 15:39:08 ds4-server: chat ctx=4571..4621:50 gen=4450 THINKING decoding chunk=25.68 t/s avg=26.13 t/s 170.314s
0810 15:39:10 ds4-server: chat ctx=4621..4671:50 gen=4500 THINKING decoding chunk=26.35 t/s avg=26.13 t/s 172.211s
0810 15:39:12 ds4-server: chat ctx=4671..4721:50 gen=4550 THINKING decoding chunk=26.20 t/s avg=26.13 t/s 174.119s
0810 15:39:14 ds4-server: chat ctx=4721..4771:50 gen=4600 THINKING decoding chunk=26.03 t/s avg=26.13 t/s 176.040s
0810 15:39:16 ds4-server: chat ctx=4771..4821:50 gen=4650 THINKING decoding chunk=26.11 t/s avg=26.13 t/s 177.955s
0810 15:39:18 ds4-server: chat ctx=4821..4871:50 gen=4700 THINKING decoding chunk=25.99 t/s avg=26.13 t/s 179.879s
0810 15:39:20 ds4-server: chat ctx=4871..4921:50 gen=4750 THINKING decoding chunk=25.74 t/s avg=26.12 t/s 181.821s
0810 15:39:22 ds4-server: chat ctx=4921..4971:50 gen=4800 THINKING decoding chunk=26.28 t/s avg=26.13 t/s 183.724s
0810 15:39:24 ds4-server: chat ctx=4971..5021:50 gen=4850 THINKING decoding chunk=25.79 t/s avg=26.12 t/s 185.663s
0810 15:39:26 ds4-server: chat ctx=5021..5071:50 gen=4900 THINKING decoding chunk=25.89 t/s avg=26.12 t/s 187.594s
0810 15:39:28 ds4-server: chat ctx=5071..5121:50 gen=4950 THINKING decoding chunk=25.90 t/s avg=26.12 t/s 189.525s
0810 15:39:30 ds4-server: chat ctx=5121..5171:50 gen=5000 THINKING decoding chunk=25.43 t/s avg=26.11 t/s 191.491s
0810 15:39:32 ds4-server: chat ctx=5171..5221:50 gen=5050 THINKING decoding chunk=26.05 t/s avg=26.11 t/s 193.410s
0810 15:39:33 ds4-server: chat ctx=5221..5271:50 gen=5100 THINKING decoding chunk=25.94 t/s avg=26.11 t/s 195.338s
0810 15:39:35 ds4-server: chat ctx=5271..5321:50 gen=5150 THINKING decoding chunk=25.74 t/s avg=26.10 t/s 197.281s
0810 15:39:37 ds4-server: chat ctx=5321..5371:50 gen=5200 THINKING decoding chunk=25.96 t/s avg=26.10 t/s 199.207s
0810 15:39:39 ds4-server: chat ctx=5371..5421:50 gen=5250 THINKING decoding chunk=25.63 t/s avg=26.10 t/s 201.158s
0810 15:39:41 ds4-server: chat ctx=5421..5471:50 gen=5300 THINKING decoding chunk=25.82 t/s avg=26.10 t/s 203.094s
0810 15:39:43 ds4-server: chat ctx=5471..5521:50 gen=5350 THINKING decoding chunk=25.66 t/s avg=26.09 t/s 205.042s
0810 15:39:45 ds4-server: chat ctx=5521..5571:50 gen=5400 THINKING decoding chunk=25.21 t/s avg=26.08 t/s 207.026s
0810 15:39:47 ds4-server: chat ctx=5571..5621:50 gen=5450 THINKING decoding chunk=25.54 t/s avg=26.08 t/s 208.984s
0810 15:39:49 ds4-server: chat ctx=5621..5671:50 gen=5500 THINKING decoding chunk=25.60 t/s avg=26.07 t/s 210.937s
0810 15:39:51 ds4-server: chat ctx=5671..5721:50 gen=5550 THINKING decoding chunk=25.84 t/s avg=26.07 t/s 212.872s
0810 15:39:53 ds4-server: chat ctx=5721..5771:50 gen=5600 THINKING decoding chunk=25.60 t/s avg=26.07 t/s 214.825s
0810 15:39:55 ds4-server: chat ctx=5771..5821:50 gen=5650 THINKING decoding chunk=25.63 t/s avg=26.06 t/s 216.777s
0810 15:39:57 ds4-server: chat ctx=5821..5871:50 gen=5700 THINKING decoding chunk=25.77 t/s avg=26.06 t/s 218.717s
0810 15:39:59 ds4-server: chat ctx=5871..5921:50 gen=5750 THINKING decoding chunk=25.35 t/s avg=26.05 t/s 220.689s
0810 15:40:01 ds4-server: chat ctx=5921..5971:50 gen=5800 THINKING decoding chunk=25.71 t/s avg=26.05 t/s 222.634s
0810 15:40:03 ds4-server: chat ctx=5971..6021:50 gen=5850 THINKING decoding chunk=25.43 t/s avg=26.05 t/s 224.600s
0810 15:40:05 ds4-server: chat ctx=6021..6071:50 gen=5900 THINKING decoding chunk=25.58 t/s avg=26.04 t/s 226.555s
0810 15:40:07 ds4-server: chat ctx=6071..6121:50 gen=5950 THINKING decoding chunk=25.59 t/s avg=26.04 t/s 228.508s
0810 15:40:09 ds4-server: chat ctx=6121..6171:50 gen=6000 THINKING decoding chunk=25.55 t/s avg=26.03 t/s 230.466s
0810 15:40:11 ds4-server: chat ctx=6171..6221:50 gen=6050 THINKING decoding chunk=25.56 t/s avg=26.03 t/s 232.422s
0810 15:40:13 ds4-server: chat ctx=6221..6271:50 gen=6100 THINKING decoding chunk=25.60 t/s avg=26.03 t/s 234.375s
0810 15:40:14 ds4-server: chat ctx=6271..6321:50 gen=6150 THINKING decoding chunk=25.51 t/s avg=26.02 t/s 236.335s
0810 15:40:16 ds4-server: chat ctx=6321..6371:50 gen=6200 THINKING decoding chunk=25.45 t/s avg=26.02 t/s 238.299s
0810 15:40:18 ds4-server: chat ctx=6371..6421:50 gen=6250 THINKING decoding chunk=25.51 t/s avg=26.01 t/s 240.259s
0810 15:40:20 ds4-server: chat ctx=6421..6471:50 gen=6300 THINKING decoding chunk=25.40 t/s avg=26.01 t/s 242.228s
0810 15:40:22 ds4-server: chat ctx=6471..6521:50 gen=6350 THINKING decoding chunk=25.59 t/s avg=26.01 t/s 244.182s
0810 15:40:24 ds4-server: chat ctx=6521..6571:50 gen=6400 THINKING decoding chunk=25.69 t/s avg=26.00 t/s 246.128s
0810 15:40:26 ds4-server: chat ctx=6571..6621:50 gen=6450 THINKING decoding chunk=25.31 t/s avg=26.00 t/s 248.104s
0810 15:40:28 ds4-server: chat ctx=6621..6671:50 gen=6500 THINKING decoding chunk=25.09 t/s avg=25.99 t/s 250.096s
0810 15:40:30 ds4-server: chat ctx=6671..6721:50 gen=6550 THINKING decoding chunk=25.55 t/s avg=25.99 t/s 252.053s
0810 15:40:32 ds4-server: chat ctx=6721..6771:50 gen=6600 THINKING decoding chunk=25.45 t/s avg=25.98 t/s 254.018s
0810 15:40:34 ds4-server: chat ctx=6771..6821:50 gen=6650 THINKING decoding chunk=25.22 t/s avg=25.98 t/s 256.001s
0810 15:40:36 ds4-server: chat ctx=6821..6871:50 gen=6700 THINKING decoding chunk=25.39 t/s avg=25.97 t/s 257.970s
0810 15:40:38 ds4-server: chat ctx=6871..6921:50 gen=6750 THINKING decoding chunk=25.89 t/s avg=25.97 t/s 259.901s
0810 15:40:40 ds4-server: chat ctx=6921..6971:50 gen=6800 THINKING decoding chunk=25.27 t/s avg=25.97 t/s 261.880s
0810 15:40:42 ds4-server: chat ctx=6971..7021:50 gen=6850 THINKING decoding chunk=25.39 t/s avg=25.96 t/s 263.849s
0810 15:40:44 ds4-server: chat ctx=7021..7071:50 gen=6900 THINKING decoding chunk=25.70 t/s avg=25.96 t/s 265.794s
0810 15:40:46 ds4-server: chat ctx=7071..7121:50 gen=6950 THINKING decoding chunk=25.13 t/s avg=25.95 t/s 267.784s
0810 15:40:48 ds4-server: chat ctx=7121..7171:50 gen=7000 THINKING decoding chunk=25.25 t/s avg=25.95 t/s 269.764s
0810 15:40:50 ds4-server: chat ctx=7171..7221:50 gen=7050 THINKING decoding chunk=25.01 t/s avg=25.94 t/s 271.764s
0810 15:40:52 ds4-server: chat ctx=7221..7271:50 gen=7100 THINKING decoding chunk=25.46 t/s avg=25.94 t/s 273.728s
0810 15:40:54 ds4-server: chat ctx=7271..7321:50 gen=7150 THINKING decoding chunk=25.29 t/s avg=25.93 t/s 275.704s
0810 15:40:56 ds4-server: chat ctx=7321..7371:50 gen=7200 THINKING decoding chunk=25.47 t/s avg=25.93 t/s 277.667s
0810 15:40:58 ds4-server: chat ctx=7371..7421:50 gen=7250 THINKING decoding chunk=25.03 t/s avg=25.92 t/s 279.665s
0810 15:41:00 ds4-server: chat ctx=7421..7471:50 gen=7300 THINKING decoding chunk=25.90 t/s avg=25.92 t/s 281.595s
0810 15:41:02 ds4-server: chat ctx=7471..7521:50 gen=7350 THINKING decoding chunk=26.16 t/s avg=25.93 t/s 283.507s
0810 15:41:04 ds4-server: chat ctx=7521..7571:50 gen=7400 THINKING decoding chunk=25.28 t/s avg=25.92 t/s 285.484s
0810 15:41:06 ds4-server: chat ctx=7571..7621:50 gen=7450 THINKING decoding chunk=25.67 t/s avg=25.92 t/s 287.432s
0810 15:41:08 ds4-server: chat ctx=7621..7671:50 gen=7500 THINKING decoding chunk=25.26 t/s avg=25.91 t/s 289.412s
0810 15:41:10 ds4-server: chat ctx=7671..7721:50 gen=7550 THINKING decoding chunk=25.49 t/s avg=25.91 t/s 291.373s
0810 15:41:11 ds4-server: chat ctx=7721..7771:50 gen=7600 THINKING decoding chunk=25.17 t/s avg=25.91 t/s 293.360s
0810 15:41:13 ds4-server: chat ctx=7771..7821:50 gen=7650 THINKING decoding chunk=25.28 t/s avg=25.90 t/s 295.337s
0810 15:41:15 ds4-server: chat ctx=7821..7871:50 gen=7700 THINKING decoding chunk=25.03 t/s avg=25.90 t/s 297.335s
0810 15:41:17 ds4-server: chat ctx=7871..7921:50 gen=7750 THINKING decoding chunk=25.10 t/s avg=25.89 t/s 299.328s
0810 15:41:19 ds4-server: chat ctx=7921..7971:50 gen=7800 THINKING decoding chunk=25.04 t/s avg=25.89 t/s 301.324s
0810 15:41:21 ds4-server: chat ctx=7971..8021:50 gen=7850 THINKING decoding chunk=25.80 t/s avg=25.89 t/s 303.262s
0810 15:41:23 ds4-server: chat ctx=8021..8071:50 gen=7900 THINKING decoding chunk=25.11 t/s avg=25.88 t/s 305.254s
0810 15:41:25 ds4-server: chat ctx=8071..8121:50 gen=7950 THINKING decoding chunk=25.50 t/s avg=25.88 t/s 307.215s
0810 15:41:27 ds4-server: chat ctx=8121..8171:50 gen=8000 THINKING decoding chunk=25.17 t/s avg=25.87 t/s 309.201s
0810 15:41:29 ds4-server: chat ctx=8171..8221:50 gen=8050 THINKING decoding chunk=25.36 t/s avg=25.87 t/s 311.173s
0810 15:41:31 ds4-server: chat ctx=8221..8271:50 gen=8100 THINKING decoding chunk=25.33 t/s avg=25.87 t/s 313.147s
0810 15:41:33 ds4-server: chat ctx=8271..8321:50 gen=8150 THINKING decoding chunk=25.17 t/s avg=25.86 t/s 315.133s
0810 15:41:35 ds4-server: chat ctx=8321..8363:42 gen=8192 THINKING decoding chunk=24.93 t/s avg=25.86 t/s 316.818s
ds4-server: thinking not closed, ignoring incomplete DSML in reasoning
0810 15:41:35 ds4-server: chat ctx=0..171:171 gen=8192 THINKING finish=length 333.993s
0810 15:41:35 ds4-server: live kv cache miss live=8363 prompt=345 common=45 reason=token-mismatch
0810 15:41:35 ds4-server: chat ctx=0..345:345 prompt start
0810 15:41:52 ds4-server: chat ctx=0..345:345 prompt done 17.263s
0810 15:41:57 ds4-server: chat ctx=345..395:50 gen=50 THINKING decoding chunk=9.74 t/s avg=9.74 t/s 5.132s
0810 15:42:00 ds4-server: chat ctx=395..445:50 gen=100 THINKING decoding chunk=22.76 t/s avg=13.65 t/s 7.328s
0810 15:42:02 ds4-server: chat ctx=445..495:50 gen=150 THINKING decoding chunk=22.13 t/s avg=15.64 t/s 9.588s
0810 15:42:04 ds4-server: chat ctx=495..545:50 gen=200 THINKING decoding chunk=23.40 t/s avg=17.06 t/s 11.724s
0810 15:42:06 ds4-server: chat ctx=545..595:50 gen=250 THINKING decoding chunk=24.27 t/s avg=18.14 t/s 13.784s
0810 15:42:08 ds4-server: chat ctx=595..645:50 gen=300 THINKING decoding chunk=22.34 t/s avg=18.72 t/s 16.022s
0810 15:42:10 ds4-server: chat ctx=645..695:50 gen=350 THINKING decoding chunk=23.94 t/s avg=19.33 t/s 18.111s
0810 15:42:12 ds4-server: chat ctx=695..745:50 gen=400 THINKING decoding chunk=24.69 t/s avg=19.87 t/s 20.136s
0810 15:42:14 ds4-server: chat ctx=745..795:50 gen=450 THINKING decoding chunk=25.10 t/s avg=20.34 t/s 22.127s
0810 15:42:16 ds4-server: chat ctx=795..845:50 gen=500 THINKING decoding chunk=24.98 t/s avg=20.72 t/s 24.129s
0810 15:42:18 ds4-server: chat ctx=845..895:50 gen=550 THINKING decoding chunk=24.42 t/s avg=21.01 t/s 26.177s
0810 15:42:21 ds4-server: chat ctx=895..945:50 gen=600 THINKING decoding chunk=23.97 t/s avg=21.23 t/s 28.262s
0810 15:42:23 ds4-server: chat ctx=945..995:50 gen=650 THINKING decoding chunk=20.24 t/s avg=21.15 t/s 30.732s
0810 15:42:25 ds4-server: chat ctx=995..1045:50 gen=700 THINKING decoding chunk=22.97 t/s avg=21.27 t/s 32.909s
0810 15:42:27 ds4-server: chat ctx=1045..1095:50 gen=750 THINKING decoding chunk=23.03 t/s avg=21.38 t/s 35.080s
0810 15:42:30 ds4-server: chat ctx=1095..1145:50 gen=800 THINKING decoding chunk=22.38 t/s avg=21.44 t/s 37.314s
0810 15:42:32 ds4-server: chat ctx=1145..1195:50 gen=850 THINKING decoding chunk=24.73 t/s avg=21.61 t/s 39.336s
0810 15:42:34 ds4-server: chat ctx=1195..1245:50 gen=900 THINKING decoding chunk=24.77 t/s avg=21.76 t/s 41.355s
0810 15:42:36 ds4-server: chat ctx=1245..1295:50 gen=950 THINKING decoding chunk=24.05 t/s avg=21.87 t/s 43.434s
0810 15:42:38 ds4-server: chat ctx=1295..1345:50 gen=1000 THINKING decoding chunk=24.02 t/s avg=21.97 t/s 45.515s
0810 15:42:40 ds4-server: chat ctx=1345..1395:50 gen=1050 THINKING decoding chunk=21.08 t/s avg=21.93 t/s 47.887s
0810 15:42:42 ds4-server: chat ctx=1395..1445:50 gen=1100 THINKING decoding chunk=24.64 t/s avg=22.04 t/s 49.916s
0810 15:42:45 ds4-server: chat ctx=1445..1495:50 gen=1150 THINKING decoding chunk=18.42 t/s avg=21.85 t/s 52.630s
0810 15:42:47 ds4-server: chat ctx=1495..1545:50 gen=1200 THINKING decoding chunk=20.18 t/s avg=21.78 t/s 55.108s
0810 15:42:50 ds4-server: chat ctx=1545..1595:50 gen=1250 THINKING decoding chunk=21.88 t/s avg=21.78 t/s 57.393s
0810 15:42:52 ds4-server: chat ctx=1595..1645:50 gen=1300 THINKING decoding chunk=23.42 t/s avg=21.84 t/s 59.528s
0810 15:42:54 ds4-server: chat ctx=1645..1695:50 gen=1350 THINKING decoding chunk=22.13 t/s avg=21.85 t/s 61.787s
0810 15:42:56 ds4-server: chat ctx=1695..1745:50 gen=1400 THINKING decoding chunk=24.45 t/s avg=21.93 t/s 63.832s
0810 15:42:58 ds4-server: chat ctx=1745..1795:50 gen=1450 THINKING decoding chunk=23.33 t/s avg=21.98 t/s 65.975s
0810 15:43:00 ds4-server: chat ctx=1795..1845:50 gen=1500 decoding chunk=22.31 t/s avg=21.99 t/s 68.216s
0810 15:43:03 ds4-server: chat ctx=1845..1895:50 gen=1550 decoding chunk=23.67 t/s avg=22.04 t/s 70.328s
0810 15:43:05 ds4-server: chat ctx=1895..1945:50 gen=1600 decoding chunk=25.16 t/s avg=22.13 t/s 72.315s
0810 15:43:07 ds4-server: chat ctx=1945..1995:50 gen=1650 decoding chunk=25.26 t/s avg=22.21 t/s 74.295s
0810 15:43:08 ds4-server: chat ctx=1995..2045:50 gen=1700 decoding chunk=25.98 t/s avg=22.30 t/s 76.220s
0810 15:43:10 ds4-server: chat ctx=2045..2095:50 gen=1750 decoding chunk=24.98 t/s avg=22.37 t/s 78.221s
0810 15:43:12 ds4-server: chat ctx=2095..2145:50 gen=1800 decoding chunk=27.02 t/s avg=22.48 t/s 80.072s
0810 15:43:14 ds4-server: chat ctx=2145..2195:50 gen=1850 decoding chunk=26.78 t/s avg=22.58 t/s 81.939s
0810 15:43:14 ds4-server: chat ctx=2195..2199:4 gen=1854 decoding chunk=26.13 t/s avg=22.58 t/s 82.092s
0810 15:43:14 ds4-server: thinking live checkpoint remembered ctx=0..345:345 live=2199 visible=3079
0810 15:43:14 ds4-server: chat ctx=0..345:345 gen=1854 finish=stop 99.356s
0810 15:43:14 ds4-server: live kv cache miss live=2199 prompt=238 common=45 reason=token-mismatch
0810 15:43:14 ds4-server: chat ctx=0..238:238 prompt start
0810 15:43:32 ds4-server: chat ctx=0..238:238 prompt done 17.736s
0810 15:43:37 ds4-server: chat ctx=238..288:50 gen=50 THINKING decoding chunk=10.01 t/s avg=10.01 t/s 4.995s
0810 15:43:39 ds4-server: chat ctx=288..338:50 gen=100 THINKING decoding chunk=21.70 t/s avg=13.70 t/s 7.299s
0810 15:43:42 ds4-server: chat ctx=338..388:50 gen=150 THINKING decoding chunk=23.50 t/s avg=15.91 t/s 9.427s
0810 15:43:44 ds4-server: chat ctx=388..438:50 gen=200 THINKING decoding chunk=23.37 t/s avg=17.29 t/s 11.566s
0810 15:43:46 ds4-server: chat ctx=438..488:50 gen=250 THINKING decoding chunk=24.75 t/s avg=18.40 t/s 13.587s
0810 15:43:48 ds4-server: chat ctx=488..538:50 gen=300 THINKING decoding chunk=24.42 t/s avg=19.19 t/s 15.634s
0810 15:43:50 ds4-server: chat ctx=538..588:50 gen=350 THINKING decoding chunk=24.47 t/s avg=19.80 t/s 17.677s
0810 15:43:52 ds4-server: chat ctx=588..638:50 gen=400 THINKING decoding chunk=25.14 t/s avg=20.34 t/s 19.666s
0810 15:43:54 ds4-server: chat ctx=638..688:50 gen=450 THINKING decoding chunk=25.48 t/s avg=20.81 t/s 21.628s
0810 15:43:56 ds4-server: chat ctx=688..738:50 gen=500 THINKING decoding chunk=24.90 t/s avg=21.15 t/s 23.636s
0810 15:43:58 ds4-server: chat ctx=738..788:50 gen=550 THINKING decoding chunk=20.54 t/s avg=21.10 t/s 26.070s
0810 15:44:00 ds4-server: chat ctx=788..838:50 gen=600 THINKING decoding chunk=23.70 t/s avg=21.29 t/s 28.179s
0810 15:44:02 ds4-server: chat ctx=838..888:50 gen=650 THINKING decoding chunk=24.06 t/s avg=21.48 t/s 30.258s
0810 15:44:05 ds4-server: chat ctx=888..938:50 gen=700 THINKING decoding chunk=20.29 t/s avg=21.39 t/s 32.722s
0810 15:44:07 ds4-server: chat ctx=938..988:50 gen=750 THINKING decoding chunk=22.38 t/s avg=21.46 t/s 34.957s
0810 15:44:09 ds4-server: chat ctx=988..1038:50 gen=800 THINKING decoding chunk=22.85 t/s avg=21.54 t/s 37.145s
0810 15:44:11 ds4-server: chat ctx=1038..1088:50 gen=850 THINKING decoding chunk=24.25 t/s avg=21.68 t/s 39.207s
0810 15:44:14 ds4-server: chat ctx=1088..1138:50 gen=900 THINKING decoding chunk=21.67 t/s avg=21.68 t/s 41.514s
0810 15:44:16 ds4-server: chat ctx=1138..1188:50 gen=950 THINKING decoding chunk=22.35 t/s avg=21.71 t/s 43.751s
0810 15:44:18 ds4-server: chat ctx=1188..1238:50 gen=1000 THINKING decoding chunk=22.20 t/s avg=21.74 t/s 46.003s
0810 15:44:21 ds4-server: chat ctx=1238..1288:50 gen=1050 THINKING decoding chunk=19.10 t/s avg=21.60 t/s 48.621s
0810 15:44:23 ds4-server: chat ctx=1288..1338:50 gen=1100 THINKING decoding chunk=22.11 t/s avg=21.62 t/s 50.882s
0810 15:44:25 ds4-server: chat ctx=1338..1388:50 gen=1150 THINKING decoding chunk=21.54 t/s avg=21.62 t/s 53.203s
0810 15:44:28 ds4-server: chat ctx=1388..1438:50 gen=1200 THINKING decoding chunk=20.79 t/s avg=21.58 t/s 55.609s
0810 15:44:30 ds4-server: chat ctx=1438..1488:50 gen=1250 decoding chunk=23.43 t/s avg=21.65 t/s 57.743s
0810 15:44:32 ds4-server: chat ctx=1488..1538:50 gen=1300 decoding chunk=25.54 t/s avg=21.78 t/s 59.700s
0810 15:44:34 ds4-server: chat ctx=1538..1588:50 gen=1350 decoding chunk=26.53 t/s avg=21.92 t/s 61.585s
0810 15:44:36 ds4-server: chat ctx=1588..1638:50 gen=1400 decoding chunk=26.73 t/s avg=22.06 t/s 63.456s
0810 15:44:37 ds4-server: chat ctx=1638..1688:50 gen=1450 decoding chunk=26.92 t/s avg=22.20 t/s 65.313s
0810 15:44:38 ds4-server: chat ctx=1688..1698:10 gen=1460 decoding chunk=26.02 t/s avg=22.22 t/s 65.697s
0810 15:44:38 ds4-server: thinking live checkpoint remembered ctx=0..238:238 live=1698 visible=1787
0810 15:44:38 ds4-server: chat ctx=0..238:238 gen=1460 finish=stop 83.435s
0810 15:44:38 ds4-server: live kv cache miss live=1698 prompt=192 common=45 reason=token-mismatch
0810 15:44:38 ds4-server: chat ctx=0..192:192 prompt start
0810 15:44:55 ds4-server: chat ctx=0..192:192 prompt done 17.181s
0810 15:45:00 ds4-server: chat ctx=192..242:50 gen=50 THINKING decoding chunk=10.13 t/s avg=10.13 t/s 4.937s
0810 15:45:02 ds4-server: chat ctx=242..292:50 gen=100 THINKING decoding chunk=22.20 t/s avg=13.91 t/s 7.190s
0810 15:45:04 ds4-server: chat ctx=292..342:50 gen=150 THINKING decoding chunk=22.56 t/s avg=15.95 t/s 9.406s
0810 15:45:07 ds4-server: chat ctx=342..392:50 gen=200 THINKING decoding chunk=22.44 t/s avg=17.19 t/s 11.634s
0810 15:45:09 ds4-server: chat ctx=392..442:50 gen=250 THINKING decoding chunk=24.73 t/s avg=18.31 t/s 13.655s
0810 15:45:11 ds4-server: chat ctx=442..492:50 gen=300 THINKING decoding chunk=23.49 t/s avg=19.01 t/s 15.784s
0810 15:45:13 ds4-server: chat ctx=492..542:50 gen=350 THINKING decoding chunk=22.25 t/s avg=19.41 t/s 18.031s
0810 15:45:15 ds4-server: chat ctx=542..592:50 gen=400 THINKING decoding chunk=23.93 t/s avg=19.88 t/s 20.121s
0810 15:45:17 ds4-server: chat ctx=592..642:50 gen=450 decoding chunk=21.69 t/s avg=20.07 t/s 22.426s
0810 15:45:20 ds4-server: chat ctx=642..692:50 gen=500 decoding chunk=19.91 t/s avg=20.05 t/s 24.937s
0810 15:45:22 ds4-server: chat ctx=692..742:50 gen=550 decoding chunk=22.97 t/s avg=20.28 t/s 27.114s
0810 15:45:24 ds4-server: chat ctx=742..792:50 gen=600 decoding chunk=23.32 t/s avg=20.51 t/s 29.259s
0810 15:45:26 ds4-server: chat ctx=792..842:50 gen=650 decoding chunk=23.30 t/s avg=20.70 t/s 31.404s
0810 15:45:26 ds4-server: thinking live checkpoint remembered ctx=0..192:192 live=842 visible=1563
0810 15:45:26 ds4-server: chat ctx=0..192:192 gen=650 finish=stop 48.586s
0810 15:45:26 ds4-server: live kv cache miss live=842 prompt=205 common=45 reason=token-mismatch
0810 15:45:26 ds4-server: chat ctx=0..205:205 prompt start
0810 15:45:43 ds4-server: chat ctx=0..205:205 prompt done 16.906s
0810 15:45:48 ds4-server: chat ctx=205..255:50 gen=50 THINKING decoding chunk=10.82 t/s avg=10.82 t/s 4.620s
0810 15:45:50 ds4-server: chat ctx=255..305:50 gen=100 THINKING decoding chunk=21.59 t/s avg=14.42 t/s 6.936s
0810 15:45:52 ds4-server: chat ctx=305..355:50 gen=150 THINKING decoding chunk=23.41 t/s avg=16.54 t/s 9.072s
0810 15:45:55 ds4-server: chat ctx=355..405:50 gen=200 decoding chunk=23.26 t/s avg=17.82 t/s 11.222s
0810 15:45:57 ds4-server: chat ctx=405..455:50 gen=250 decoding chunk=23.59 t/s avg=18.74 t/s 13.341s
0810 15:45:57 ds4-server: chat ctx=455..457:2 gen=252 decoding chunk=27.08 t/s avg=18.78 t/s 13.415s
0810 15:45:57 ds4-server: thinking live checkpoint remembered ctx=0..205:205 live=457 visible=1126
0810 15:45:57 ds4-server: chat ctx=0..205:205 gen=252 finish=stop 30.322s
0810 15:45:57 ds4-server: live kv cache miss live=457 prompt=216 common=45 reason=token-mismatch
0810 15:45:57 ds4-server: chat ctx=0..216:216 prompt start
0810 15:46:14 ds4-server: chat ctx=0..216:216 prompt done 16.951s
0810 15:46:18 ds4-server: chat ctx=216..266:50 gen=50 THINKING decoding chunk=11.47 t/s avg=11.47 t/s 4.359s
0810 15:46:20 ds4-server: chat ctx=266..316:50 gen=100 THINKING decoding chunk=22.13 t/s avg=15.11 t/s 6.619s
0810 15:46:23 ds4-server: chat ctx=316..366:50 gen=150 THINKING decoding chunk=23.31 t/s avg=17.12 t/s 8.764s
0810 15:46:25 ds4-server: chat ctx=366..416:50 gen=200 THINKING decoding chunk=25.21 t/s avg=18.61 t/s 10.747s
0810 15:46:27 ds4-server: chat ctx=416..466:50 gen=250 THINKING decoding chunk=23.84 t/s avg=19.46 t/s 12.845s
0810 15:46:29 ds4-server: chat ctx=466..516:50 gen=300 THINKING decoding chunk=26.06 t/s avg=20.32 t/s 14.763s
0810 15:46:31 ds4-server: chat ctx=516..566:50 gen=350 THINKING decoding chunk=25.17 t/s avg=20.90 t/s 16.750s
0810 15:46:33 ds4-server: chat ctx=566..616:50 gen=400 THINKING decoding chunk=24.91 t/s avg=21.33 t/s 18.756s
0810 15:46:35 ds4-server: chat ctx=616..666:50 gen=450 THINKING decoding chunk=24.93 t/s avg=21.67 t/s 20.762s
0810 15:46:36 ds4-server: chat ctx=666..716:50 gen=500 THINKING decoding chunk=26.09 t/s avg=22.05 t/s 22.679s
0810 15:46:38 ds4-server: chat ctx=716..766:50 gen=550 THINKING decoding chunk=25.14 t/s avg=22.30 t/s 24.668s
0810 15:46:40 ds4-server: chat ctx=766..816:50 gen=600 THINKING decoding chunk=25.26 t/s avg=22.52 t/s 26.648s
0810 15:46:42 ds4-server: chat ctx=816..866:50 gen=650 THINKING decoding chunk=24.52 t/s avg=22.66 t/s 28.686s
0810 15:46:45 ds4-server: chat ctx=866..916:50 gen=700 THINKING decoding chunk=21.71 t/s avg=22.59 t/s 30.989s
0810 15:46:47 ds4-server: chat ctx=916..966:50 gen=750 THINKING decoding chunk=22.81 t/s avg=22.60 t/s 33.181s
0810 15:46:49 ds4-server: chat ctx=966..1016:50 gen=800 THINKING decoding chunk=24.26 t/s avg=22.70 t/s 35.243s
0810 15:46:51 ds4-server: chat ctx=1016..1066:50 gen=850 THINKING decoding chunk=23.18 t/s avg=22.73 t/s 37.400s
0810 15:46:53 ds4-server: chat ctx=1066..1116:50 gen=900 THINKING decoding chunk=22.58 t/s avg=22.72 t/s 39.614s
0810 15:46:55 ds4-server: chat ctx=1116..1166:50 gen=950 THINKING decoding chunk=25.30 t/s avg=22.84 t/s 41.590s
0810 15:46:57 ds4-server: chat ctx=1166..1216:50 gen=1000 THINKING decoding chunk=23.32 t/s avg=22.87 t/s 43.734s
0810 15:47:00 ds4-server: chat ctx=1216..1266:50 gen=1050 THINKING decoding chunk=21.40 t/s avg=22.79 t/s 46.071s
0810 15:47:02 ds4-server: chat ctx=1266..1316:50 gen=1100 THINKING decoding chunk=21.12 t/s avg=22.71 t/s 48.438s
0810 15:47:04 ds4-server: chat ctx=1316..1366:50 gen=1150 THINKING decoding chunk=22.90 t/s avg=22.72 t/s 50.621s
0810 15:47:07 ds4-server: chat ctx=1366..1416:50 gen=1200 THINKING decoding chunk=20.47 t/s avg=22.61 t/s 53.064s
0810 15:47:09 ds4-server: chat ctx=1416..1466:50 gen=1250 decoding chunk=24.22 t/s avg=22.67 t/s 55.128s
0810 15:47:11 ds4-server: chat ctx=1466..1516:50 gen=1300 decoding chunk=25.92 t/s avg=22.78 t/s 57.057s
0810 15:47:13 ds4-server: chat ctx=1516..1566:50 gen=1350 decoding chunk=26.90 t/s avg=22.91 t/s 58.916s
0810 15:47:15 ds4-server: chat ctx=1566..1616:50 gen=1400 decoding chunk=26.50 t/s avg=23.03 t/s 60.803s
0810 15:47:16 ds4-server: chat ctx=1616..1666:50 gen=1450 decoding chunk=26.69 t/s avg=23.13 t/s 62.676s
0810 15:47:16 ds4-server: thinking live checkpoint remembered ctx=0..216:216 live=1666 visible=1747
0810 15:47:16 ds4-server: chat ctx=0..216:216 gen=1450 finish=stop 79.628s
0810 15:47:16 ds4-server: live kv cache miss live=1666 prompt=131 common=45 reason=token-mismatch
0810 15:47:16 ds4-server: chat ctx=0..131:131 prompt start
0810 15:47:34 ds4-server: chat ctx=0..131:131 prompt done 17.564s
0810 15:47:39 ds4-server: chat ctx=131..181:50 gen=50 THINKING decoding chunk=9.65 t/s avg=9.65 t/s 5.183s
0810 15:47:42 ds4-server: chat ctx=181..231:50 gen=100 THINKING decoding chunk=20.36 t/s avg=13.09 t/s 7.638s
0810 15:47:44 ds4-server: chat ctx=231..281:50 gen=150 THINKING decoding chunk=21.36 t/s avg=15.03 t/s 9.979s
0810 15:47:46 ds4-server: chat ctx=281..331:50 gen=200 THINKING decoding chunk=22.71 t/s avg=16.42 t/s 12.180s
0810 15:47:48 ds4-server: chat ctx=331..381:50 gen=250 THINKING decoding chunk=23.20 t/s avg=17.44 t/s 14.335s
0810 15:47:50 ds4-server: chat ctx=381..431:50 gen=300 THINKING decoding chunk=24.20 t/s avg=18.29 t/s 16.401s
0810 15:47:53 ds4-server: chat ctx=431..481:50 gen=350 THINKING decoding chunk=21.88 t/s avg=18.73 t/s 18.686s
0810 15:47:55 ds4-server: chat ctx=481..531:50 gen=400 THINKING decoding chunk=23.24 t/s avg=19.20 t/s 20.838s
0810 15:47:57 ds4-server: chat ctx=531..581:50 gen=450 THINKING decoding chunk=21.72 t/s avg=19.45 t/s 23.139s
0810 15:47:59 ds4-server: chat ctx=581..631:50 gen=500 decoding chunk=23.51 t/s avg=19.79 t/s 25.266s
0810 15:48:01 ds4-server: chat ctx=631..681:50 gen=550 decoding chunk=24.36 t/s avg=20.13 t/s 27.318s
0810 15:48:02 ds4-server: chat ctx=681..687:6 gen=556 decoding chunk=26.35 t/s avg=20.18 t/s 27.546s
0810 15:48:02 ds4-server: thinking live checkpoint remembered ctx=0..131:131 live=687 visible=833
0810 15:48:02 ds4-server: chat ctx=0..131:131 gen=556 finish=stop 45.112s
0810 15:48:02 ds4-server: live kv cache miss live=687 prompt=368 common=45 reason=token-mismatch
0810 15:48:02 ds4-server: chat ctx=0..368:368 prompt start
0810 15:48:19 ds4-server: chat ctx=0..368:368 prompt done 17.331s
0810 15:48:24 ds4-server: chat ctx=368..418:50 gen=50 THINKING decoding chunk=10.57 t/s avg=10.57 t/s 4.729s
0810 15:48:26 ds4-server: chat ctx=418..468:50 gen=100 THINKING decoding chunk=21.40 t/s avg=14.15 t/s 7.066s
0810 15:48:28 ds4-server: chat ctx=468..518:50 gen=150 THINKING decoding chunk=23.69 t/s avg=16.35 t/s 9.176s
0810 15:48:30 ds4-server: chat ctx=518..568:50 gen=200 THINKING decoding chunk=20.99 t/s avg=17.30 t/s 11.558s
0810 15:48:33 ds4-server: chat ctx=568..618:50 gen=250 THINKING decoding chunk=22.47 t/s avg=18.14 t/s 13.783s
0810 15:48:35 ds4-server: chat ctx=618..668:50 gen=300 THINKING decoding chunk=24.36 t/s avg=18.94 t/s 15.836s
0810 15:48:37 ds4-server: chat ctx=668..718:50 gen=350 THINKING decoding chunk=24.17 t/s avg=19.55 t/s 17.905s
0810 15:48:39 ds4-server: chat ctx=718..768:50 gen=400 THINKING decoding chunk=21.71 t/s avg=19.79 t/s 20.208s
0810 15:48:42 ds4-server: chat ctx=768..818:50 gen=450 THINKING decoding chunk=20.72 t/s avg=19.89 t/s 22.621s
0810 15:48:44 ds4-server: chat ctx=818..868:50 gen=500 THINKING decoding chunk=20.16 t/s avg=19.92 t/s 25.102s
0810 15:48:46 ds4-server: chat ctx=868..918:50 gen=550 THINKING decoding chunk=21.45 t/s avg=20.05 t/s 27.433s
0810 15:48:49 ds4-server: chat ctx=918..968:50 gen=600 decoding chunk=21.32 t/s avg=20.15 t/s 29.778s
0810 15:48:50 ds4-server: chat ctx=968..996:28 gen=628 decoding chunk=22.79 t/s avg=20.25 t/s 31.006s
0810 15:48:50 ds4-server: thinking live checkpoint remembered ctx=0..368:368 live=996 visible=1547
0810 15:48:50 ds4-server: chat ctx=0..368:368 gen=628 finish=stop 48.339s
0810 15:48:50 ds4-server: live kv cache miss live=996 prompt=212 common=45 reason=token-mismatch
0810 15:48:50 ds4-server: chat ctx=0..212:212 prompt start
0810 15:49:07 ds4-server: chat ctx=0..212:212 prompt done 17.500s
0810 15:49:12 ds4-server: chat ctx=212..262:50 gen=50 THINKING decoding chunk=10.82 t/s avg=10.82 t/s 4.620s
0810 15:49:14 ds4-server: chat ctx=262..312:50 gen=100 THINKING decoding chunk=20.76 t/s avg=14.23 t/s 7.029s
0810 15:49:17 ds4-server: chat ctx=312..362:50 gen=150 THINKING decoding chunk=23.56 t/s avg=16.39 t/s 9.151s
0810 15:49:19 ds4-server: chat ctx=362..412:50 gen=200 THINKING decoding chunk=22.59 t/s avg=17.60 t/s 11.364s
0810 15:49:21 ds4-server: chat ctx=412..462:50 gen=250 THINKING decoding chunk=23.45 t/s avg=18.52 t/s 13.497s
0810 15:49:23 ds4-server: chat ctx=462..512:50 gen=300 THINKING decoding chunk=22.16 t/s avg=19.04 t/s 15.753s
0810 15:49:25 ds4-server: chat ctx=512..562:50 gen=350 THINKING decoding chunk=24.37 t/s avg=19.66 t/s 17.804s
0810 15:49:27 ds4-server: chat ctx=562..612:50 gen=400 THINKING decoding chunk=24.68 t/s avg=20.17 t/s 19.830s
0810 15:49:29 ds4-server: chat ctx=612..662:50 gen=450 THINKING decoding chunk=24.60 t/s avg=20.58 t/s 21.862s
0810 15:49:31 ds4-server: chat ctx=662..712:50 gen=500 THINKING decoding chunk=24.21 t/s avg=20.90 t/s 23.927s
0810 15:49:33 ds4-server: chat ctx=712..762:50 gen=550 THINKING decoding chunk=25.28 t/s avg=21.23 t/s 25.905s
0810 15:49:35 ds4-server: chat ctx=762..812:50 gen=600 THINKING decoding chunk=24.25 t/s avg=21.45 t/s 27.967s
0810 15:49:37 ds4-server: chat ctx=812..862:50 gen=650 THINKING decoding chunk=24.17 t/s avg=21.64 t/s 30.036s
0810 15:49:39 ds4-server: chat ctx=862..912:50 gen=700 THINKING decoding chunk=25.21 t/s avg=21.86 t/s 32.019s
0810 15:49:41 ds4-server: chat ctx=912..962:50 gen=750 THINKING decoding chunk=25.58 t/s avg=22.08 t/s 33.973s
0810 15:49:43 ds4-server: chat ctx=962..1012:50 gen=800 THINKING decoding chunk=25.66 t/s avg=22.27 t/s 35.921s
0810 15:49:45 ds4-server: chat ctx=1012..1062:50 gen=850 THINKING decoding chunk=25.97 t/s avg=22.46 t/s 37.847s
0810 15:49:47 ds4-server: chat ctx=1062..1112:50 gen=900 THINKING decoding chunk=25.55 t/s avg=22.61 t/s 39.804s
0810 15:49:49 ds4-server: chat ctx=1112..1162:50 gen=950 THINKING decoding chunk=25.48 t/s avg=22.75 t/s 41.766s
0810 15:49:51 ds4-server: chat ctx=1162..1212:50 gen=1000 THINKING decoding chunk=23.15 t/s avg=22.77 t/s 43.926s
0810 15:49:53 ds4-server: chat ctx=1212..1262:50 gen=1050 THINKING decoding chunk=24.66 t/s avg=22.85 t/s 45.953s
0810 15:49:55 ds4-server: chat ctx=1262..1312:50 gen=1100 THINKING decoding chunk=24.87 t/s avg=22.93 t/s 47.964s
0810 15:49:58 ds4-server: chat ctx=1312..1362:50 gen=1150 THINKING decoding chunk=22.12 t/s avg=22.90 t/s 50.224s
0810 15:50:00 ds4-server: chat ctx=1362..1412:50 gen=1200 THINKING decoding chunk=21.75 t/s avg=22.85 t/s 52.523s
0810 15:50:02 ds4-server: chat ctx=1412..1462:50 gen=1250 THINKING decoding chunk=23.80 t/s avg=22.88 t/s 54.624s
0810 15:50:04 ds4-server: chat ctx=1462..1512:50 gen=1300 THINKING decoding chunk=23.63 t/s avg=22.91 t/s 56.740s
0810 15:50:06 ds4-server: chat ctx=1512..1562:50 gen=1350 THINKING decoding chunk=22.72 t/s avg=22.90 t/s 58.941s
0810 15:50:08 ds4-server: chat ctx=1562..1612:50 gen=1400 THINKING decoding chunk=26.10 t/s avg=23.00 t/s 60.856s
0810 15:50:10 ds4-server: chat ctx=1612..1662:50 gen=1450 THINKING decoding chunk=25.40 t/s avg=23.08 t/s 62.825s
0810 15:50:13 ds4-server: chat ctx=1662..1712:50 gen=1500 THINKING decoding chunk=20.68 t/s avg=22.99 t/s 65.243s
0810 15:50:15 ds4-server: chat ctx=1712..1762:50 gen=1550 THINKING decoding chunk=25.33 t/s avg=23.06 t/s 67.216s
0810 15:50:17 ds4-server: chat ctx=1762..1812:50 gen=1600 THINKING decoding chunk=25.02 t/s avg=23.12 t/s 69.215s
0810 15:50:19 ds4-server: chat ctx=1812..1862:50 gen=1650 THINKING decoding chunk=25.92 t/s avg=23.19 t/s 71.143s
0810 15:50:21 ds4-server: chat ctx=1862..1912:50 gen=1700 THINKING decoding chunk=24.26 t/s avg=23.22 t/s 73.205s
0810 15:50:23 ds4-server: chat ctx=1912..1962:50 gen=1750 THINKING decoding chunk=24.09 t/s avg=23.25 t/s 75.281s
0810 15:50:25 ds4-server: chat ctx=1962..2012:50 gen=1800 THINKING decoding chunk=21.96 t/s avg=23.21 t/s 77.557s
0810 15:50:27 ds4-server: chat ctx=2012..2062:50 gen=1850 THINKING decoding chunk=25.88 t/s avg=23.27 t/s 79.489s
0810 15:50:29 ds4-server: chat ctx=2062..2112:50 gen=1900 THINKING decoding chunk=24.09 t/s avg=23.29 t/s 81.565s
0810 15:50:31 ds4-server: chat ctx=2112..2162:50 gen=1950 THINKING decoding chunk=26.39 t/s avg=23.36 t/s 83.460s
0810 15:50:33 ds4-server: chat ctx=2162..2212:50 gen=2000 THINKING decoding chunk=23.63 t/s avg=23.37 t/s 85.576s
0810 15:50:35 ds4-server: chat ctx=2212..2262:50 gen=2050 THINKING decoding chunk=23.47 t/s avg=23.37 t/s 87.707s
0810 15:50:37 ds4-server: chat ctx=2262..2312:50 gen=2100 THINKING decoding chunk=24.06 t/s avg=23.39 t/s 89.785s
0810 15:50:39 ds4-server: chat ctx=2312..2362:50 gen=2150 THINKING decoding chunk=24.34 t/s avg=23.41 t/s 91.839s
0810 15:50:41 ds4-server: chat ctx=2362..2412:50 gen=2200 THINKING decoding chunk=25.96 t/s avg=23.46 t/s 93.765s
0810 15:50:43 ds4-server: chat ctx=2412..2462:50 gen=2250 THINKING decoding chunk=25.65 t/s avg=23.51 t/s 95.714s
0810 15:50:45 ds4-server: chat ctx=2462..2512:50 gen=2300 THINKING decoding chunk=23.91 t/s avg=23.52 t/s 97.806s
0810 15:50:47 ds4-server: chat ctx=2512..2562:50 gen=2350 THINKING decoding chunk=23.28 t/s avg=23.51 t/s 99.953s
0810 15:50:49 ds4-server: chat ctx=2562..2612:50 gen=2400 THINKING decoding chunk=25.53 t/s avg=23.55 t/s 101.911s
0810 15:50:51 ds4-server: chat ctx=2612..2662:50 gen=2450 THINKING decoding chunk=26.34 t/s avg=23.60 t/s 103.810s
0810 15:50:54 ds4-server: chat ctx=2662..2712:50 gen=2500 THINKING decoding chunk=20.88 t/s avg=23.54 t/s 106.204s
0810 15:50:56 ds4-server: chat ctx=2712..2762:50 gen=2550 THINKING decoding chunk=21.17 t/s avg=23.49 t/s 108.566s
0810 15:50:58 ds4-server: chat ctx=2762..2812:50 gen=2600 THINKING decoding chunk=23.36 t/s avg=23.49 t/s 110.706s
0810 15:51:00 ds4-server: chat ctx=2812..2862:50 gen=2650 THINKING decoding chunk=23.76 t/s avg=23.49 t/s 112.810s
0810 15:51:02 ds4-server: chat ctx=2862..2912:50 gen=2700 THINKING decoding chunk=24.78 t/s avg=23.51 t/s 114.828s
0810 15:51:05 ds4-server: chat ctx=2912..2962:50 gen=2750 THINKING decoding chunk=22.44 t/s avg=23.49 t/s 117.055s
0810 15:51:06 ds4-server: chat ctx=2962..3012:50 gen=2800 THINKING decoding chunk=26.18 t/s avg=23.54 t/s 118.965s
0810 15:51:09 ds4-server: chat ctx=3012..3062:50 gen=2850 THINKING decoding chunk=21.67 t/s avg=23.50 t/s 121.273s
0810 15:51:11 ds4-server: chat ctx=3062..3112:50 gen=2900 THINKING decoding chunk=25.32 t/s avg=23.53 t/s 123.248s
0810 15:51:13 ds4-server: chat ctx=3112..3162:50 gen=2950 decoding chunk=22.77 t/s avg=23.52 t/s 125.443s
0810 15:51:15 ds4-server: chat ctx=3162..3212:50 gen=3000 decoding chunk=19.85 t/s avg=23.44 t/s 127.962s
0810 15:51:18 ds4-server: chat ctx=3212..3262:50 gen=3050 decoding chunk=22.27 t/s avg=23.42 t/s 130.207s
0810 15:51:20 ds4-server: chat ctx=3262..3312:50 gen=3100 decoding chunk=24.43 t/s avg=23.44 t/s 132.253s
0810 15:51:21 ds4-server: chat ctx=3312..3348:36 gen=3136 decoding chunk=21.55 t/s avg=23.42 t/s 133.924s
0810 15:51:21 ds4-server: thinking live checkpoint remembered ctx=0..212:212 live=3348 visible=1313
0810 15:51:21 ds4-server: chat ctx=0..212:212 gen=3136 finish=stop 151.425s
0810 15:51:21 ds4-server: live kv cache miss live=3348 prompt=221 common=45 reason=token-mismatch
0810 15:51:21 ds4-server: chat ctx=0..221:221 prompt start
0810 15:51:39 ds4-server: chat ctx=0..221:221 prompt done 17.695s
0810 15:51:44 ds4-server: chat ctx=221..271:50 gen=50 THINKING decoding chunk=10.98 t/s avg=10.98 t/s 4.556s
0810 15:51:46 ds4-server: chat ctx=271..321:50 gen=100 THINKING decoding chunk=20.71 t/s avg=14.35 t/s 6.970s
0810 15:51:48 ds4-server: chat ctx=321..371:50 gen=150 THINKING decoding chunk=22.40 t/s avg=16.30 t/s 9.202s
0810 15:51:50 ds4-server: chat ctx=371..421:50 gen=200 THINKING decoding chunk=24.75 t/s avg=17.82 t/s 11.223s
0810 15:51:52 ds4-server: chat ctx=421..471:50 gen=250 THINKING decoding chunk=26.29 t/s avg=19.05 t/s 13.125s
0810 15:51:54 ds4-server: chat ctx=471..521:50 gen=300 THINKING decoding chunk=26.29 t/s avg=19.96 t/s 15.027s
0810 15:51:56 ds4-server: chat ctx=521..571:50 gen=350 THINKING decoding chunk=25.39 t/s avg=20.59 t/s 16.996s
0810 15:51:58 ds4-server: chat ctx=571..621:50 gen=400 THINKING decoding chunk=25.61 t/s avg=21.11 t/s 18.948s
0810 15:52:00 ds4-server: chat ctx=621..671:50 gen=450 THINKING decoding chunk=25.96 t/s avg=21.56 t/s 20.874s
0810 15:52:02 ds4-server: chat ctx=671..721:50 gen=500 THINKING decoding chunk=23.55 t/s avg=21.74 t/s 22.997s
0810 15:52:04 ds4-server: chat ctx=721..771:50 gen=550 THINKING decoding chunk=22.57 t/s avg=21.81 t/s 25.212s
0810 15:52:06 ds4-server: chat ctx=771..821:50 gen=600 THINKING decoding chunk=26.09 t/s avg=22.12 t/s 27.128s
0810 15:52:08 ds4-server: chat ctx=821..871:50 gen=650 decoding chunk=23.78 t/s avg=22.24 t/s 29.231s
0810 15:52:10 ds4-server: chat ctx=871..921:50 gen=700 decoding chunk=24.67 t/s avg=22.39 t/s 31.257s
0810 15:52:11 ds4-server: chat ctx=921..945:24 gen=724 decoding chunk=24.76 t/s avg=22.47 t/s 32.227s
0810 15:52:11 ds4-server: thinking live checkpoint remembered ctx=0..221:221 live=945 visible=1334
0810 15:52:11 ds4-server: chat ctx=0..221:221 gen=724 finish=stop 49.922s
0810 15:52:11 ds4-server: live kv cache miss live=945 prompt=189 common=45 reason=token-mismatch
0810 15:52:11 ds4-server: chat ctx=0..189:189 prompt start
0810 15:52:28 ds4-server: chat ctx=0..189:189 prompt done 17.064s
0810 15:52:33 ds4-server: chat ctx=189..239:50 gen=50 THINKING decoding chunk=10.99 t/s avg=10.99 t/s 4.550s
0810 15:52:35 ds4-server: chat ctx=239..289:50 gen=100 THINKING decoding chunk=24.69 t/s avg=15.21 t/s 6.575s
0810 15:52:37 ds4-server: chat ctx=289..339:50 gen=150 THINKING decoding chunk=24.55 t/s avg=17.42 t/s 8.611s
0810 15:52:39 ds4-server: chat ctx=339..389:50 gen=200 THINKING decoding chunk=24.08 t/s avg=18.71 t/s 10.688s
0810 15:52:41 ds4-server: chat ctx=389..439:50 gen=250 THINKING decoding chunk=25.21 t/s avg=19.73 t/s 12.671s
0810 15:52:43 ds4-server: chat ctx=439..489:50 gen=300 THINKING decoding chunk=26.30 t/s avg=20.59 t/s 14.572s
0810 15:52:45 ds4-server: chat ctx=489..539:50 gen=350 THINKING decoding chunk=27.19 t/s avg=21.33 t/s 16.411s
0810 15:52:47 ds4-server: chat ctx=539..589:50 gen=400 THINKING decoding chunk=27.81 t/s avg=21.97 t/s 18.209s
0810 15:52:49 ds4-server: chat ctx=589..639:50 gen=450 THINKING decoding chunk=26.14 t/s avg=22.36 t/s 20.122s
0810 15:52:50 ds4-server: chat ctx=639..689:50 gen=500 THINKING decoding chunk=26.69 t/s avg=22.73 t/s 21.996s
0810 15:52:52 ds4-server: chat ctx=689..739:50 gen=550 THINKING decoding chunk=25.80 t/s avg=22.98 t/s 23.933s
0810 15:52:54 ds4-server: chat ctx=739..789:50 gen=600 THINKING decoding chunk=25.34 t/s avg=23.16 t/s 25.907s
0810 15:52:57 ds4-server: chat ctx=789..839:50 gen=650 THINKING decoding chunk=21.46 t/s avg=23.02 t/s 28.237s
0810 15:52:59 ds4-server: chat ctx=839..889:50 gen=700 decoding chunk=21.51 t/s avg=22.90 t/s 30.561s
0810 15:53:01 ds4-server: chat ctx=889..927:38 gen=738 decoding chunk=22.82 t/s avg=22.90 t/s 32.226s
0810 15:53:01 ds4-server: thinking live checkpoint remembered ctx=0..189:189 live=927 visible=1129
0810 15:53:01 ds4-server: chat ctx=0..189:189 gen=738 finish=stop 49.291s
0810 15:53:01 ds4-server: live kv cache miss live=927 prompt=212 common=45 reason=token-mismatch
0810 15:53:01 ds4-server: chat ctx=0..212:212 prompt start
0810 15:53:18 ds4-server: chat ctx=0..212:212 prompt done 17.221s
0810 15:53:22 ds4-server: chat ctx=212..262:50 gen=50 THINKING decoding chunk=11.30 t/s avg=11.30 t/s 4.426s
0810 15:53:24 ds4-server: chat ctx=262..312:50 gen=100 THINKING decoding chunk=24.68 t/s avg=15.50 t/s 6.452s
0810 15:53:26 ds4-server: chat ctx=312..362:50 gen=150 THINKING decoding chunk=25.17 t/s avg=17.78 t/s 8.438s
0810 15:53:28 ds4-server: chat ctx=362..412:50 gen=200 THINKING decoding chunk=25.42 t/s avg=19.22 t/s 10.406s
0810 15:53:30 ds4-server: chat ctx=412..462:50 gen=250 THINKING decoding chunk=23.63 t/s avg=19.97 t/s 12.522s
0810 15:53:33 ds4-server: chat ctx=462..512:50 gen=300 THINKING decoding chunk=23.68 t/s avg=20.50 t/s 14.633s
0810 15:53:35 ds4-server: chat ctx=512..562:50 gen=350 THINKING decoding chunk=24.79 t/s avg=21.02 t/s 16.650s
0810 15:53:36 ds4-server: chat ctx=562..612:50 gen=400 THINKING decoding chunk=26.14 t/s avg=21.55 t/s 18.563s
0810 15:53:38 ds4-server: chat ctx=612..662:50 gen=450 decoding chunk=25.34 t/s avg=21.91 t/s 20.536s
0810 15:53:40 ds4-server: chat ctx=662..712:50 gen=500 decoding chunk=26.15 t/s avg=22.27 t/s 22.448s
0810 15:53:41 ds4-server: chat ctx=712..728:16 gen=516 decoding chunk=26.18 t/s avg=22.38 t/s 23.059s
0810 15:53:41 ds4-server: thinking live checkpoint remembered ctx=0..212:212 live=728 visible=1317
0810 15:53:41 ds4-server: chat ctx=0..212:212 gen=516 finish=stop 40.281s
0810 15:53:41 ds4-server: live kv cache miss live=728 prompt=255 common=45 reason=token-mismatch
0810 15:53:41 ds4-server: chat ctx=0..255:255 prompt start
0810 15:53:58 ds4-server: chat ctx=0..255:255 prompt done 17.465s
0810 15:54:03 ds4-server: chat ctx=255..305:50 gen=50 THINKING decoding chunk=11.06 t/s avg=11.06 t/s 4.520s
0810 15:54:05 ds4-server: chat ctx=305..355:50 gen=100 THINKING decoding chunk=23.06 t/s avg=14.95 t/s 6.688s
0810 15:54:07 ds4-server: chat ctx=355..405:50 gen=150 THINKING decoding chunk=24.36 t/s avg=17.16 t/s 8.740s
0810 15:54:09 ds4-server: chat ctx=405..455:50 gen=200 THINKING decoding chunk=24.32 t/s avg=18.53 t/s 10.796s
0810 15:54:11 ds4-server: chat ctx=455..505:50 gen=250 THINKING decoding chunk=23.12 t/s avg=19.29 t/s 12.958s
0810 15:54:13 ds4-server: chat ctx=505..555:50 gen=300 THINKING decoding chunk=25.49 t/s avg=20.11 t/s 14.920s
0810 15:54:15 ds4-server: chat ctx=555..605:50 gen=350 THINKING decoding chunk=26.48 t/s avg=20.82 t/s 16.808s
0810 15:54:17 ds4-server: chat ctx=605..655:50 gen=400 THINKING decoding chunk=25.97 t/s avg=21.35 t/s 18.733s
0810 15:54:19 ds4-server: chat ctx=655..705:50 gen=450 THINKING decoding chunk=26.07 t/s avg=21.79 t/s 20.651s
0810 15:54:21 ds4-server: chat ctx=705..755:50 gen=500 THINKING decoding chunk=27.18 t/s avg=22.23 t/s 22.491s
0810 15:54:23 ds4-server: chat ctx=755..805:50 gen=550 THINKING decoding chunk=26.33 t/s avg=22.55 t/s 24.390s
0810 15:54:25 ds4-server: chat ctx=805..855:50 gen=600 THINKING decoding chunk=23.36 t/s avg=22.62 t/s 26.530s
0810 15:54:27 ds4-server: chat ctx=855..905:50 gen=650 THINKING decoding chunk=23.01 t/s avg=22.65 t/s 28.704s
0810 15:54:29 ds4-server: chat ctx=905..955:50 gen=700 THINKING decoding chunk=25.90 t/s avg=22.85 t/s 30.634s
0810 15:54:31 ds4-server: chat ctx=955..1005:50 gen=750 THINKING decoding chunk=24.13 t/s avg=22.93 t/s 32.706s
0810 15:54:32 ds4-server: chat ctx=1005..1035:30 gen=780 decoding chunk=23.74 t/s avg=22.96 t/s 33.970s
0810 15:54:32 ds4-server: thinking live checkpoint remembered ctx=0..255:255 live=1035 visible=1024
0810 15:54:32 ds4-server: chat ctx=0..255:255 gen=780 finish=stop 51.436s
0810 15:54:32 ds4-server: live kv cache miss live=1035 prompt=138 common=45 reason=token-mismatch
0810 15:54:32 ds4-server: chat ctx=0..138:138 prompt start
0810 15:54:49 ds4-server: chat ctx=0..138:138 prompt done 17.041s
0810 15:54:54 ds4-server: chat ctx=138..188:50 gen=50 THINKING decoding chunk=11.45 t/s avg=11.45 t/s 4.367s
0810 15:54:56 ds4-server: chat ctx=188..238:50 gen=100 THINKING decoding chunk=23.34 t/s avg=15.36 t/s 6.510s
0810 15:54:58 ds4-server: chat ctx=238..288:50 gen=150 THINKING decoding chunk=25.35 t/s avg=17.68 t/s 8.482s
0810 15:55:00 ds4-server: chat ctx=288..338:50 gen=200 THINKING decoding chunk=25.77 t/s avg=19.19 t/s 10.422s
0810 15:55:02 ds4-server: chat ctx=338..388:50 gen=250 THINKING decoding chunk=26.46 t/s avg=20.31 t/s 12.312s
0810 15:55:04 ds4-server: chat ctx=388..438:50 gen=300 THINKING decoding chunk=25.64 t/s avg=21.04 t/s 14.262s
0810 15:55:06 ds4-server: chat ctx=438..488:50 gen=350 THINKING decoding chunk=24.37 t/s avg=21.46 t/s 16.313s
0810 15:55:08 ds4-server: chat ctx=488..538:50 gen=400 THINKING decoding chunk=22.71 t/s avg=21.60 t/s 18.515s
0810 15:55:10 ds4-server: chat ctx=538..588:50 gen=450 THINKING decoding chunk=22.98 t/s avg=21.75 t/s 20.691s
0810 15:55:12 ds4-server: chat ctx=588..638:50 gen=500 decoding chunk=24.00 t/s avg=21.95 t/s 22.774s
0810 15:55:14 ds4-server: chat ctx=638..688:50 gen=550 decoding chunk=22.24 t/s avg=21.98 t/s 25.023s
0810 15:55:16 ds4-server: chat ctx=688..738:50 gen=600 decoding chunk=25.68 t/s avg=22.25 t/s 26.969s
0810 15:55:17 ds4-server: chat ctx=738..759:21 gen=621 decoding chunk=26.89 t/s avg=22.38 t/s 27.750s
0810 15:55:17 ds4-server: thinking live checkpoint remembered ctx=0..138:138 live=759 visible=992
0810 15:55:17 ds4-server: chat ctx=0..138:138 gen=621 finish=stop 44.792s
0810 15:55:17 ds4-server: live kv cache miss live=759 prompt=168 common=45 reason=token-mismatch
0810 15:55:17 ds4-server: chat ctx=0..168:168 prompt start
0810 15:55:34 ds4-server: chat ctx=0..168:168 prompt done 16.878s
0810 15:55:39 ds4-server: chat ctx=168..218:50 gen=50 THINKING decoding chunk=10.61 t/s avg=10.61 t/s 4.714s
0810 15:55:41 ds4-server: chat ctx=218..268:50 gen=100 THINKING decoding chunk=22.23 t/s avg=14.36 t/s 6.963s
0810 15:55:43 ds4-server: chat ctx=268..318:50 gen=150 THINKING decoding chunk=24.50 t/s avg=16.66 t/s 9.004s
0810 15:55:45 ds4-server: chat ctx=318..368:50 gen=200 THINKING decoding chunk=25.67 t/s avg=18.26 t/s 10.951s
0810 15:55:47 ds4-server: chat ctx=368..418:50 gen=250 THINKING decoding chunk=27.17 t/s avg=19.54 t/s 12.792s
0810 15:55:49 ds4-server: chat ctx=418..468:50 gen=300 THINKING decoding chunk=26.01 t/s avg=20.39 t/s 14.714s
0810 15:55:51 ds4-server: chat ctx=468..518:50 gen=350 decoding chunk=22.29 t/s avg=20.64 t/s 16.958s
0810 15:55:53 ds4-server: chat ctx=518..568:50 gen=400 decoding chunk=21.31 t/s avg=20.72 t/s 19.304s
0810 15:55:56 ds4-server: chat ctx=568..618:50 gen=450 decoding chunk=23.69 t/s avg=21.01 t/s 21.415s
0810 15:55:57 ds4-server: chat ctx=618..654:36 gen=486 decoding chunk=23.83 t/s avg=21.20 t/s 22.925s
0810 15:55:57 ds4-server: thinking live checkpoint remembered ctx=0..168:168 live=654 visible=1204
0810 15:55:57 ds4-server: chat ctx=0..168:168 gen=486 finish=stop 39.804s
0810 15:55:57 ds4-server: live kv cache miss live=654 prompt=271 common=45 reason=token-mismatch
0810 15:55:57 ds4-server: chat ctx=0..271:271 prompt start
0810 15:56:14 ds4-server: chat ctx=0..271:271 prompt done 17.043s
0810 15:56:18 ds4-server: chat ctx=271..321:50 gen=50 THINKING decoding chunk=11.45 t/s avg=11.45 t/s 4.366s
0810 15:56:20 ds4-server: chat ctx=321..371:50 gen=100 THINKING decoding chunk=25.34 t/s avg=15.77 t/s 6.339s
0810 15:56:22 ds4-server: chat ctx=371..421:50 gen=150 THINKING decoding chunk=24.64 t/s avg=17.92 t/s 8.368s
0810 15:56:24 ds4-server: chat ctx=421..471:50 gen=200 THINKING decoding chunk=26.24 t/s avg=19.47 t/s 10.274s
0810 15:56:26 ds4-server: chat ctx=471..521:50 gen=250 THINKING decoding chunk=24.64 t/s avg=20.32 t/s 12.303s
0810 15:56:28 ds4-server: chat ctx=521..571:50 gen=300 THINKING decoding chunk=26.08 t/s avg=21.10 t/s 14.220s
0810 15:56:30 ds4-server: chat ctx=571..621:50 gen=350 THINKING decoding chunk=25.18 t/s avg=21.60 t/s 16.206s
0810 15:56:32 ds4-server: chat ctx=621..671:50 gen=400 THINKING decoding chunk=22.88 t/s avg=21.75 t/s 18.391s
0810 15:56:34 ds4-server: chat ctx=671..721:50 gen=450 THINKING decoding chunk=25.35 t/s avg=22.10 t/s 20.364s
0810 15:56:36 ds4-server: chat ctx=721..771:50 gen=500 THINKING decoding chunk=26.37 t/s avg=22.46 t/s 22.260s
0810 15:56:38 ds4-server: chat ctx=771..821:50 gen=550 THINKING decoding chunk=26.05 t/s avg=22.75 t/s 24.180s
0810 15:56:40 ds4-server: chat ctx=821..871:50 gen=600 THINKING decoding chunk=25.93 t/s avg=22.98 t/s 26.107s
0810 15:56:42 ds4-server: chat ctx=871..921:50 gen=650 THINKING decoding chunk=26.32 t/s avg=23.21 t/s 28.007s
0810 15:56:44 ds4-server: chat ctx=921..971:50 gen=700 THINKING decoding chunk=26.81 t/s avg=23.43 t/s 29.872s
0810 15:56:46 ds4-server: chat ctx=971..1021:50 gen=750 THINKING decoding chunk=26.97 t/s avg=23.64 t/s 31.726s
0810 15:56:48 ds4-server: chat ctx=1021..1071:50 gen=800 THINKING decoding chunk=22.23 t/s avg=23.55 t/s 33.975s
0810 15:56:50 ds4-server: chat ctx=1071..1121:50 gen=850 THINKING decoding chunk=25.60 t/s avg=23.66 t/s 35.929s
0810 15:56:52 ds4-server: chat ctx=1121..1171:50 gen=900 decoding chunk=24.45 t/s avg=23.70 t/s 37.974s
0810 15:56:54 ds4-server: chat ctx=1171..1221:50 gen=950 decoding chunk=26.04 t/s avg=23.81 t/s 39.894s
0810 15:56:54 ds4-server: chat ctx=1221..1233:12 gen=962 decoding chunk=26.95 t/s avg=23.85 t/s 40.340s
0810 15:56:54 ds4-server: thinking live checkpoint remembered ctx=0..271:271 live=1233 visible=1392
0810 15:56:54 ds4-server: chat ctx=0..271:271 gen=962 finish=stop 57.383s
0810 15:56:54 ds4-server: live kv cache miss live=1233 prompt=302 common=45 reason=token-mismatch
0810 15:56:54 ds4-server: chat ctx=0..302:302 prompt start
0810 15:57:12 ds4-server: chat ctx=0..302:302 prompt done 17.241s
0810 15:57:16 ds4-server: chat ctx=302..352:50 gen=50 THINKING decoding chunk=10.61 t/s avg=10.61 t/s 4.714s
0810 15:57:19 ds4-server: chat ctx=352..402:50 gen=100 THINKING decoding chunk=21.47 t/s avg=14.20 t/s 7.043s
0810 15:57:21 ds4-server: chat ctx=402..452:50 gen=150 THINKING decoding chunk=24.48 t/s avg=16.51 t/s 9.086s
0810 15:57:23 ds4-server: chat ctx=452..502:50 gen=200 THINKING decoding chunk=25.19 t/s avg=18.07 t/s 11.070s
0810 15:57:25 ds4-server: chat ctx=502..552:50 gen=250 THINKING decoding chunk=24.88 t/s avg=19.11 t/s 13.080s
0810 15:57:27 ds4-server: chat ctx=552..602:50 gen=300 THINKING decoding chunk=24.25 t/s avg=19.81 t/s 15.141s
0810 15:57:29 ds4-server: chat ctx=602..652:50 gen=350 THINKING decoding chunk=24.58 t/s avg=20.38 t/s 17.175s
0810 15:57:31 ds4-server: chat ctx=652..702:50 gen=400 THINKING decoding chunk=24.19 t/s avg=20.79 t/s 19.242s
0810 15:57:33 ds4-server: chat ctx=702..752:50 gen=450 THINKING decoding chunk=25.88 t/s avg=21.25 t/s 21.174s
0810 15:57:35 ds4-server: chat ctx=752..802:50 gen=500 THINKING decoding chunk=25.87 t/s avg=21.64 t/s 23.107s
0810 15:57:37 ds4-server: chat ctx=802..852:50 gen=550 THINKING decoding chunk=26.02 t/s avg=21.97 t/s 25.029s
0810 15:57:39 ds4-server: chat ctx=852..902:50 gen=600 THINKING decoding chunk=25.71 t/s avg=22.24 t/s 26.973s
0810 15:57:41 ds4-server: chat ctx=902..952:50 gen=650 THINKING decoding chunk=27.38 t/s avg=22.57 t/s 28.799s
0810 15:57:43 ds4-server: chat ctx=952..1002:50 gen=700 THINKING decoding chunk=21.49 t/s avg=22.49 t/s 31.125s
0810 15:57:45 ds4-server: chat ctx=1002..1052:50 gen=750 THINKING decoding chunk=26.53 t/s avg=22.72 t/s 33.010s
0810 15:57:47 ds4-server: chat ctx=1052..1102:50 gen=800 decoding chunk=20.20 t/s avg=22.54 t/s 35.486s
0810 15:57:50 ds4-server: chat ctx=1102..1152:50 gen=850 decoding chunk=21.43 t/s avg=22.48 t/s 37.819s
0810 15:57:52 ds4-server: chat ctx=1152..1202:50 gen=900 decoding chunk=24.65 t/s avg=22.59 t/s 39.847s
0810 15:57:54 ds4-server: chat ctx=1202..1252:50 gen=950 decoding chunk=23.38 t/s avg=22.63 t/s 41.986s
0810 15:57:56 ds4-server: chat ctx=1252..1302:50 gen=1000 decoding chunk=24.97 t/s avg=22.73 t/s 43.989s
0810 15:57:58 ds4-server: chat ctx=1302..1352:50 gen=1050 decoding chunk=22.25 t/s avg=22.71 t/s 46.236s
0810 15:58:00 ds4-server: chat ctx=1352..1402:50 gen=1100 decoding chunk=25.83 t/s avg=22.83 t/s 48.172s
0810 15:58:02 ds4-server: chat ctx=1402..1452:50 gen=1150 decoding chunk=27.14 t/s avg=22.99 t/s 50.014s
0810 15:58:04 ds4-server: chat ctx=1452..1502:50 gen=1200 decoding chunk=25.61 t/s avg=23.09 t/s 51.967s
0810 15:58:06 ds4-server: chat ctx=1502..1550:48 gen=1248 decoding chunk=26.09 t/s avg=23.19 t/s 53.807s
0810 15:58:06 ds4-server: thinking live checkpoint remembered ctx=0..302:302 live=1550 visible=2772
0810 15:58:06 ds4-server: chat ctx=0..302:302 gen=1248 finish=stop 71.049s
0810 15:58:06 ds4-server: live kv cache miss live=1550 prompt=185 common=45 reason=token-mismatch
0810 15:58:06 ds4-server: chat ctx=0..185:185 prompt start
0810 15:58:22 ds4-server: chat ctx=0..185:185 prompt done 16.840s
0810 15:58:28 ds4-server: chat ctx=185..235:50 gen=50 THINKING decoding chunk=9.49 t/s avg=9.49 t/s 5.270s
0810 15:58:30 ds4-server: chat ctx=235..285:50 gen=100 THINKING decoding chunk=21.91 t/s avg=13.24 t/s 7.552s
0810 15:58:32 ds4-server: chat ctx=285..335:50 gen=150 THINKING decoding chunk=23.86 t/s avg=15.55 t/s 9.647s
0810 15:58:34 ds4-server: chat ctx=335..385:50 gen=200 THINKING decoding chunk=23.80 t/s avg=17.02 t/s 11.748s
0810 15:58:36 ds4-server: chat ctx=385..435:50 gen=250 THINKING decoding chunk=22.85 t/s avg=17.94 t/s 13.936s
0810 15:58:38 ds4-server: chat ctx=435..485:50 gen=300 THINKING decoding chunk=25.34 t/s avg=18.86 t/s 15.910s
0810 15:58:40 ds4-server: chat ctx=485..535:50 gen=350 THINKING decoding chunk=25.00 t/s avg=19.54 t/s 17.910s
0810 15:58:42 ds4-server: chat ctx=535..585:50 gen=400 THINKING decoding chunk=23.87 t/s avg=20.00 t/s 20.004s
0810 15:58:44 ds4-server: chat ctx=585..635:50 gen=450 THINKING decoding chunk=24.68 t/s avg=20.43 t/s 22.030s
0810 15:58:47 ds4-server: chat ctx=635..685:50 gen=500 THINKING decoding chunk=23.59 t/s avg=20.70 t/s 24.150s
0810 15:58:49 ds4-server: chat ctx=685..735:50 gen=550 THINKING decoding chunk=25.27 t/s avg=21.05 t/s 26.128s
0810 15:58:51 ds4-server: chat ctx=735..785:50 gen=600 THINKING decoding chunk=22.11 t/s avg=21.13 t/s 28.390s
0810 15:58:53 ds4-server: chat ctx=785..835:50 gen=650 THINKING decoding chunk=22.14 t/s avg=21.21 t/s 30.648s
0810 15:58:55 ds4-server: chat ctx=835..885:50 gen=700 THINKING decoding chunk=23.13 t/s avg=21.34 t/s 32.810s
0810 15:58:57 ds4-server: chat ctx=885..935:50 gen=750 THINKING decoding chunk=23.36 t/s avg=21.46 t/s 34.950s
0810 15:59:00 ds4-server: chat ctx=935..985:50 gen=800 decoding chunk=23.25 t/s avg=21.56 t/s 37.101s
0810 15:59:01 ds4-server: chat ctx=985..1032:47 gen=847 decoding chunk=24.80 t/s avg=21.72 t/s 38.996s
0810 15:59:01 ds4-server: thinking live checkpoint remembered ctx=0..185:185 live=1032 visible=1149
0810 15:59:01 ds4-server: chat ctx=0..185:185 gen=847 finish=stop 55.836s
0810 15:59:01 ds4-server: live kv cache miss live=1032 prompt=299 common=45 reason=token-mismatch
0810 15:59:01 ds4-server: chat ctx=0..299:299 prompt start
0810 15:59:18 ds4-server: chat ctx=0..299:299 prompt done 16.971s
0810 15:59:23 ds4-server: chat ctx=299..349:50 gen=50 THINKING decoding chunk=10.70 t/s avg=10.70 t/s 4.671s
0810 15:59:25 ds4-server: chat ctx=349..399:50 gen=100 THINKING decoding chunk=22.57 t/s avg=14.52 t/s 6.887s
0810 15:59:27 ds4-server: chat ctx=399..449:50 gen=150 THINKING decoding chunk=24.37 t/s avg=16.78 t/s 8.938s
0810 15:59:29 ds4-server: chat ctx=449..499:50 gen=200 THINKING decoding chunk=24.03 t/s avg=18.15 t/s 11.019s
0810 15:59:31 ds4-server: chat ctx=499..549:50 gen=250 THINKING decoding chunk=25.26 t/s avg=19.23 t/s 12.998s
0810 15:59:33 ds4-server: chat ctx=549..599:50 gen=300 THINKING decoding chunk=26.36 t/s avg=20.14 t/s 14.895s
0810 15:59:35 ds4-server: chat ctx=599..649:50 gen=350 THINKING decoding chunk=26.10 t/s avg=20.82 t/s 16.811s
0810 15:59:37 ds4-server: chat ctx=649..699:50 gen=400 THINKING decoding chunk=25.88 t/s avg=21.34 t/s 18.743s
0810 15:59:39 ds4-server: chat ctx=699..749:50 gen=450 THINKING decoding chunk=25.42 t/s avg=21.73 t/s 20.710s
0810 15:59:41 ds4-server: chat ctx=749..799:50 gen=500 THINKING decoding chunk=25.38 t/s avg=22.05 t/s 22.680s
0810 15:59:43 ds4-server: chat ctx=799..849:50 gen=550 THINKING decoding chunk=25.64 t/s avg=22.33 t/s 24.630s
0810 15:59:45 ds4-server: chat ctx=849..899:50 gen=600 THINKING decoding chunk=24.44 t/s avg=22.49 t/s 26.676s
0810 15:59:48 ds4-server: chat ctx=899..949:50 gen=650 THINKING decoding chunk=20.40 t/s avg=22.32 t/s 29.126s
0810 15:59:50 ds4-server: chat ctx=949..999:50 gen=700 THINKING decoding chunk=24.25 t/s avg=22.44 t/s 31.188s
0810 15:59:52 ds4-server: chat ctx=999..1049:50 gen=750 THINKING decoding chunk=26.08 t/s avg=22.65 t/s 33.106s
0810 15:59:53 ds4-server: chat ctx=1049..1099:50 gen=800 THINKING decoding chunk=26.69 t/s avg=22.87 t/s 34.979s
0810 15:59:55 ds4-server: chat ctx=1099..1149:50 gen=850 THINKING decoding chunk=23.98 t/s avg=22.93 t/s 37.064s
0810 15:59:58 ds4-server: chat ctx=1149..1199:50 gen=900 THINKING decoding chunk=24.33 t/s avg=23.01 t/s 39.119s
0810 16:00:00 ds4-server: chat ctx=1199..1249:50 gen=950 THINKING decoding chunk=25.07 t/s avg=23.11 t/s 41.113s
0810 16:00:02 ds4-server: chat ctx=1249..1299:50 gen=1000 THINKING decoding chunk=20.22 t/s avg=22.94 t/s 43.586s
0810 16:00:04 ds4-server: chat ctx=1299..1349:50 gen=1050 THINKING decoding chunk=22.00 t/s avg=22.90 t/s 45.858s
0810 16:00:07 ds4-server: chat ctx=1349..1399:50 gen=1100 THINKING decoding chunk=21.88 t/s avg=22.85 t/s 48.144s
0810 16:00:09 ds4-server: chat ctx=1399..1449:50 gen=1150 THINKING decoding chunk=22.65 t/s avg=22.84 t/s 50.351s
0810 16:00:11 ds4-server: chat ctx=1449..1499:50 gen=1200 THINKING decoding chunk=20.52 t/s avg=22.73 t/s 52.788s
0810 16:00:13 ds4-server: chat ctx=1499..1549:50 gen=1250 THINKING decoding chunk=23.85 t/s avg=22.77 t/s 54.885s
0810 16:00:15 ds4-server: chat ctx=1549..1599:50 gen=1300 THINKING decoding chunk=25.73 t/s avg=22.88 t/s 56.828s
0810 16:00:17 ds4-server: chat ctx=1599..1649:50 gen=1350 THINKING decoding chunk=22.26 t/s avg=22.85 t/s 59.075s
0810 16:00:20 ds4-server: chat ctx=1649..1699:50 gen=1400 THINKING decoding chunk=22.24 t/s avg=22.83 t/s 61.323s
0810 16:00:22 ds4-server: chat ctx=1699..1749:50 gen=1450 THINKING decoding chunk=20.10 t/s avg=22.72 t/s 63.811s
0810 16:00:25 ds4-server: chat ctx=1749..1799:50 gen=1500 decoding chunk=21.97 t/s avg=22.70 t/s 66.087s
0810 16:00:26 ds4-server: chat ctx=1799..1849:50 gen=1550 decoding chunk=25.92 t/s avg=22.79 t/s 68.015s
0810 16:00:27 ds4-server: chat ctx=1849..1874:25 gen=1575 decoding chunk=25.75 t/s avg=22.83 t/s 68.986s
0810 16:00:27 ds4-server: thinking live checkpoint remembered ctx=0..299:299 live=1874 visible=1284
0810 16:00:27 ds4-server: chat ctx=0..299:299 gen=1575 finish=stop 85.958s
0810 16:00:27 ds4-server: live kv cache miss live=1874 prompt=296 common=45 reason=token-mismatch
0810 16:00:27 ds4-server: chat ctx=0..296:296 prompt start
0810 16:00:44 ds4-server: chat ctx=0..296:296 prompt done 16.862s
0810 16:00:49 ds4-server: chat ctx=296..346:50 gen=50 THINKING decoding chunk=11.05 t/s avg=11.05 t/s 4.524s
0810 16:00:51 ds4-server: chat ctx=346..396:50 gen=100 THINKING decoding chunk=21.75 t/s avg=14.66 t/s 6.822s
0810 16:00:53 ds4-server: chat ctx=396..446:50 gen=150 THINKING decoding chunk=22.40 t/s avg=16.57 t/s 9.054s
0810 16:00:55 ds4-server: chat ctx=446..496:50 gen=200 THINKING decoding chunk=23.34 t/s avg=17.86 t/s 11.196s
0810 16:00:57 ds4-server: chat ctx=496..546:50 gen=250 THINKING decoding chunk=25.32 t/s avg=18.98 t/s 13.171s
0810 16:00:59 ds4-server: chat ctx=546..596:50 gen=300 THINKING decoding chunk=25.00 t/s avg=19.77 t/s 15.171s
0810 16:01:01 ds4-server: chat ctx=596..646:50 gen=350 THINKING decoding chunk=24.69 t/s avg=20.35 t/s 17.196s
0810 16:01:04 ds4-server: chat ctx=646..696:50 gen=400 THINKING decoding chunk=24.88 t/s avg=20.83 t/s 19.206s
0810 16:01:06 ds4-server: chat ctx=696..746:50 gen=450 THINKING decoding chunk=24.19 t/s avg=21.15 t/s 21.273s
0810 16:01:08 ds4-server: chat ctx=746..796:50 gen=500 THINKING decoding chunk=24.93 t/s avg=21.48 t/s 23.279s
0810 16:01:10 ds4-server: chat ctx=796..846:50 gen=550 THINKING decoding chunk=21.80 t/s avg=21.51 t/s 25.572s
0810 16:01:12 ds4-server: chat ctx=846..896:50 gen=600 THINKING decoding chunk=21.38 t/s avg=21.50 t/s 27.911s
0810 16:01:14 ds4-server: chat ctx=896..946:50 gen=650 THINKING decoding chunk=22.15 t/s avg=21.55 t/s 30.168s
0810 16:01:17 ds4-server: chat ctx=946..996:50 gen=700 THINKING decoding chunk=23.28 t/s avg=21.66 t/s 32.315s
0810 16:01:19 ds4-server: chat ctx=996..1046:50 gen=750 THINKING decoding chunk=23.37 t/s avg=21.77 t/s 34.455s
0810 16:01:21 ds4-server: chat ctx=1046..1096:50 gen=800 THINKING decoding chunk=23.64 t/s avg=21.88 t/s 36.570s
0810 16:01:23 ds4-server: chat ctx=1096..1146:50 gen=850 decoding chunk=24.58 t/s avg=22.02 t/s 38.604s
0810 16:01:25 ds4-server: chat ctx=1146..1196:50 gen=900 decoding chunk=25.71 t/s avg=22.20 t/s 40.549s
0810 16:01:26 ds4-server: chat ctx=1196..1231:35 gen=935 decoding chunk=26.18 t/s avg=22.32 t/s 41.886s
0810 16:01:26 ds4-server: thinking live checkpoint remembered ctx=0..296:296 live=1231 visible=1631
0810 16:01:26 ds4-server: chat ctx=0..296:296 gen=935 finish=stop 58.748s
0810 16:01:26 ds4-server: live kv cache miss live=1231 prompt=162 common=45 reason=token-mismatch
0810 16:01:26 ds4-server: chat ctx=0..162:162 prompt start
0810 16:01:46 ds4-server: chat ctx=0..162:162 prompt done 20.177s
0810 16:01:51 ds4-server: chat ctx=162..212:50 gen=50 THINKING decoding chunk=10.70 t/s avg=10.70 t/s 4.674s
0810 16:01:53 ds4-server: chat ctx=212..262:50 gen=100 THINKING decoding chunk=24.14 t/s avg=14.83 t/s 6.745s
0810 16:01:55 ds4-server: chat ctx=262..312:50 gen=150 THINKING decoding chunk=25.25 t/s avg=17.19 t/s 8.725s
0810 16:01:57 ds4-server: chat ctx=312..362:50 gen=200 THINKING decoding chunk=25.23 t/s avg=18.68 t/s 10.706s
0810 16:01:59 ds4-server: chat ctx=362..412:50 gen=250 THINKING decoding chunk=25.10 t/s avg=19.69 t/s 12.699s
0810 16:02:01 ds4-server: chat ctx=412..462:50 gen=300 THINKING decoding chunk=26.15 t/s avg=20.53 t/s 14.611s
0810 16:02:03 ds4-server: chat ctx=462..512:50 gen=350 THINKING decoding chunk=24.44 t/s avg=21.01 t/s 16.657s
0810 16:02:05 ds4-server: chat ctx=512..562:50 gen=400 THINKING decoding chunk=25.41 t/s avg=21.48 t/s 18.625s
0810 16:02:07 ds4-server: chat ctx=562..612:50 gen=450 THINKING decoding chunk=26.24 t/s avg=21.92 t/s 20.530s
0810 16:02:09 ds4-server: chat ctx=612..662:50 gen=500 THINKING decoding chunk=25.28 t/s avg=22.21 t/s 22.508s
0810 16:02:11 ds4-server: chat ctx=662..712:50 gen=550 decoding chunk=24.05 t/s avg=22.37 t/s 24.587s
0810 16:02:13 ds4-server: chat ctx=712..762:50 gen=600 decoding chunk=25.59 t/s avg=22.61 t/s 26.541s
0810 16:02:13 ds4-server: chat ctx=762..766:4 gen=604 decoding chunk=25.15 t/s avg=22.62 t/s 26.700s
0810 16:02:13 ds4-server: thinking live checkpoint remembered ctx=0..162:162 live=766 visible=921
0810 16:02:13 ds4-server: chat ctx=0..162:162 gen=604 finish=stop 46.879s
0810 16:02:13 ds4-server: live kv cache miss live=766 prompt=437 common=45 reason=token-mismatch
0810 16:02:13 ds4-server: chat ctx=0..437:437 prompt start
0810 16:02:30 ds4-server: chat ctx=0..437:437 prompt done 16.991s
0810 16:02:35 ds4-server: chat ctx=437..487:50 gen=50 THINKING decoding chunk=10.24 t/s avg=10.24 t/s 4.884s
0810 16:02:37 ds4-server: chat ctx=487..537:50 gen=100 THINKING decoding chunk=21.97 t/s avg=13.97 t/s 7.160s
0810 16:02:39 ds4-server: chat ctx=537..587:50 gen=150 THINKING decoding chunk=24.18 t/s avg=16.26 t/s 9.227s
0810 16:02:42 ds4-server: chat ctx=587..637:50 gen=200 THINKING decoding chunk=22.62 t/s avg=17.49 t/s 11.437s
0810 16:02:43 ds4-server: chat ctx=637..687:50 gen=250 THINKING decoding chunk=26.01 t/s avg=18.71 t/s 13.359s
0810 16:02:46 ds4-server: chat ctx=687..737:50 gen=300 THINKING decoding chunk=22.56 t/s avg=19.26 t/s 15.576s
0810 16:02:48 ds4-server: chat ctx=737..787:50 gen=350 THINKING decoding chunk=26.11 t/s avg=20.01 t/s 17.491s
0810 16:02:49 ds4-server: chat ctx=787..837:50 gen=400 THINKING decoding chunk=26.50 t/s avg=20.64 t/s 19.378s
0810 16:02:51 ds4-server: chat ctx=837..887:50 gen=450 THINKING decoding chunk=26.84 t/s avg=21.19 t/s 21.241s
0810 16:02:53 ds4-server: chat ctx=887..937:50 gen=500 THINKING decoding chunk=24.49 t/s avg=21.48 t/s 23.282s
0810 16:02:55 ds4-server: chat ctx=937..987:50 gen=550 THINKING decoding chunk=25.35 t/s avg=21.78 t/s 25.254s
0810 16:02:57 ds4-server: chat ctx=987..1037:50 gen=600 THINKING decoding chunk=27.41 t/s avg=22.16 t/s 27.078s
0810 16:02:59 ds4-server: chat ctx=1037..1087:50 gen=650 THINKING decoding chunk=26.28 t/s avg=22.43 t/s 28.981s
0810 16:03:01 ds4-server: chat ctx=1087..1137:50 gen=700 THINKING decoding chunk=27.02 t/s avg=22.70 t/s 30.832s
0810 16:03:03 ds4-server: chat ctx=1137..1187:50 gen=750 THINKING decoding chunk=25.34 t/s avg=22.86 t/s 32.805s
0810 16:03:05 ds4-server: chat ctx=1187..1237:50 gen=800 THINKING decoding chunk=24.97 t/s avg=22.98 t/s 34.807s
0810 16:03:07 ds4-server: chat ctx=1237..1287:50 gen=850 THINKING decoding chunk=23.98 t/s avg=23.04 t/s 36.892s
0810 16:03:09 ds4-server: chat ctx=1287..1337:50 gen=900 THINKING decoding chunk=25.30 t/s avg=23.15 t/s 38.869s
0810 16:03:11 ds4-server: chat ctx=1337..1387:50 gen=950 THINKING decoding chunk=25.16 t/s avg=23.25 t/s 40.856s
0810 16:03:13 ds4-server: chat ctx=1387..1437:50 gen=1000 THINKING decoding chunk=25.83 t/s avg=23.37 t/s 42.792s
0810 16:03:15 ds4-server: chat ctx=1437..1487:50 gen=1050 THINKING decoding chunk=21.42 t/s avg=23.27 t/s 45.126s
0810 16:03:17 ds4-server: chat ctx=1487..1537:50 gen=1100 THINKING decoding chunk=22.75 t/s avg=23.24 t/s 47.324s
0810 16:03:20 ds4-server: chat ctx=1537..1587:50 gen=1150 THINKING decoding chunk=23.17 t/s avg=23.24 t/s 49.482s
0810 16:03:22 ds4-server: chat ctx=1587..1637:50 gen=1200 THINKING decoding chunk=23.67 t/s avg=23.26 t/s 51.595s
0810 16:03:24 ds4-server: chat ctx=1637..1687:50 gen=1250 THINKING decoding chunk=23.19 t/s avg=23.26 t/s 53.751s
0810 16:03:26 ds4-server: chat ctx=1687..1737:50 gen=1300 THINKING decoding chunk=20.78 t/s avg=23.15 t/s 56.157s
0810 16:03:28 ds4-server: chat ctx=1737..1787:50 gen=1350 THINKING decoding chunk=24.01 t/s avg=23.18 t/s 58.239s
0810 16:03:31 ds4-server: chat ctx=1787..1837:50 gen=1400 THINKING decoding chunk=23.01 t/s avg=23.17 t/s 60.412s
0810 16:03:32 ds4-server: chat ctx=1837..1887:50 gen=1450 THINKING decoding chunk=25.60 t/s avg=23.25 t/s 62.366s
0810 16:03:34 ds4-server: chat ctx=1887..1937:50 gen=1500 THINKING decoding chunk=26.99 t/s avg=23.36 t/s 64.218s
0810 16:03:36 ds4-server: chat ctx=1937..1987:50 gen=1550 THINKING decoding chunk=23.32 t/s avg=23.36 t/s 66.362s
0810 16:03:39 ds4-server: chat ctx=1987..2037:50 gen=1600 THINKING decoding chunk=24.02 t/s avg=23.38 t/s 68.444s
0810 16:03:41 ds4-server: chat ctx=2037..2087:50 gen=1650 THINKING decoding chunk=22.34 t/s avg=23.34 t/s 70.683s
0810 16:03:43 ds4-server: chat ctx=2087..2137:50 gen=1700 THINKING decoding chunk=26.09 t/s avg=23.42 t/s 72.599s
0810 16:03:45 ds4-server: chat ctx=2137..2187:50 gen=1750 THINKING decoding chunk=25.98 t/s avg=23.48 t/s 74.523s
0810 16:03:47 ds4-server: chat ctx=2187..2237:50 gen=1800 THINKING decoding chunk=19.58 t/s avg=23.35 t/s 77.077s
0810 16:03:49 ds4-server: chat ctx=2237..2287:50 gen=1850 THINKING decoding chunk=23.04 t/s avg=23.34 t/s 79.247s
0810 16:03:51 ds4-server: chat ctx=2287..2337:50 gen=1900 THINKING decoding chunk=24.06 t/s avg=23.36 t/s 81.325s
0810 16:03:53 ds4-server: chat ctx=2337..2387:50 gen=1950 THINKING decoding chunk=24.86 t/s avg=23.40 t/s 83.337s
0810 16:03:56 ds4-server: chat ctx=2387..2437:50 gen=2000 THINKING decoding chunk=21.38 t/s avg=23.34 t/s 85.675s
0810 16:03:58 ds4-server: chat ctx=2437..2487:50 gen=2050 THINKING decoding chunk=21.65 t/s avg=23.30 t/s 87.984s
0810 16:04:00 ds4-server: chat ctx=2487..2537:50 gen=2100 THINKING decoding chunk=22.28 t/s avg=23.27 t/s 90.228s
0810 16:04:03 ds4-server: chat ctx=2537..2587:50 gen=2150 THINKING decoding chunk=21.66 t/s avg=23.23 t/s 92.537s
0810 16:04:05 ds4-server: chat ctx=2587..2637:50 gen=2200 THINKING decoding chunk=23.29 t/s avg=23.24 t/s 94.683s
0810 16:04:07 ds4-server: chat ctx=2637..2687:50 gen=2250 THINKING decoding chunk=22.08 t/s avg=23.21 t/s 96.948s
0810 16:04:10 ds4-server: chat ctx=2687..2737:50 gen=2300 THINKING decoding chunk=19.37 t/s avg=23.11 t/s 99.529s
0810 16:04:12 ds4-server: chat ctx=2737..2787:50 gen=2350 decoding chunk=21.23 t/s avg=23.07 t/s 101.885s
0810 16:04:15 ds4-server: chat ctx=2787..2837:50 gen=2400 decoding chunk=19.58 t/s avg=22.98 t/s 104.439s
0810 16:04:17 ds4-server: chat ctx=2837..2887:50 gen=2450 decoding chunk=21.07 t/s avg=22.94 t/s 106.813s
0810 16:04:19 ds4-server: chat ctx=2887..2937:50 gen=2500 decoding chunk=21.56 t/s avg=22.91 t/s 109.131s
0810 16:04:21 ds4-server: chat ctx=2937..2987:50 gen=2550 decoding chunk=23.83 t/s avg=22.93 t/s 111.230s
0810 16:04:21 ds4-server: chat ctx=2987..2991:4 gen=2554 decoding chunk=25.50 t/s avg=22.93 t/s 111.387s
0810 16:04:21 ds4-server: thinking live checkpoint remembered ctx=0..437:437 live=2991 visible=2409
0810 16:04:21 ds4-server: chat ctx=0..437:437 gen=2554 finish=stop 128.379s
0810 16:04:22 ds4-server: live kv cache miss live=2991 prompt=275 common=45 reason=token-mismatch
0810 16:04:22 ds4-server: chat ctx=0..275:275 prompt start
0810 16:04:40 ds4-server: chat ctx=0..275:275 prompt done 18.671s
0810 16:04:45 ds4-server: chat ctx=275..325:50 gen=50 THINKING decoding chunk=10.29 t/s avg=10.29 t/s 4.860s
0810 16:04:48 ds4-server: chat ctx=325..375:50 gen=100 THINKING decoding chunk=19.57 t/s avg=13.49 t/s 7.414s
0810 16:04:50 ds4-server: chat ctx=375..425:50 gen=150 THINKING decoding chunk=21.49 t/s avg=15.40 t/s 9.741s
0810 16:04:52 ds4-server: chat ctx=425..475:50 gen=200 THINKING decoding chunk=22.56 t/s avg=16.73 t/s 11.957s
0810 16:04:54 ds4-server: chat ctx=475..525:50 gen=250 THINKING decoding chunk=22.28 t/s avg=17.60 t/s 14.201s
0810 16:04:57 ds4-server: chat ctx=525..575:50 gen=300 THINKING decoding chunk=21.99 t/s avg=18.21 t/s 16.475s
0810 16:04:59 ds4-server: chat ctx=575..625:50 gen=350 THINKING decoding chunk=22.55 t/s avg=18.72 t/s 18.693s
0810 16:05:01 ds4-server: chat ctx=625..675:50 gen=400 THINKING decoding chunk=23.70 t/s avg=19.23 t/s 20.803s
0810 16:05:03 ds4-server: chat ctx=675..725:50 gen=450 THINKING decoding chunk=23.42 t/s avg=19.62 t/s 22.938s
0810 16:05:05 ds4-server: chat ctx=725..775:50 gen=500 THINKING decoding chunk=22.96 t/s avg=19.91 t/s 25.116s
0810 16:05:07 ds4-server: chat ctx=775..825:50 gen=550 THINKING decoding chunk=24.06 t/s avg=20.22 t/s 27.194s
0810 16:05:10 ds4-server: chat ctx=825..875:50 gen=600 THINKING decoding chunk=23.28 t/s avg=20.45 t/s 29.342s
0810 16:05:12 ds4-server: chat ctx=875..925:50 gen=650 THINKING decoding chunk=24.40 t/s avg=20.71 t/s 31.392s
0810 16:05:14 ds4-server: chat ctx=925..975:50 gen=700 THINKING decoding chunk=24.41 t/s avg=20.93 t/s 33.440s
0810 16:05:16 ds4-server: chat ctx=975..1025:50 gen=750 THINKING decoding chunk=24.60 t/s avg=21.14 t/s 35.473s
0810 16:05:18 ds4-server: chat ctx=1025..1075:50 gen=800 THINKING decoding chunk=24.30 t/s avg=21.32 t/s 37.530s
0810 16:05:20 ds4-server: chat ctx=1075..1125:50 gen=850 THINKING decoding chunk=25.38 t/s avg=21.52 t/s 39.501s
0810 16:05:22 ds4-server: chat ctx=1125..1175:50 gen=900 THINKING decoding chunk=24.08 t/s avg=21.65 t/s 41.577s
0810 16:05:24 ds4-server: chat ctx=1175..1225:50 gen=950 THINKING decoding chunk=22.50 t/s avg=21.69 t/s 43.799s
0810 16:05:26 ds4-server: chat ctx=1225..1275:50 gen=1000 THINKING decoding chunk=24.33 t/s avg=21.81 t/s 45.853s
0810 16:05:28 ds4-server: chat ctx=1275..1325:50 gen=1050 THINKING decoding chunk=25.47 t/s avg=21.96 t/s 47.816s
0810 16:05:30 ds4-server: chat ctx=1325..1375:50 gen=1100 THINKING decoding chunk=24.10 t/s avg=22.05 t/s 49.891s
0810 16:05:32 ds4-server: chat ctx=1375..1425:50 gen=1150 THINKING decoding chunk=24.69 t/s avg=22.15 t/s 51.916s
0810 16:05:34 ds4-server: chat ctx=1425..1475:50 gen=1200 THINKING decoding chunk=25.32 t/s avg=22.27 t/s 53.890s
0810 16:05:36 ds4-server: chat ctx=1475..1525:50 gen=1250 THINKING decoding chunk=24.15 t/s avg=22.34 t/s 55.961s
0810 16:05:38 ds4-server: chat ctx=1525..1575:50 gen=1300 THINKING decoding chunk=24.60 t/s avg=22.42 t/s 57.993s
0810 16:05:40 ds4-server: chat ctx=1575..1625:50 gen=1350 THINKING decoding chunk=23.24 t/s avg=22.45 t/s 60.144s
0810 16:05:42 ds4-server: chat ctx=1625..1675:50 gen=1400 THINKING decoding chunk=24.18 t/s avg=22.50 t/s 62.212s
0810 16:05:44 ds4-server: chat ctx=1675..1725:50 gen=1450 THINKING decoding chunk=24.17 t/s avg=22.56 t/s 64.281s
0810 16:05:47 ds4-server: chat ctx=1725..1775:50 gen=1500 THINKING decoding chunk=22.73 t/s avg=22.56 t/s 66.481s
0810 16:05:49 ds4-server: chat ctx=1775..1825:50 gen=1550 THINKING decoding chunk=23.16 t/s avg=22.58 t/s 68.640s
0810 16:05:51 ds4-server: chat ctx=1825..1875:50 gen=1600 THINKING decoding chunk=22.99 t/s avg=22.59 t/s 70.815s
0810 16:05:53 ds4-server: chat ctx=1875..1925:50 gen=1650 THINKING decoding chunk=20.63 t/s avg=22.53 t/s 73.238s
0810 16:05:56 ds4-server: chat ctx=1925..1975:50 gen=1700 THINKING decoding chunk=21.05 t/s avg=22.48 t/s 75.614s
0810 16:05:58 ds4-server: chat ctx=1975..2025:50 gen=1750 THINKING decoding chunk=21.36 t/s avg=22.45 t/s 77.954s
0810 16:06:00 ds4-server: chat ctx=2025..2075:50 gen=1800 THINKING decoding chunk=22.85 t/s avg=22.46 t/s 80.142s
0810 16:06:03 ds4-server: chat ctx=2075..2125:50 gen=1850 THINKING decoding chunk=22.69 t/s avg=22.47 t/s 82.346s
0810 16:06:05 ds4-server: chat ctx=2125..2175:50 gen=1900 THINKING decoding chunk=23.04 t/s avg=22.48 t/s 84.516s
0810 16:06:07 ds4-server: chat ctx=2175..2225:50 gen=1950 THINKING decoding chunk=22.51 t/s avg=22.48 t/s 86.737s
0810 16:06:09 ds4-server: chat ctx=2225..2275:50 gen=2000 THINKING decoding chunk=23.93 t/s avg=22.52 t/s 88.827s
0810 16:06:12 ds4-server: chat ctx=2275..2325:50 gen=2050 THINKING decoding chunk=18.56 t/s avg=22.40 t/s 91.521s
0810 16:06:14 ds4-server: chat ctx=2325..2375:50 gen=2100 THINKING decoding chunk=19.63 t/s avg=22.32 t/s 94.068s
0810 16:06:17 ds4-server: chat ctx=2375..2425:50 gen=2150 THINKING decoding chunk=21.05 t/s avg=22.29 t/s 96.443s
0810 16:06:19 ds4-server: chat ctx=2425..2475:50 gen=2200 THINKING decoding chunk=21.44 t/s avg=22.27 t/s 98.775s
0810 16:06:21 ds4-server: chat ctx=2475..2525:50 gen=2250 THINKING decoding chunk=22.23 t/s avg=22.27 t/s 101.024s
0810 16:06:23 ds4-server: chat ctx=2525..2575:50 gen=2300 THINKING decoding chunk=22.20 t/s avg=22.27 t/s 103.276s
0810 16:06:26 ds4-server: chat ctx=2575..2625:50 gen=2350 THINKING decoding chunk=21.48 t/s avg=22.25 t/s 105.604s
0810 16:06:28 ds4-server: chat ctx=2625..2675:50 gen=2400 decoding chunk=23.07 t/s avg=22.27 t/s 107.771s
0810 16:06:30 ds4-server: chat ctx=2675..2725:50 gen=2450 decoding chunk=23.59 t/s avg=22.29 t/s 109.890s
0810 16:06:32 ds4-server: chat ctx=2725..2768:43 gen=2493 decoding chunk=23.96 t/s avg=22.32 t/s 111.685s
0810 16:06:32 ds4-server: thinking live checkpoint remembered ctx=0..275:275 live=2768 visible=1305
0810 16:06:32 ds4-server: chat ctx=0..275:275 gen=2493 finish=stop 130.357s
0810 16:06:32 ds4-server: live kv cache miss live=2768 prompt=112 common=45 reason=token-mismatch
0810 16:06:32 ds4-server: chat ctx=0..112:112 prompt start
0810 16:06:49 ds4-server: chat ctx=0..112:112 prompt done 17.592s
0810 16:06:54 ds4-server: chat ctx=112..162:50 gen=50 THINKING decoding chunk=10.96 t/s avg=10.96 t/s 4.562s
0810 16:06:56 ds4-server: chat ctx=162..212:50 gen=100 THINKING decoding chunk=22.10 t/s avg=14.65 t/s 6.825s
0810 16:06:58 ds4-server: chat ctx=212..262:50 gen=150 THINKING decoding chunk=23.07 t/s avg=16.68 t/s 8.992s
0810 16:07:01 ds4-server: chat ctx=262..312:50 gen=200 THINKING decoding chunk=23.80 t/s avg=18.03 t/s 11.093s
0810 16:07:03 ds4-server: chat ctx=312..362:50 gen=250 THINKING decoding chunk=23.23 t/s avg=18.88 t/s 13.245s
0810 16:07:05 ds4-server: chat ctx=362..412:50 gen=300 THINKING decoding chunk=23.90 t/s avg=19.56 t/s 15.337s
0810 16:07:07 ds4-server: chat ctx=412..462:50 gen=350 THINKING decoding chunk=24.01 t/s avg=20.09 t/s 17.420s
0810 16:07:09 ds4-server: chat ctx=462..512:50 gen=400 THINKING decoding chunk=23.45 t/s avg=20.46 t/s 19.552s
0810 16:07:11 ds4-server: chat ctx=512..562:50 gen=450 decoding chunk=21.20 t/s avg=20.54 t/s 21.911s
0810 16:07:13 ds4-server: chat ctx=562..586:24 gen=474 decoding chunk=21.79 t/s avg=20.60 t/s 23.012s
0810 16:07:13 ds4-server: thinking live checkpoint remembered ctx=0..112:112 live=586 visible=753
0810 16:07:13 ds4-server: chat ctx=0..112:112 gen=474 finish=stop 40.605s
0810 16:07:13 ds4-server: live kv cache miss live=586 prompt=182 common=45 reason=token-mismatch
0810 16:07:13 ds4-server: chat ctx=0..182:182 prompt start
0810 16:07:30 ds4-server: chat ctx=0..182:182 prompt done 17.110s
0810 16:07:34 ds4-server: chat ctx=182..232:50 gen=50 THINKING decoding chunk=11.02 t/s avg=11.02 t/s 4.537s
0810 16:07:36 ds4-server: chat ctx=232..282:50 gen=100 THINKING decoding chunk=22.91 t/s avg=14.88 t/s 6.720s
0810 16:07:39 ds4-server: chat ctx=282..332:50 gen=150 THINKING decoding chunk=23.07 t/s avg=16.88 t/s 8.887s
0810 16:07:41 ds4-server: chat ctx=332..382:50 gen=200 THINKING decoding chunk=23.14 t/s avg=18.10 t/s 11.048s
0810 16:07:43 ds4-server: chat ctx=382..432:50 gen=250 THINKING decoding chunk=24.02 t/s avg=19.04 t/s 13.129s
0810 16:07:45 ds4-server: chat ctx=432..482:50 gen=300 THINKING decoding chunk=24.30 t/s avg=19.75 t/s 15.187s
0810 16:07:47 ds4-server: chat ctx=482..532:50 gen=350 THINKING decoding chunk=22.75 t/s avg=20.13 t/s 17.385s
0810 16:07:49 ds4-server: chat ctx=532..582:50 gen=400 THINKING decoding chunk=23.78 t/s avg=20.53 t/s 19.487s
0810 16:07:51 ds4-server: chat ctx=582..632:50 gen=450 THINKING decoding chunk=24.16 t/s avg=20.88 t/s 21.557s
0810 16:07:53 ds4-server: chat ctx=632..682:50 gen=500 THINKING decoding chunk=24.79 t/s avg=21.21 t/s 23.574s
0810 16:07:55 ds4-server: chat ctx=682..732:50 gen=550 THINKING decoding chunk=25.82 t/s avg=21.56 t/s 25.511s
0810 16:07:57 ds4-server: chat ctx=732..782:50 gen=600 THINKING decoding chunk=25.37 t/s avg=21.83 t/s 27.481s
0810 16:07:59 ds4-server: chat ctx=782..832:50 gen=650 THINKING decoding chunk=26.23 t/s avg=22.12 t/s 29.388s
0810 16:08:01 ds4-server: chat ctx=832..882:50 gen=700 THINKING decoding chunk=25.21 t/s avg=22.31 t/s 31.371s
0810 16:08:03 ds4-server: chat ctx=882..932:50 gen=750 THINKING decoding chunk=25.79 t/s avg=22.52 t/s 33.310s
0810 16:08:05 ds4-server: chat ctx=932..982:50 gen=800 THINKING decoding chunk=26.15 t/s avg=22.71 t/s 35.223s
0810 16:08:07 ds4-server: chat ctx=982..1032:50 gen=850 THINKING decoding chunk=25.18 t/s avg=22.84 t/s 37.208s
0810 16:08:09 ds4-server: chat ctx=1032..1082:50 gen=900 THINKING decoding chunk=25.32 t/s avg=22.97 t/s 39.183s
0810 16:08:11 ds4-server: chat ctx=1082..1132:50 gen=950 THINKING decoding chunk=25.33 t/s avg=23.08 t/s 41.156s
0810 16:08:13 ds4-server: chat ctx=1132..1182:50 gen=1000 THINKING decoding chunk=25.82 t/s avg=23.21 t/s 43.093s
0810 16:08:15 ds4-server: chat ctx=1182..1232:50 gen=1050 THINKING decoding chunk=26.16 t/s avg=23.33 t/s 45.004s
0810 16:08:17 ds4-server: chat ctx=1232..1282:50 gen=1100 THINKING decoding chunk=26.19 t/s avg=23.45 t/s 46.913s
0810 16:08:19 ds4-server: chat ctx=1282..1332:50 gen=1150 THINKING decoding chunk=24.99 t/s avg=23.51 t/s 48.914s
0810 16:08:20 ds4-server: chat ctx=1332..1382:50 gen=1200 THINKING decoding chunk=25.78 t/s avg=23.60 t/s 50.853s
0810 16:08:22 ds4-server: chat ctx=1382..1432:50 gen=1250 THINKING decoding chunk=25.78 t/s avg=23.68 t/s 52.793s
0810 16:08:24 ds4-server: chat ctx=1432..1482:50 gen=1300 THINKING decoding chunk=25.85 t/s avg=23.75 t/s 54.727s
0810 16:08:26 ds4-server: chat ctx=1482..1532:50 gen=1350 THINKING decoding chunk=24.76 t/s avg=23.79 t/s 56.747s
0810 16:08:28 ds4-server: chat ctx=1532..1582:50 gen=1400 THINKING decoding chunk=24.58 t/s avg=23.82 t/s 58.781s
0810 16:08:30 ds4-server: chat ctx=1582..1632:50 gen=1450 THINKING decoding chunk=26.02 t/s avg=23.89 t/s 60.703s
0810 16:08:32 ds4-server: chat ctx=1632..1682:50 gen=1500 THINKING decoding chunk=26.64 t/s avg=23.97 t/s 62.579s
0810 16:08:34 ds4-server: chat ctx=1682..1732:50 gen=1550 THINKING decoding chunk=24.35 t/s avg=23.98 t/s 64.632s
0810 16:08:36 ds4-server: chat ctx=1732..1782:50 gen=1600 THINKING decoding chunk=23.96 t/s avg=23.98 t/s 66.719s
0810 16:08:38 ds4-server: chat ctx=1782..1832:50 gen=1650 THINKING decoding chunk=25.21 t/s avg=24.02 t/s 68.703s
0810 16:08:40 ds4-server: chat ctx=1832..1882:50 gen=1700 THINKING decoding chunk=23.50 t/s avg=24.00 t/s 70.831s
0810 16:08:43 ds4-server: chat ctx=1882..1932:50 gen=1750 THINKING decoding chunk=24.56 t/s avg=24.02 t/s 72.866s
0810 16:08:44 ds4-server: chat ctx=1932..1982:50 gen=1800 THINKING decoding chunk=25.51 t/s avg=24.06 t/s 74.826s
0810 16:08:46 ds4-server: chat ctx=1982..2032:50 gen=1850 THINKING decoding chunk=26.33 t/s avg=24.11 t/s 76.725s
0810 16:08:48 ds4-server: chat ctx=2032..2082:50 gen=1900 THINKING decoding chunk=25.54 t/s avg=24.15 t/s 78.683s
0810 16:08:50 ds4-server: chat ctx=2082..2132:50 gen=1950 THINKING decoding chunk=24.21 t/s avg=24.15 t/s 80.748s
0810 16:08:52 ds4-server: chat ctx=2132..2182:50 gen=2000 THINKING decoding chunk=24.00 t/s avg=24.15 t/s 82.832s
0810 16:08:54 ds4-server: chat ctx=2182..2232:50 gen=2050 THINKING decoding chunk=26.28 t/s avg=24.19 t/s 84.735s
0810 16:08:56 ds4-server: chat ctx=2232..2282:50 gen=2100 THINKING decoding chunk=25.64 t/s avg=24.23 t/s 86.684s
0810 16:08:58 ds4-server: chat ctx=2282..2332:50 gen=2150 THINKING decoding chunk=25.72 t/s avg=24.26 t/s 88.629s
0810 16:09:00 ds4-server: chat ctx=2332..2382:50 gen=2200 THINKING decoding chunk=25.82 t/s avg=24.29 t/s 90.565s
0810 16:09:02 ds4-server: chat ctx=2382..2432:50 gen=2250 THINKING decoding chunk=25.42 t/s avg=24.32 t/s 92.532s
0810 16:09:04 ds4-server: chat ctx=2432..2482:50 gen=2300 THINKING decoding chunk=25.12 t/s avg=24.33 t/s 94.523s
0810 16:09:06 ds4-server: chat ctx=2482..2532:50 gen=2350 THINKING decoding chunk=24.56 t/s avg=24.34 t/s 96.559s
0810 16:09:08 ds4-server: chat ctx=2532..2582:50 gen=2400 THINKING decoding chunk=23.12 t/s avg=24.31 t/s 98.721s
0810 16:09:10 ds4-server: chat ctx=2582..2632:50 gen=2450 THINKING decoding chunk=24.86 t/s avg=24.32 t/s 100.732s
0810 16:09:12 ds4-server: chat ctx=2632..2682:50 gen=2500 THINKING decoding chunk=24.62 t/s avg=24.33 t/s 102.763s
0810 16:09:14 ds4-server: chat ctx=2682..2732:50 gen=2550 THINKING decoding chunk=24.23 t/s avg=24.33 t/s 104.826s
0810 16:09:16 ds4-server: chat ctx=2732..2782:50 gen=2600 THINKING decoding chunk=24.69 t/s avg=24.33 t/s 106.851s
0810 16:09:19 ds4-server: chat ctx=2782..2832:50 gen=2650 THINKING decoding chunk=24.76 t/s avg=24.34 t/s 108.870s
0810 16:09:21 ds4-server: chat ctx=2832..2882:50 gen=2700 THINKING decoding chunk=24.25 t/s avg=24.34 t/s 110.932s
0810 16:09:23 ds4-server: chat ctx=2882..2932:50 gen=2750 THINKING decoding chunk=24.14 t/s avg=24.34 t/s 113.003s
0810 16:09:25 ds4-server: chat ctx=2932..2982:50 gen=2800 THINKING decoding chunk=24.28 t/s avg=24.33 t/s 115.062s
0810 16:09:27 ds4-server: chat ctx=2982..3032:50 gen=2850 THINKING decoding chunk=23.89 t/s avg=24.33 t/s 117.156s
0810 16:09:29 ds4-server: chat ctx=3032..3082:50 gen=2900 THINKING decoding chunk=23.34 t/s avg=24.31 t/s 119.298s
0810 16:09:31 ds4-server: chat ctx=3082..3132:50 gen=2950 THINKING decoding chunk=24.99 t/s avg=24.32 t/s 121.299s
0810 16:09:33 ds4-server: chat ctx=3132..3182:50 gen=3000 THINKING decoding chunk=24.46 t/s avg=24.32 t/s 123.343s
0810 16:09:35 ds4-server: chat ctx=3182..3232:50 gen=3050 THINKING decoding chunk=23.83 t/s avg=24.31 t/s 125.441s
0810 16:09:37 ds4-server: chat ctx=3232..3282:50 gen=3100 THINKING decoding chunk=24.70 t/s avg=24.32 t/s 127.466s
0810 16:09:39 ds4-server: chat ctx=3282..3332:50 gen=3150 THINKING decoding chunk=24.05 t/s avg=24.32 t/s 129.545s
0810 16:09:41 ds4-server: chat ctx=3332..3382:50 gen=3200 THINKING decoding chunk=24.23 t/s avg=24.31 t/s 131.609s
0810 16:09:43 ds4-server: chat ctx=3382..3432:50 gen=3250 THINKING decoding chunk=24.10 t/s avg=24.31 t/s 133.683s
0810 16:09:45 ds4-server: chat ctx=3432..3482:50 gen=3300 THINKING decoding chunk=24.19 t/s avg=24.31 t/s 135.750s
0810 16:09:47 ds4-server: chat ctx=3482..3532:50 gen=3350 THINKING decoding chunk=24.08 t/s avg=24.31 t/s 137.827s
0810 16:09:49 ds4-server: chat ctx=3532..3582:50 gen=3400 THINKING decoding chunk=24.78 t/s avg=24.31 t/s 139.845s
0810 16:09:52 ds4-server: chat ctx=3582..3632:50 gen=3450 THINKING decoding chunk=24.20 t/s avg=24.31 t/s 141.911s
0810 16:09:54 ds4-server: chat ctx=3632..3682:50 gen=3500 THINKING decoding chunk=24.48 t/s avg=24.31 t/s 143.954s
0810 16:09:56 ds4-server: chat ctx=3682..3732:50 gen=3550 THINKING decoding chunk=24.84 t/s avg=24.32 t/s 145.967s
0810 16:09:58 ds4-server: chat ctx=3732..3782:50 gen=3600 THINKING decoding chunk=24.34 t/s avg=24.32 t/s 148.021s
0810 16:10:00 ds4-server: chat ctx=3782..3832:50 gen=3650 THINKING decoding chunk=24.94 t/s avg=24.33 t/s 150.026s
0810 16:10:02 ds4-server: chat ctx=3832..3882:50 gen=3700 THINKING decoding chunk=24.39 t/s avg=24.33 t/s 152.076s
0810 16:10:04 ds4-server: chat ctx=3882..3932:50 gen=3750 THINKING decoding chunk=24.93 t/s avg=24.34 t/s 154.082s
0810 16:10:06 ds4-server: chat ctx=3932..3982:50 gen=3800 THINKING decoding chunk=25.22 t/s avg=24.35 t/s 156.064s
0810 16:10:08 ds4-server: chat ctx=3982..4032:50 gen=3850 THINKING decoding chunk=24.93 t/s avg=24.36 t/s 158.070s
0810 16:10:10 ds4-server: chat ctx=4032..4082:50 gen=3900 THINKING decoding chunk=24.90 t/s avg=24.36 t/s 160.078s
0810 16:10:12 ds4-server: chat ctx=4082..4132:50 gen=3950 THINKING decoding chunk=24.13 t/s avg=24.36 t/s 162.150s
0810 16:10:14 ds4-server: chat ctx=4132..4182:50 gen=4000 THINKING decoding chunk=25.06 t/s avg=24.37 t/s 164.145s
0810 16:10:16 ds4-server: chat ctx=4182..4232:50 gen=4050 THINKING decoding chunk=24.37 t/s avg=24.37 t/s 166.197s
0810 16:10:18 ds4-server: chat ctx=4232..4282:50 gen=4100 THINKING decoding chunk=24.51 t/s avg=24.37 t/s 168.237s
0810 16:10:20 ds4-server: chat ctx=4282..4332:50 gen=4150 THINKING decoding chunk=24.30 t/s avg=24.37 t/s 170.294s
0810 16:10:22 ds4-server: chat ctx=4332..4382:50 gen=4200 THINKING decoding chunk=25.57 t/s avg=24.38 t/s 172.249s
0810 16:10:24 ds4-server: chat ctx=4382..4432:50 gen=4250 THINKING decoding chunk=24.01 t/s avg=24.38 t/s 174.332s
0810 16:10:26 ds4-server: chat ctx=4432..4482:50 gen=4300 THINKING decoding chunk=24.58 t/s avg=24.38 t/s 176.366s
0810 16:10:28 ds4-server: chat ctx=4482..4532:50 gen=4350 THINKING decoding chunk=24.96 t/s avg=24.39 t/s 178.370s
0810 16:10:30 ds4-server: chat ctx=4532..4582:50 gen=4400 THINKING decoding chunk=23.85 t/s avg=24.38 t/s 180.466s
0810 16:10:32 ds4-server: chat ctx=4582..4632:50 gen=4450 THINKING decoding chunk=24.78 t/s avg=24.39 t/s 182.484s
0810 16:10:34 ds4-server: chat ctx=4632..4682:50 gen=4500 THINKING decoding chunk=24.99 t/s avg=24.39 t/s 184.485s
0810 16:10:36 ds4-server: chat ctx=4682..4732:50 gen=4550 THINKING decoding chunk=24.96 t/s avg=24.40 t/s 186.489s
0810 16:10:38 ds4-server: chat ctx=4732..4782:50 gen=4600 THINKING decoding chunk=24.53 t/s avg=24.40 t/s 188.527s
0810 16:10:40 ds4-server: chat ctx=4782..4832:50 gen=4650 THINKING decoding chunk=24.25 t/s avg=24.40 t/s 190.589s
0810 16:10:42 ds4-server: chat ctx=4832..4882:50 gen=4700 THINKING decoding chunk=24.62 t/s avg=24.40 t/s 192.620s
0810 16:10:44 ds4-server: chat ctx=4882..4932:50 gen=4750 THINKING decoding chunk=24.90 t/s avg=24.41 t/s 194.627s
0810 16:10:46 ds4-server: chat ctx=4932..4982:50 gen=4800 THINKING decoding chunk=24.48 t/s avg=24.41 t/s 196.670s
0810 16:10:48 ds4-server: chat ctx=4982..5032:50 gen=4850 THINKING decoding chunk=24.46 t/s avg=24.41 t/s 198.714s
0810 16:10:50 ds4-server: chat ctx=5032..5082:50 gen=4900 THINKING decoding chunk=24.29 t/s avg=24.41 t/s 200.773s
0810 16:10:52 ds4-server: chat ctx=5082..5132:50 gen=4950 THINKING decoding chunk=24.69 t/s avg=24.41 t/s 202.797s
0810 16:10:54 ds4-server: chat ctx=5132..5182:50 gen=5000 THINKING decoding chunk=24.64 t/s avg=24.41 t/s 204.827s
0810 16:10:56 ds4-server: chat ctx=5182..5232:50 gen=5050 THINKING decoding chunk=24.93 t/s avg=24.42 t/s 206.833s
0810 16:10:58 ds4-server: chat ctx=5232..5282:50 gen=5100 THINKING decoding chunk=24.80 t/s avg=24.42 t/s 208.848s
0810 16:11:01 ds4-server: chat ctx=5282..5332:50 gen=5150 THINKING decoding chunk=24.48 t/s avg=24.42 t/s 210.891s
0810 16:11:03 ds4-server: chat ctx=5332..5382:50 gen=5200 THINKING decoding chunk=24.82 t/s avg=24.42 t/s 212.906s
0810 16:11:05 ds4-server: chat ctx=5382..5432:50 gen=5250 THINKING decoding chunk=24.79 t/s avg=24.43 t/s 214.923s
0810 16:11:06 ds4-server: chat ctx=5432..5482:50 gen=5300 THINKING decoding chunk=25.89 t/s avg=24.44 t/s 216.854s
0810 16:11:09 ds4-server: chat ctx=5482..5532:50 gen=5350 THINKING decoding chunk=24.91 t/s avg=24.44 t/s 218.861s
0810 16:11:11 ds4-server: chat ctx=5532..5582:50 gen=5400 THINKING decoding chunk=24.31 t/s avg=24.44 t/s 220.918s
0810 16:11:13 ds4-server: chat ctx=5582..5632:50 gen=5450 THINKING decoding chunk=25.08 t/s avg=24.45 t/s 222.912s
0810 16:11:15 ds4-server: chat ctx=5632..5682:50 gen=5500 THINKING decoding chunk=24.63 t/s avg=24.45 t/s 224.943s
0810 16:11:17 ds4-server: chat ctx=5682..5732:50 gen=5550 THINKING decoding chunk=24.79 t/s avg=24.45 t/s 226.960s
0810 16:11:19 ds4-server: chat ctx=5732..5782:50 gen=5600 THINKING decoding chunk=24.85 t/s avg=24.46 t/s 228.972s
0810 16:11:21 ds4-server: chat ctx=5782..5832:50 gen=5650 THINKING decoding chunk=24.69 t/s avg=24.46 t/s 230.997s
0810 16:11:23 ds4-server: chat ctx=5832..5882:50 gen=5700 THINKING decoding chunk=25.16 t/s avg=24.47 t/s 232.984s
0810 16:11:25 ds4-server: chat ctx=5882..5932:50 gen=5750 THINKING decoding chunk=24.98 t/s avg=24.47 t/s 234.986s
0810 16:11:27 ds4-server: chat ctx=5932..5982:50 gen=5800 THINKING decoding chunk=25.11 t/s avg=24.47 t/s 236.977s
0810 16:11:29 ds4-server: chat ctx=5982..6032:50 gen=5850 THINKING decoding chunk=24.96 t/s avg=24.48 t/s 238.980s
0810 16:11:31 ds4-server: chat ctx=6032..6082:50 gen=5900 THINKING decoding chunk=24.75 t/s avg=24.48 t/s 241.000s
0810 16:11:33 ds4-server: chat ctx=6082..6132:50 gen=5950 THINKING decoding chunk=25.11 t/s avg=24.49 t/s 242.992s
0810 16:11:35 ds4-server: chat ctx=6132..6182:50 gen=6000 THINKING decoding chunk=24.76 t/s avg=24.49 t/s 245.011s
0810 16:11:37 ds4-server: chat ctx=6182..6232:50 gen=6050 THINKING decoding chunk=24.74 t/s avg=24.49 t/s 247.032s
0810 16:11:39 ds4-server: chat ctx=6232..6282:50 gen=6100 THINKING decoding chunk=25.03 t/s avg=24.49 t/s 249.030s
0810 16:11:41 ds4-server: chat ctx=6282..6332:50 gen=6150 THINKING decoding chunk=24.86 t/s avg=24.50 t/s 251.041s
0810 16:11:43 ds4-server: chat ctx=6332..6382:50 gen=6200 THINKING decoding chunk=24.58 t/s avg=24.50 t/s 253.075s
0810 16:11:45 ds4-server: chat ctx=6382..6432:50 gen=6250 THINKING decoding chunk=24.35 t/s avg=24.50 t/s 255.128s
0810 16:11:47 ds4-server: chat ctx=6432..6482:50 gen=6300 THINKING decoding chunk=24.72 t/s avg=24.50 t/s 257.151s
0810 16:11:49 ds4-server: chat ctx=6482..6532:50 gen=6350 THINKING decoding chunk=24.40 t/s avg=24.50 t/s 259.200s
0810 16:11:51 ds4-server: chat ctx=6532..6582:50 gen=6400 THINKING decoding chunk=24.88 t/s avg=24.50 t/s 261.210s
0810 16:11:53 ds4-server: chat ctx=6582..6632:50 gen=6450 THINKING decoding chunk=24.90 t/s avg=24.50 t/s 263.218s
0810 16:11:55 ds4-server: chat ctx=6632..6682:50 gen=6500 THINKING decoding chunk=25.02 t/s avg=24.51 t/s 265.216s
0810 16:11:57 ds4-server: chat ctx=6682..6732:50 gen=6550 THINKING decoding chunk=24.81 t/s avg=24.51 t/s 267.231s
0810 16:11:59 ds4-server: chat ctx=6732..6782:50 gen=6600 THINKING decoding chunk=24.73 t/s avg=24.51 t/s 269.253s
0810 16:12:01 ds4-server: chat ctx=6782..6832:50 gen=6650 THINKING decoding chunk=24.68 t/s avg=24.51 t/s 271.279s
0810 16:12:03 ds4-server: chat ctx=6832..6882:50 gen=6700 THINKING decoding chunk=25.00 t/s avg=24.52 t/s 273.279s
0810 16:12:05 ds4-server: chat ctx=6882..6932:50 gen=6750 THINKING decoding chunk=24.80 t/s avg=24.52 t/s 275.295s
0810 16:12:07 ds4-server: chat ctx=6932..6982:50 gen=6800 THINKING decoding chunk=24.80 t/s avg=24.52 t/s 277.311s
0810 16:12:09 ds4-server: chat ctx=6982..7032:50 gen=6850 THINKING decoding chunk=24.81 t/s avg=24.52 t/s 279.326s
0810 16:12:11 ds4-server: chat ctx=7032..7082:50 gen=6900 THINKING decoding chunk=24.71 t/s avg=24.52 t/s 281.349s
0810 16:12:13 ds4-server: chat ctx=7082..7132:50 gen=6950 THINKING decoding chunk=24.51 t/s avg=24.52 t/s 283.389s
0810 16:12:15 ds4-server: chat ctx=7132..7182:50 gen=7000 THINKING decoding chunk=24.58 t/s avg=24.52 t/s 285.424s
0810 16:12:17 ds4-server: chat ctx=7182..7232:50 gen=7050 THINKING decoding chunk=24.46 t/s avg=24.52 t/s 287.468s
0810 16:12:19 ds4-server: chat ctx=7232..7282:50 gen=7100 THINKING decoding chunk=24.44 t/s avg=24.52 t/s 289.513s
0810 16:12:21 ds4-server: chat ctx=7282..7332:50 gen=7150 THINKING decoding chunk=24.48 t/s avg=24.52 t/s 291.556s
0810 16:12:23 ds4-server: chat ctx=7332..7382:50 gen=7200 THINKING decoding chunk=24.63 t/s avg=24.52 t/s 293.586s
0810 16:12:25 ds4-server: chat ctx=7382..7432:50 gen=7250 THINKING decoding chunk=24.72 t/s avg=24.53 t/s 295.608s
0810 16:12:27 ds4-server: chat ctx=7432..7482:50 gen=7300 THINKING decoding chunk=25.00 t/s avg=24.53 t/s 297.609s
0810 16:12:29 ds4-server: chat ctx=7482..7532:50 gen=7350 THINKING decoding chunk=25.55 t/s avg=24.54 t/s 299.566s
0810 16:12:31 ds4-server: chat ctx=7532..7582:50 gen=7400 THINKING decoding chunk=25.13 t/s avg=24.54 t/s 301.555s
0810 16:12:33 ds4-server: chat ctx=7582..7632:50 gen=7450 THINKING decoding chunk=24.69 t/s avg=24.54 t/s 303.580s
0810 16:12:35 ds4-server: chat ctx=7632..7682:50 gen=7500 THINKING decoding chunk=24.83 t/s avg=24.54 t/s 305.594s
0810 16:12:37 ds4-server: chat ctx=7682..7732:50 gen=7550 THINKING decoding chunk=25.16 t/s avg=24.55 t/s 307.581s
0810 16:12:39 ds4-server: chat ctx=7732..7782:50 gen=7600 THINKING decoding chunk=24.71 t/s avg=24.55 t/s 309.604s
0810 16:12:41 ds4-server: chat ctx=7782..7832:50 gen=7650 THINKING decoding chunk=24.70 t/s avg=24.55 t/s 311.629s
0810 16:12:43 ds4-server: chat ctx=7832..7882:50 gen=7700 THINKING decoding chunk=24.55 t/s avg=24.55 t/s 313.665s
0810 16:12:45 ds4-server: chat ctx=7882..7932:50 gen=7750 THINKING decoding chunk=24.56 t/s avg=24.55 t/s 315.701s
0810 16:12:47 ds4-server: chat ctx=7932..7982:50 gen=7800 THINKING decoding chunk=25.11 t/s avg=24.55 t/s 317.692s
0810 16:12:49 ds4-server: chat ctx=7982..8032:50 gen=7850 THINKING decoding chunk=24.54 t/s avg=24.55 t/s 319.730s
0810 16:12:51 ds4-server: chat ctx=8032..8082:50 gen=7900 THINKING decoding chunk=24.72 t/s avg=24.55 t/s 321.752s
0810 16:12:53 ds4-server: chat ctx=8082..8132:50 gen=7950 THINKING decoding chunk=24.85 t/s avg=24.55 t/s 323.765s
0810 16:12:55 ds4-server: chat ctx=8132..8182:50 gen=8000 THINKING decoding chunk=24.63 t/s avg=24.56 t/s 325.795s
0810 16:12:57 ds4-server: chat ctx=8182..8232:50 gen=8050 THINKING decoding chunk=24.48 t/s avg=24.55 t/s 327.838s
0810 16:13:00 ds4-server: chat ctx=8232..8282:50 gen=8100 THINKING decoding chunk=24.59 t/s avg=24.56 t/s 329.871s
0810 16:13:02 ds4-server: chat ctx=8282..8332:50 gen=8150 THINKING decoding chunk=24.83 t/s avg=24.56 t/s 331.884s
0810 16:13:03 ds4-server: chat ctx=8332..8374:42 gen=8192 THINKING decoding chunk=24.94 t/s avg=24.56 t/s 333.568s
ds4-server: thinking not closed, ignoring incomplete DSML in reasoning
0810 16:13:03 ds4-server: chat ctx=0..182:182 gen=8192 THINKING finish=length 350.682s
0810 16:13:03 ds4-server: live kv cache miss live=8374 prompt=199 common=43 reason=token-mismatch
0810 16:13:03 ds4-server: chat ctx=0..199:199 prompt start
0810 16:13:21 ds4-server: chat ctx=0..199:199 prompt done 17.495s
0810 16:13:26 ds4-server: chat ctx=199..249:50 gen=50 THINKING decoding chunk=9.11 t/s avg=9.11 t/s 5.491s
0810 16:13:29 ds4-server: chat ctx=249..299:50 gen=100 THINKING decoding chunk=19.87 t/s avg=12.49 t/s 8.006s
0810 16:13:31 ds4-server: chat ctx=299..349:50 gen=150 THINKING decoding chunk=23.43 t/s avg=14.79 t/s 10.140s
0810 16:13:33 ds4-server: chat ctx=349..399:50 gen=200 THINKING decoding chunk=24.98 t/s avg=16.47 t/s 12.142s
0810 16:13:35 ds4-server: chat ctx=399..449:50 gen=250 THINKING decoding chunk=21.69 t/s avg=17.30 t/s 14.448s
0810 16:13:37 ds4-server: chat ctx=449..499:50 gen=300 THINKING decoding chunk=22.73 t/s avg=18.02 t/s 16.647s
0810 16:13:40 ds4-server: chat ctx=499..549:50 gen=350 THINKING decoding chunk=21.46 t/s avg=18.44 t/s 18.978s
0810 16:13:42 ds4-server: chat ctx=549..599:50 gen=400 THINKING decoding chunk=21.71 t/s avg=18.80 t/s 21.281s
0810 16:13:44 ds4-server: chat ctx=599..638:39 gen=439 decoding chunk=21.80 t/s avg=19.03 t/s 23.070s
0810 16:13:44 ds4-server: thinking live checkpoint remembered ctx=0..199:199 live=638 visible=878
0810 16:13:44 ds4-server: chat ctx=0..199:199 gen=439 finish=stop 40.566s
0810 16:13:44 ds4-server: live kv cache miss live=638 prompt=185 common=43 reason=token-mismatch
0810 16:13:44 ds4-server: chat ctx=0..185:185 prompt start
0810 16:14:01 ds4-server: chat ctx=0..185:185 prompt done 17.537s
0810 16:14:06 ds4-server: chat ctx=185..235:50 gen=50 THINKING decoding chunk=10.80 t/s avg=10.80 t/s 4.629s
0810 16:14:08 ds4-server: chat ctx=235..285:50 gen=100 THINKING decoding chunk=23.42 t/s avg=14.78 t/s 6.764s
0810 16:14:10 ds4-server: chat ctx=285..335:50 gen=150 THINKING decoding chunk=23.81 t/s avg=16.92 t/s 8.864s
0810 16:14:12 ds4-server: chat ctx=335..385:50 gen=200 THINKING decoding chunk=22.86 t/s avg=18.10 t/s 11.052s
0810 16:14:14 ds4-server: chat ctx=385..435:50 gen=250 THINKING decoding chunk=23.94 t/s avg=19.03 t/s 13.140s
0810 16:14:17 ds4-server: chat ctx=435..485:50 gen=300 THINKING decoding chunk=24.51 t/s avg=19.76 t/s 15.180s
0810 16:14:19 ds4-server: chat ctx=485..535:50 gen=350 THINKING decoding chunk=24.79 t/s avg=20.35 t/s 17.197s
0810 16:14:21 ds4-server: chat ctx=535..585:50 gen=400 THINKING decoding chunk=24.84 t/s avg=20.82 t/s 19.210s
0810 16:14:23 ds4-server: chat ctx=585..635:50 gen=450 THINKING decoding chunk=25.30 t/s avg=21.24 t/s 21.187s
0810 16:14:25 ds4-server: chat ctx=635..685:50 gen=500 THINKING decoding chunk=25.45 t/s avg=21.60 t/s 23.151s
0810 16:14:26 ds4-server: chat ctx=685..735:50 gen=550 THINKING decoding chunk=25.36 t/s avg=21.89 t/s 25.123s
0810 16:14:28 ds4-server: chat ctx=735..785:50 gen=600 THINKING decoding chunk=25.07 t/s avg=22.13 t/s 27.117s
0810 16:14:31 ds4-server: chat ctx=785..835:50 gen=650 THINKING decoding chunk=23.35 t/s avg=22.22 t/s 29.259s
0810 16:14:33 ds4-server: chat ctx=835..885:50 gen=700 THINKING decoding chunk=23.47 t/s avg=22.30 t/s 31.389s
0810 16:14:35 ds4-server: chat ctx=885..935:50 gen=750 THINKING decoding chunk=24.78 t/s avg=22.45 t/s 33.407s
0810 16:14:37 ds4-server: chat ctx=935..985:50 gen=800 THINKING decoding chunk=23.19 t/s avg=22.49 t/s 35.564s
0810 16:14:39 ds4-server: chat ctx=985..1035:50 gen=850 decoding chunk=19.58 t/s avg=22.30 t/s 38.117s
0810 16:14:42 ds4-server: chat ctx=1035..1085:50 gen=900 decoding chunk=23.23 t/s avg=22.35 t/s 40.270s
0810 16:14:42 ds4-server: chat ctx=1085..1086:1 gen=901 decoding chunk=24.52 t/s avg=22.35 t/s 40.310s
0810 16:14:42 ds4-server: thinking live checkpoint remembered ctx=0..185:185 live=1086 visible=1077
0810 16:14:42 ds4-server: chat ctx=0..185:185 gen=901 finish=stop 57.847s
0810 16:14:42 ds4-server: live kv cache miss live=1086 prompt=144 common=45 reason=token-mismatch
0810 16:14:42 ds4-server: chat ctx=0..144:144 prompt start
0810 16:14:59 ds4-server: chat ctx=0..144:144 prompt done 17.221s
0810 16:15:03 ds4-server: chat ctx=144..194:50 gen=50 THINKING decoding chunk=10.92 t/s avg=10.92 t/s 4.580s
0810 16:15:06 ds4-server: chat ctx=194..244:50 gen=100 THINKING decoding chunk=23.89 t/s avg=14.98 t/s 6.673s
0810 16:15:08 ds4-server: chat ctx=244..294:50 gen=150 decoding chunk=25.37 t/s avg=17.35 t/s 8.644s
0810 16:15:10 ds4-server: chat ctx=294..343:49 gen=199 decoding chunk=23.39 t/s avg=18.53 t/s 10.739s
0810 16:15:10 ds4-server: thinking live checkpoint remembered ctx=0..144:144 live=343 visible=820
0810 16:15:10 ds4-server: chat ctx=0..144:144 gen=199 finish=stop 27.964s
0810 16:15:10 ds4-server: live kv cache miss live=343 prompt=187 common=45 reason=token-mismatch
0810 16:15:10 ds4-server: chat ctx=0..187:187 prompt start
0810 16:15:27 ds4-server: chat ctx=0..187:187 prompt done 16.968s
0810 16:15:31 ds4-server: chat ctx=187..237:50 gen=50 THINKING decoding chunk=11.37 t/s avg=11.37 t/s 4.398s
0810 16:15:33 ds4-server: chat ctx=237..287:50 gen=100 THINKING decoding chunk=24.14 t/s avg=15.46 t/s 6.469s
0810 16:15:35 ds4-server: chat ctx=287..337:50 gen=150 THINKING decoding chunk=24.19 t/s avg=17.57 t/s 8.537s
0810 16:15:37 ds4-server: chat ctx=337..387:50 gen=200 THINKING decoding chunk=24.56 t/s avg=18.92 t/s 10.573s
0810 16:15:39 ds4-server: chat ctx=387..437:50 gen=250 THINKING decoding chunk=23.57 t/s avg=19.69 t/s 12.694s
0810 16:15:42 ds4-server: chat ctx=437..487:50 gen=300 THINKING decoding chunk=21.58 t/s avg=19.99 t/s 15.011s
0810 16:15:44 ds4-server: chat ctx=487..537:50 gen=350 THINKING decoding chunk=23.45 t/s avg=20.42 t/s 17.143s
0810 16:15:46 ds4-server: chat ctx=537..587:50 gen=400 decoding chunk=23.88 t/s avg=20.79 t/s 19.237s
0810 16:15:48 ds4-server: chat ctx=587..637:50 gen=450 decoding chunk=25.06 t/s avg=21.19 t/s 21.232s
0810 16:15:49 ds4-server: chat ctx=637..654:17 gen=467 decoding chunk=26.32 t/s avg=21.35 t/s 21.878s
0810 16:15:49 ds4-server: thinking live checkpoint remembered ctx=0..187:187 live=654 visible=1104
0810 16:15:49 ds4-server: chat ctx=0..187:187 gen=467 finish=stop 38.850s
0810 16:15:49 ds4-server: live kv cache miss live=654 prompt=182 common=45 reason=token-mismatch
0810 16:15:49 ds4-server: chat ctx=0..182:182 prompt start
0810 16:16:06 ds4-server: chat ctx=0..182:182 prompt done 17.089s
0810 16:16:10 ds4-server: chat ctx=182..232:50 gen=50 THINKING decoding chunk=10.42 t/s avg=10.42 t/s 4.801s
0810 16:16:13 ds4-server: chat ctx=232..282:50 gen=100 THINKING decoding chunk=21.23 t/s avg=13.98 t/s 7.155s
0810 16:16:15 ds4-server: chat ctx=282..332:50 gen=150 THINKING decoding chunk=23.40 t/s avg=16.14 t/s 9.292s
0810 16:16:17 ds4-server: chat ctx=332..382:50 gen=200 THINKING decoding chunk=24.52 t/s avg=17.65 t/s 11.331s
0810 16:16:19 ds4-server: chat ctx=382..432:50 gen=250 THINKING decoding chunk=24.74 t/s avg=18.72 t/s 13.352s
0810 16:16:21 ds4-server: chat ctx=432..482:50 gen=300 THINKING decoding chunk=24.46 t/s avg=19.49 t/s 15.396s
0810 16:16:23 ds4-server: chat ctx=482..532:50 gen=350 THINKING decoding chunk=24.45 t/s avg=20.07 t/s 17.441s
0810 16:16:25 ds4-server: chat ctx=532..582:50 gen=400 decoding chunk=22.48 t/s avg=20.34 t/s 19.665s
0810 16:16:28 ds4-server: chat ctx=582..632:50 gen=450 decoding chunk=21.67 t/s avg=20.48 t/s 21.973s
0810 16:16:29 ds4-server: chat ctx=632..652:20 gen=470 decoding chunk=22.30 t/s avg=20.55 t/s 22.870s
0810 16:16:29 ds4-server: thinking live checkpoint remembered ctx=0..182:182 live=652 visible=1104
0810 16:16:29 ds4-server: chat ctx=0..182:182 gen=470 finish=stop 39.960s
0810 16:16:29 ds4-server: live kv cache miss live=652 prompt=122 common=45 reason=token-mismatch
0810 16:16:29 ds4-server: chat ctx=0..122:122 prompt start
0810 16:16:45 ds4-server: chat ctx=0..122:122 prompt done 16.970s
0810 16:16:50 ds4-server: chat ctx=122..172:50 gen=50 THINKING decoding chunk=10.97 t/s avg=10.97 t/s 4.556s
0810 16:16:52 ds4-server: chat ctx=172..222:50 gen=100 THINKING decoding chunk=23.36 t/s avg=14.93 t/s 6.697s
0810 16:16:54 ds4-server: chat ctx=222..272:50 gen=150 THINKING decoding chunk=24.06 t/s avg=17.09 t/s 8.775s
0810 16:16:56 ds4-server: chat ctx=272..322:50 gen=200 THINKING decoding chunk=23.83 t/s avg=18.39 t/s 10.873s
0810 16:16:58 ds4-server: chat ctx=322..372:50 gen=250 THINKING decoding chunk=24.05 t/s avg=19.30 t/s 12.952s
0810 16:17:00 ds4-server: chat ctx=372..422:50 gen=300 THINKING decoding chunk=25.36 t/s avg=20.10 t/s 14.924s
0810 16:17:02 ds4-server: chat ctx=422..472:50 gen=350 THINKING decoding chunk=25.32 t/s avg=20.71 t/s 16.898s
0810 16:17:04 ds4-server: chat ctx=472..522:50 gen=400 THINKING decoding chunk=26.67 t/s avg=21.31 t/s 18.773s
0810 16:17:06 ds4-server: chat ctx=522..572:50 gen=450 THINKING decoding chunk=23.46 t/s avg=21.53 t/s 20.905s
0810 16:17:08 ds4-server: chat ctx=572..622:50 gen=500 THINKING decoding chunk=24.35 t/s avg=21.78 t/s 22.958s
0810 16:17:10 ds4-server: chat ctx=622..672:50 gen=550 THINKING decoding chunk=24.84 t/s avg=22.03 t/s 24.971s
0810 16:17:13 ds4-server: chat ctx=672..722:50 gen=600 THINKING decoding chunk=21.70 t/s avg=22.00 t/s 27.275s
0810 16:17:15 ds4-server: chat ctx=722..772:50 gen=650 decoding chunk=20.65 t/s avg=21.89 t/s 29.695s
0810 16:17:17 ds4-server: chat ctx=772..822:50 gen=700 decoding chunk=23.84 t/s avg=22.02 t/s 31.792s
0810 16:17:18 ds4-server: chat ctx=822..831:9 gen=709 decoding chunk=26.77 t/s avg=22.07 t/s 32.129s
0810 16:17:18 ds4-server: thinking live checkpoint remembered ctx=0..122:122 live=831 visible=889
0810 16:17:18 ds4-server: chat ctx=0..122:122 gen=709 finish=stop 49.100s
0810 16:17:18 ds4-server: live kv cache miss live=831 prompt=136 common=45 reason=token-mismatch
0810 16:17:18 ds4-server: chat ctx=0..136:136 prompt start
0810 16:17:35 ds4-server: chat ctx=0..136:136 prompt done 17.684s
0810 16:17:40 ds4-server: chat ctx=136..186:50 gen=50 THINKING decoding chunk=10.33 t/s avg=10.33 t/s 4.839s
0810 16:17:42 ds4-server: chat ctx=186..236:50 gen=100 THINKING decoding chunk=22.53 t/s avg=14.17 t/s 7.058s
0810 16:17:45 ds4-server: chat ctx=236..286:50 gen=150 THINKING decoding chunk=23.27 t/s avg=16.29 t/s 9.206s
0810 16:17:47 ds4-server: chat ctx=286..336:50 gen=200 THINKING decoding chunk=22.46 t/s avg=17.49 t/s 11.433s
0810 16:17:49 ds4-server: chat ctx=336..386:50 gen=250 THINKING decoding chunk=23.33 t/s avg=18.42 t/s 13.576s
0810 16:17:51 ds4-server: chat ctx=386..436:50 gen=300 THINKING decoding chunk=22.09 t/s avg=18.94 t/s 15.839s
0810 16:17:53 ds4-server: chat ctx=436..486:50 gen=350 THINKING decoding chunk=24.48 t/s avg=19.57 t/s 17.882s
0810 16:17:55 ds4-server: chat ctx=486..536:50 gen=400 THINKING decoding chunk=24.34 t/s avg=20.06 t/s 19.936s
0810 16:17:57 ds4-server: chat ctx=536..586:50 gen=450 THINKING decoding chunk=22.80 t/s avg=20.34 t/s 22.128s
0810 16:18:00 ds4-server: chat ctx=586..636:50 gen=500 THINKING decoding chunk=19.87 t/s avg=20.29 t/s 24.645s
0810 16:18:02 ds4-server: chat ctx=636..686:50 gen=550 THINKING decoding chunk=21.59 t/s avg=20.40 t/s 26.961s
0810 16:18:04 ds4-server: chat ctx=686..736:50 gen=600 decoding chunk=23.58 t/s avg=20.63 t/s 29.081s
0810 16:18:06 ds4-server: chat ctx=736..786:50 gen=650 decoding chunk=24.20 t/s avg=20.87 t/s 31.147s
0810 16:18:08 ds4-server: chat ctx=786..824:38 gen=688 decoding chunk=25.59 t/s avg=21.08 t/s 32.632s
0810 16:18:08 ds4-server: thinking live checkpoint remembered ctx=0..136:136 live=824 visible=1090
0810 16:18:08 ds4-server: chat ctx=0..136:136 gen=688 finish=stop 50.317s
0810 16:18:08 ds4-server: live kv cache miss live=824 prompt=152 common=45 reason=token-mismatch
0810 16:18:08 ds4-server: chat ctx=0..152:152 prompt start
0810 16:18:25 ds4-server: chat ctx=0..152:152 prompt done 16.915s
0810 16:18:30 ds4-server: chat ctx=152..202:50 gen=50 THINKING decoding chunk=10.24 t/s avg=10.24 t/s 4.883s
0810 16:18:32 ds4-server: chat ctx=202..252:50 gen=100 THINKING decoding chunk=21.65 t/s avg=13.90 t/s 7.192s
0810 16:18:34 ds4-server: chat ctx=252..302:50 gen=150 THINKING decoding chunk=22.97 t/s avg=16.01 t/s 9.369s
0810 16:18:36 ds4-server: chat ctx=302..352:50 gen=200 THINKING decoding chunk=23.22 t/s avg=17.36 t/s 11.522s
0810 16:18:38 ds4-server: chat ctx=352..402:50 gen=250 THINKING decoding chunk=24.68 t/s avg=18.45 t/s 13.548s
0810 16:18:41 ds4-server: chat ctx=402..452:50 gen=300 THINKING decoding chunk=24.32 t/s avg=19.23 t/s 15.604s
0810 16:18:43 ds4-server: chat ctx=452..502:50 gen=350 THINKING decoding chunk=22.52 t/s avg=19.64 t/s 17.825s
0810 16:18:45 ds4-server: chat ctx=502..552:50 gen=400 THINKING decoding chunk=24.76 t/s avg=20.16 t/s 19.844s
0810 16:18:47 ds4-server: chat ctx=552..602:50 gen=450 THINKING decoding chunk=25.48 t/s avg=20.64 t/s 21.806s
0810 16:18:49 ds4-server: chat ctx=602..652:50 gen=500 THINKING decoding chunk=24.73 t/s avg=20.98 t/s 23.828s
0810 16:18:51 ds4-server: chat ctx=652..702:50 gen=550 THINKING decoding chunk=22.20 t/s avg=21.09 t/s 26.081s
0810 16:18:53 ds4-server: chat ctx=702..752:50 gen=600 THINKING decoding chunk=22.21 t/s avg=21.18 t/s 28.332s
0810 16:18:55 ds4-server: chat ctx=752..802:50 gen=650 THINKING decoding chunk=22.80 t/s avg=21.29 t/s 30.525s
0810 16:18:57 ds4-server: chat ctx=802..852:50 gen=700 THINKING decoding chunk=24.23 t/s avg=21.48 t/s 32.588s
0810 16:19:00 ds4-server: chat ctx=852..902:50 gen=750 THINKING decoding chunk=21.92 t/s avg=21.51 t/s 34.870s
0810 16:19:02 ds4-server: chat ctx=902..952:50 gen=800 decoding chunk=23.12 t/s avg=21.60 t/s 37.032s
0810 16:19:02 ds4-server: chat ctx=952..954:2 gen=802 decoding chunk=22.41 t/s avg=21.60 t/s 37.121s
0810 16:19:02 ds4-server: thinking live checkpoint remembered ctx=0..152:152 live=954 visible=848
0810 16:19:02 ds4-server: chat ctx=0..152:152 gen=802 finish=stop 54.037s
0810 16:19:02 ds4-server: live kv cache miss live=954 prompt=258 common=45 reason=token-mismatch
0810 16:19:02 ds4-server: chat ctx=0..258:258 prompt start
0810 16:19:19 ds4-server: chat ctx=0..258:258 prompt done 17.120s
0810 16:19:24 ds4-server: chat ctx=258..308:50 gen=50 THINKING decoding chunk=11.47 t/s avg=11.47 t/s 4.361s
0810 16:19:26 ds4-server: chat ctx=308..358:50 gen=100 THINKING decoding chunk=22.35 t/s avg=15.16 t/s 6.598s
0810 16:19:28 ds4-server: chat ctx=358..408:50 gen=150 THINKING decoding chunk=24.54 t/s avg=17.37 t/s 8.635s
0810 16:19:30 ds4-server: chat ctx=408..458:50 gen=200 THINKING decoding chunk=23.65 t/s avg=18.61 t/s 10.749s
0810 16:19:32 ds4-server: chat ctx=458..508:50 gen=250 THINKING decoding chunk=22.91 t/s avg=19.33 t/s 12.932s
0810 16:19:34 ds4-server: chat ctx=508..558:50 gen=300 THINKING decoding chunk=23.60 t/s avg=19.93 t/s 15.051s
0810 16:19:36 ds4-server: chat ctx=558..608:50 gen=350 THINKING decoding chunk=22.74 t/s avg=20.29 t/s 17.250s
0810 16:19:38 ds4-server: chat ctx=608..658:50 gen=400 THINKING decoding chunk=25.17 t/s avg=20.79 t/s 19.237s
0810 16:19:40 ds4-server: chat ctx=658..708:50 gen=450 THINKING decoding chunk=24.92 t/s avg=21.18 t/s 21.243s
0810 16:19:43 ds4-server: chat ctx=708..758:50 gen=500 decoding chunk=22.84 t/s avg=21.34 t/s 23.432s
0810 16:19:45 ds4-server: chat ctx=758..808:50 gen=550 decoding chunk=21.58 t/s avg=21.36 t/s 25.749s
0810 16:19:47 ds4-server: chat ctx=808..858:50 gen=600 decoding chunk=21.93 t/s avg=21.41 t/s 28.029s
0810 16:19:49 ds4-server: chat ctx=858..908:50 gen=650 decoding chunk=22.61 t/s avg=21.49 t/s 30.240s
0810 16:19:50 ds4-server: chat ctx=908..921:13 gen=663 decoding chunk=23.04 t/s avg=21.52 t/s 30.805s
0810 16:19:50 ds4-server: thinking live checkpoint remembered ctx=0..258:258 live=921 visible=1715
0810 16:19:50 ds4-server: chat ctx=0..258:258 gen=663 finish=stop 47.925s
0810 16:19:50 ds4-server: live kv cache miss live=921 prompt=211 common=43 reason=token-mismatch
0810 16:19:50 ds4-server: chat ctx=0..211:211 prompt start
0810 16:20:07 ds4-server: chat ctx=0..211:211 prompt done 17.194s
0810 16:20:12 ds4-server: chat ctx=211..261:50 gen=50 THINKING decoding chunk=10.59 t/s avg=10.59 t/s 4.722s
0810 16:20:14 ds4-server: chat ctx=261..311:50 gen=100 THINKING decoding chunk=22.13 t/s avg=14.32 t/s 6.981s
0810 16:20:16 ds4-server: chat ctx=311..361:50 gen=150 THINKING decoding chunk=23.49 t/s avg=16.47 t/s 9.110s
0810 16:20:18 ds4-server: chat ctx=361..411:50 gen=200 THINKING decoding chunk=23.86 t/s avg=17.85 t/s 11.206s
0810 16:20:20 ds4-server: chat ctx=411..461:50 gen=250 THINKING decoding chunk=25.21 t/s avg=18.96 t/s 13.189s
0810 16:20:22 ds4-server: chat ctx=461..511:50 gen=300 THINKING decoding chunk=25.16 t/s avg=19.77 t/s 15.176s
0810 16:20:24 ds4-server: chat ctx=511..561:50 gen=350 THINKING decoding chunk=23.53 t/s avg=20.23 t/s 17.301s
0810 16:20:27 ds4-server: chat ctx=561..611:50 gen=400 THINKING decoding chunk=24.34 t/s avg=20.67 t/s 19.355s
0810 16:20:29 ds4-server: chat ctx=611..661:50 gen=450 THINKING decoding chunk=25.34 t/s avg=21.10 t/s 21.328s
0810 16:20:31 ds4-server: chat ctx=661..711:50 gen=500 THINKING decoding chunk=23.30 t/s avg=21.30 t/s 23.475s
0810 16:20:33 ds4-server: chat ctx=711..761:50 gen=550 THINKING decoding chunk=21.30 t/s avg=21.30 t/s 25.822s
0810 16:20:35 ds4-server: chat ctx=761..811:50 gen=600 THINKING decoding chunk=20.37 t/s avg=21.22 t/s 28.276s
0810 16:20:38 ds4-server: chat ctx=811..861:50 gen=650 THINKING decoding chunk=20.78 t/s avg=21.18 t/s 30.682s
0810 16:20:40 ds4-server: chat ctx=861..911:50 gen=700 THINKING decoding chunk=22.91 t/s avg=21.30 t/s 32.865s
0810 16:20:42 ds4-server: chat ctx=911..961:50 gen=750 decoding chunk=23.03 t/s avg=21.41 t/s 35.036s
0810 16:20:43 ds4-server: chat ctx=961..988:27 gen=777 decoding chunk=24.00 t/s avg=21.49 t/s 36.161s
0810 16:20:43 ds4-server: thinking live checkpoint remembered ctx=0..211:211 live=988 visible=1172
0810 16:20:43 ds4-server: chat ctx=0..211:211 gen=777 finish=stop 53.357s
0810 16:20:43 ds4-server: live kv cache miss live=988 prompt=191 common=43 reason=token-mismatch
0810 16:20:43 ds4-server: chat ctx=0..191:191 prompt start
0810 16:21:00 ds4-server: chat ctx=0..191:191 prompt done 17.074s
0810 16:21:05 ds4-server: chat ctx=191..241:50 gen=50 THINKING decoding chunk=11.26 t/s avg=11.26 t/s 4.440s
0810 16:21:07 ds4-server: chat ctx=241..291:50 gen=100 THINKING decoding chunk=22.89 t/s avg=15.10 t/s 6.624s
0810 16:21:09 ds4-server: chat ctx=291..341:50 gen=150 THINKING decoding chunk=23.44 t/s avg=17.13 t/s 8.757s
0810 16:21:11 ds4-server: chat ctx=341..391:50 gen=200 THINKING decoding chunk=22.86 t/s avg=18.27 t/s 10.945s
0810 16:21:14 ds4-server: chat ctx=391..441:50 gen=250 decoding chunk=22.93 t/s avg=19.05 t/s 13.125s
0810 16:21:16 ds4-server: chat ctx=441..491:50 gen=300 decoding chunk=23.89 t/s avg=19.71 t/s 15.219s
0810 16:21:17 ds4-server: chat ctx=491..517:26 gen=326 decoding chunk=24.16 t/s avg=20.01 t/s 16.295s
0810 16:21:17 ds4-server: thinking live checkpoint remembered ctx=0..191:191 live=517 visible=1292
0810 16:21:17 ds4-server: chat ctx=0..191:191 gen=326 finish=stop 33.372s
0810 16:21:17 ds4-server: live kv cache miss live=517 prompt=198 common=45 reason=token-mismatch
0810 16:21:17 ds4-server: chat ctx=0..198:198 prompt start
0810 16:21:34 ds4-server: chat ctx=0..198:198 prompt done 17.383s
0810 16:21:39 ds4-server: chat ctx=198..248:50 gen=50 THINKING decoding chunk=10.08 t/s avg=10.08 t/s 4.958s
0810 16:21:41 ds4-server: chat ctx=248..298:50 gen=100 THINKING decoding chunk=22.36 t/s avg=13.90 t/s 7.194s
0810 16:21:44 ds4-server: chat ctx=298..348:50 gen=150 THINKING decoding chunk=23.06 t/s avg=16.02 t/s 9.363s
0810 16:21:46 ds4-server: chat ctx=348..398:50 gen=200 THINKING decoding chunk=23.13 t/s avg=17.35 t/s 11.524s
0810 16:21:48 ds4-server: chat ctx=398..448:50 gen=250 THINKING decoding chunk=24.10 t/s avg=18.38 t/s 13.599s
0810 16:21:50 ds4-server: chat ctx=448..498:50 gen=300 THINKING decoding chunk=24.20 t/s avg=19.15 t/s 15.665s
0810 16:21:52 ds4-server: chat ctx=498..548:50 gen=350 THINKING decoding chunk=23.28 t/s avg=19.65 t/s 17.812s
0810 16:21:54 ds4-server: chat ctx=548..598:50 gen=400 THINKING decoding chunk=23.43 t/s avg=20.05 t/s 19.947s
0810 16:21:56 ds4-server: chat ctx=598..648:50 gen=450 THINKING decoding chunk=25.12 t/s avg=20.51 t/s 21.937s
0810 16:21:58 ds4-server: chat ctx=648..698:50 gen=500 THINKING decoding chunk=22.14 t/s avg=20.67 t/s 24.195s
0810 16:22:00 ds4-server: chat ctx=698..748:50 gen=550 decoding chunk=25.26 t/s avg=21.01 t/s 26.175s
0810 16:22:02 ds4-server: chat ctx=748..798:50 gen=600 decoding chunk=24.77 t/s avg=21.28 t/s 28.193s
0810 16:22:03 ds4-server: chat ctx=798..809:11 gen=611 decoding chunk=26.19 t/s avg=21.35 t/s 28.613s
0810 16:22:03 ds4-server: thinking live checkpoint remembered ctx=0..198:198 live=809 visible=1117
0810 16:22:03 ds4-server: chat ctx=0..198:198 gen=611 finish=stop 45.997s
0810 16:22:03 ds4-server: live kv cache miss live=809 prompt=156 common=45 reason=token-mismatch
0810 16:22:03 ds4-server: chat ctx=0..156:156 prompt start
0810 16:22:21 ds4-server: chat ctx=0..156:156 prompt done 17.975s
0810 16:22:25 ds4-server: chat ctx=156..206:50 gen=50 THINKING decoding chunk=10.88 t/s avg=10.88 t/s 4.594s
0810 16:22:28 ds4-server: chat ctx=206..256:50 gen=100 THINKING decoding chunk=22.52 t/s avg=14.68 t/s 6.814s
0810 16:22:30 ds4-server: chat ctx=256..306:50 gen=150 THINKING decoding chunk=21.99 t/s avg=16.51 t/s 9.087s
0810 16:22:32 ds4-server: chat ctx=306..356:50 gen=200 THINKING decoding chunk=24.23 t/s avg=17.94 t/s 11.151s
0810 16:22:34 ds4-server: chat ctx=356..406:50 gen=250 THINKING decoding chunk=23.13 t/s avg=18.78 t/s 13.312s
0810 16:22:36 ds4-server: chat ctx=406..456:50 gen=300 THINKING decoding chunk=24.59 t/s avg=19.55 t/s 15.346s
0810 16:22:38 ds4-server: chat ctx=456..506:50 gen=350 THINKING decoding chunk=25.13 t/s avg=20.19 t/s 17.335s
0810 16:22:40 ds4-server: chat ctx=506..556:50 gen=400 THINKING decoding chunk=25.27 t/s avg=20.71 t/s 19.314s
0810 16:22:42 ds4-server: chat ctx=556..606:50 gen=450 THINKING decoding chunk=25.33 t/s avg=21.14 t/s 21.288s
0810 16:22:44 ds4-server: chat ctx=606..656:50 gen=500 THINKING decoding chunk=24.92 t/s avg=21.46 t/s 23.295s
0810 16:22:46 ds4-server: chat ctx=656..706:50 gen=550 THINKING decoding chunk=25.13 t/s avg=21.75 t/s 25.284s
0810 16:22:48 ds4-server: chat ctx=706..756:50 gen=600 THINKING decoding chunk=25.58 t/s avg=22.03 t/s 27.239s
0810 16:22:50 ds4-server: chat ctx=756..806:50 gen=650 THINKING decoding chunk=22.99 t/s avg=22.10 t/s 29.414s
0810 16:22:52 ds4-server: chat ctx=806..856:50 gen=700 THINKING decoding chunk=23.36 t/s avg=22.18 t/s 31.554s
0810 16:22:54 ds4-server: chat ctx=856..906:50 gen=750 THINKING decoding chunk=25.35 t/s avg=22.37 t/s 33.527s
0810 16:22:56 ds4-server: chat ctx=906..956:50 gen=800 THINKING decoding chunk=26.10 t/s avg=22.57 t/s 35.443s
0810 16:22:58 ds4-server: chat ctx=956..1006:50 gen=850 THINKING decoding chunk=24.62 t/s avg=22.68 t/s 37.473s
0810 16:23:00 ds4-server: chat ctx=1006..1056:50 gen=900 THINKING decoding chunk=23.56 t/s avg=22.73 t/s 39.595s
0810 16:23:02 ds4-server: chat ctx=1056..1106:50 gen=950 THINKING decoding chunk=24.47 t/s avg=22.82 t/s 41.639s
0810 16:23:04 ds4-server: chat ctx=1106..1156:50 gen=1000 THINKING decoding chunk=25.20 t/s avg=22.92 t/s 43.623s
0810 16:23:06 ds4-server: chat ctx=1156..1206:50 gen=1050 THINKING decoding chunk=26.07 t/s avg=23.06 t/s 45.540s
0810 16:23:08 ds4-server: chat ctx=1206..1256:50 gen=1100 THINKING decoding chunk=25.50 t/s avg=23.16 t/s 47.501s
0810 16:23:10 ds4-server: chat ctx=1256..1306:50 gen=1150 THINKING decoding chunk=25.55 t/s avg=23.25 t/s 49.458s
0810 16:23:12 ds4-server: chat ctx=1306..1356:50 gen=1200 THINKING decoding chunk=25.69 t/s avg=23.34 t/s 51.404s
0810 16:23:14 ds4-server: chat ctx=1356..1406:50 gen=1250 THINKING decoding chunk=26.48 t/s avg=23.46 t/s 53.293s
0810 16:23:16 ds4-server: chat ctx=1406..1456:50 gen=1300 THINKING decoding chunk=25.90 t/s avg=23.54 t/s 55.224s
0810 16:23:19 ds4-server: chat ctx=1456..1506:50 gen=1350 THINKING decoding chunk=19.65 t/s avg=23.37 t/s 57.768s
0810 16:23:21 ds4-server: chat ctx=1506..1556:50 gen=1400 THINKING decoding chunk=25.38 t/s avg=23.44 t/s 59.738s
0810 16:23:22 ds4-server: chat ctx=1556..1606:50 gen=1450 THINKING decoding chunk=26.88 t/s avg=23.54 t/s 61.598s
0810 16:23:24 ds4-server: chat ctx=1606..1656:50 gen=1500 THINKING decoding chunk=25.01 t/s avg=23.59 t/s 63.597s
0810 16:23:26 ds4-server: chat ctx=1656..1706:50 gen=1550 THINKING decoding chunk=25.86 t/s avg=23.65 t/s 65.531s
0810 16:23:28 ds4-server: chat ctx=1706..1756:50 gen=1600 THINKING decoding chunk=24.65 t/s avg=23.68 t/s 67.560s
0810 16:23:30 ds4-server: chat ctx=1756..1806:50 gen=1650 THINKING decoding chunk=25.07 t/s avg=23.72 t/s 69.554s
0810 16:23:32 ds4-server: chat ctx=1806..1856:50 gen=1700 THINKING decoding chunk=24.81 t/s avg=23.75 t/s 71.569s
0810 16:23:34 ds4-server: chat ctx=1856..1906:50 gen=1750 THINKING decoding chunk=24.68 t/s avg=23.78 t/s 73.595s
0810 16:23:36 ds4-server: chat ctx=1906..1956:50 gen=1800 THINKING decoding chunk=25.45 t/s avg=23.82 t/s 75.560s
0810 16:23:38 ds4-server: chat ctx=1956..2006:50 gen=1850 THINKING decoding chunk=24.41 t/s avg=23.84 t/s 77.608s
0810 16:23:40 ds4-server: chat ctx=2006..2056:50 gen=1900 THINKING decoding chunk=24.90 t/s avg=23.86 t/s 79.616s
0810 16:23:42 ds4-server: chat ctx=2056..2106:50 gen=1950 THINKING decoding chunk=24.87 t/s avg=23.89 t/s 81.627s
0810 16:23:44 ds4-server: chat ctx=2106..2156:50 gen=2000 THINKING decoding chunk=25.46 t/s avg=23.93 t/s 83.591s
0810 16:23:46 ds4-server: chat ctx=2156..2206:50 gen=2050 THINKING decoding chunk=25.98 t/s avg=23.97 t/s 85.515s
0810 16:23:48 ds4-server: chat ctx=2206..2256:50 gen=2100 THINKING decoding chunk=25.86 t/s avg=24.01 t/s 87.449s
0810 16:23:50 ds4-server: chat ctx=2256..2306:50 gen=2150 THINKING decoding chunk=25.33 t/s avg=24.04 t/s 89.423s
0810 16:23:52 ds4-server: chat ctx=2306..2356:50 gen=2200 THINKING decoding chunk=25.56 t/s avg=24.08 t/s 91.379s
0810 16:23:54 ds4-server: chat ctx=2356..2406:50 gen=2250 THINKING decoding chunk=26.69 t/s avg=24.13 t/s 93.252s
0810 16:23:56 ds4-server: chat ctx=2406..2456:50 gen=2300 THINKING decoding chunk=25.15 t/s avg=24.15 t/s 95.240s
0810 16:23:58 ds4-server: chat ctx=2456..2506:50 gen=2350 THINKING decoding chunk=25.18 t/s avg=24.17 t/s 97.226s
0810 16:24:00 ds4-server: chat ctx=2506..2556:50 gen=2400 THINKING decoding chunk=23.55 t/s avg=24.16 t/s 99.350s
0810 16:24:02 ds4-server: chat ctx=2556..2606:50 gen=2450 THINKING decoding chunk=26.00 t/s avg=24.19 t/s 101.273s
0810 16:24:04 ds4-server: chat ctx=2606..2656:50 gen=2500 THINKING decoding chunk=25.17 t/s avg=24.21 t/s 103.259s
0810 16:24:06 ds4-server: chat ctx=2656..2706:50 gen=2550 THINKING decoding chunk=24.80 t/s avg=24.22 t/s 105.275s
0810 16:24:08 ds4-server: chat ctx=2706..2756:50 gen=2600 THINKING decoding chunk=25.65 t/s avg=24.25 t/s 107.224s
0810 16:24:10 ds4-server: chat ctx=2756..2806:50 gen=2650 THINKING decoding chunk=25.81 t/s avg=24.28 t/s 109.162s
0810 16:24:12 ds4-server: chat ctx=2806..2856:50 gen=2700 THINKING decoding chunk=25.09 t/s avg=24.29 t/s 111.155s
0810 16:24:14 ds4-server: chat ctx=2856..2906:50 gen=2750 THINKING decoding chunk=25.29 t/s avg=24.31 t/s 113.132s
0810 16:24:16 ds4-server: chat ctx=2906..2956:50 gen=2800 THINKING decoding chunk=20.68 t/s avg=24.23 t/s 115.549s
0810 16:24:19 ds4-server: chat ctx=2956..3006:50 gen=2850 THINKING decoding chunk=20.48 t/s avg=24.15 t/s 117.991s
0810 16:24:21 ds4-server: chat ctx=3006..3056:50 gen=2900 THINKING decoding chunk=20.50 t/s avg=24.08 t/s 120.430s
0810 16:24:24 ds4-server: chat ctx=3056..3106:50 gen=2950 THINKING decoding chunk=21.87 t/s avg=24.04 t/s 122.716s
0810 16:24:26 ds4-server: chat ctx=3106..3156:50 gen=3000 THINKING decoding chunk=23.41 t/s avg=24.03 t/s 124.852s
0810 16:24:28 ds4-server: chat ctx=3156..3206:50 gen=3050 THINKING decoding chunk=22.59 t/s avg=24.00 t/s 127.066s
0810 16:24:30 ds4-server: chat ctx=3206..3256:50 gen=3100 THINKING decoding chunk=23.22 t/s avg=23.99 t/s 129.219s
0810 16:24:32 ds4-server: chat ctx=3256..3306:50 gen=3150 THINKING decoding chunk=23.69 t/s avg=23.99 t/s 131.330s
0810 16:24:34 ds4-server: chat ctx=3306..3356:50 gen=3200 THINKING decoding chunk=24.15 t/s avg=23.99 t/s 133.401s
0810 16:24:36 ds4-server: chat ctx=3356..3406:50 gen=3250 THINKING decoding chunk=23.75 t/s avg=23.98 t/s 135.506s
0810 16:24:38 ds4-server: chat ctx=3406..3456:50 gen=3300 THINKING decoding chunk=23.02 t/s avg=23.97 t/s 137.677s
0810 16:24:41 ds4-server: chat ctx=3456..3506:50 gen=3350 THINKING decoding chunk=24.42 t/s avg=23.98 t/s 139.725s
0810 16:24:43 ds4-server: chat ctx=3506..3556:50 gen=3400 THINKING decoding chunk=24.01 t/s avg=23.98 t/s 141.808s
0810 16:24:45 ds4-server: chat ctx=3556..3606:50 gen=3450 THINKING decoding chunk=20.43 t/s avg=23.92 t/s 144.255s
0810 16:24:47 ds4-server: chat ctx=3606..3656:50 gen=3500 THINKING decoding chunk=22.41 t/s avg=23.89 t/s 146.486s
0810 16:24:49 ds4-server: chat ctx=3656..3706:50 gen=3550 THINKING decoding chunk=23.81 t/s avg=23.89 t/s 148.585s
0810 16:24:51 ds4-server: chat ctx=3706..3756:50 gen=3600 THINKING decoding chunk=24.06 t/s avg=23.89 t/s 150.663s
0810 16:24:53 ds4-server: chat ctx=3756..3806:50 gen=3650 THINKING decoding chunk=24.47 t/s avg=23.90 t/s 152.707s
0810 16:24:56 ds4-server: chat ctx=3806..3856:50 gen=3700 THINKING decoding chunk=24.08 t/s avg=23.90 t/s 154.783s
0810 16:24:58 ds4-server: chat ctx=3856..3906:50 gen=3750 THINKING decoding chunk=23.41 t/s avg=23.90 t/s 156.918s
0810 16:25:00 ds4-server: chat ctx=3906..3956:50 gen=3800 THINKING decoding chunk=23.97 t/s avg=23.90 t/s 159.004s
0810 16:25:02 ds4-server: chat ctx=3956..4006:50 gen=3850 THINKING decoding chunk=23.69 t/s avg=23.90 t/s 161.115s
0810 16:25:04 ds4-server: chat ctx=4006..4056:50 gen=3900 THINKING decoding chunk=23.14 t/s avg=23.89 t/s 163.275s
0810 16:25:06 ds4-server: chat ctx=4056..4106:50 gen=3950 THINKING decoding chunk=23.30 t/s avg=23.88 t/s 165.421s
0810 16:25:08 ds4-server: chat ctx=4106..4156:50 gen=4000 THINKING decoding chunk=24.46 t/s avg=23.89 t/s 167.465s
0810 16:25:10 ds4-server: chat ctx=4156..4206:50 gen=4050 THINKING decoding chunk=24.62 t/s avg=23.89 t/s 169.496s
0810 16:25:13 ds4-server: chat ctx=4206..4256:50 gen=4100 THINKING decoding chunk=21.59 t/s avg=23.86 t/s 171.812s
0810 16:25:15 ds4-server: chat ctx=4256..4306:50 gen=4150 THINKING decoding chunk=19.52 t/s avg=23.80 t/s 174.373s
0810 16:25:18 ds4-server: chat ctx=4306..4356:50 gen=4200 THINKING decoding chunk=21.08 t/s avg=23.76 t/s 176.745s
0810 16:25:20 ds4-server: chat ctx=4356..4406:50 gen=4250 THINKING decoding chunk=22.19 t/s avg=23.74 t/s 178.998s
0810 16:25:22 ds4-server: chat ctx=4406..4456:50 gen=4300 THINKING decoding chunk=21.65 t/s avg=23.72 t/s 181.307s
0810 16:25:24 ds4-server: chat ctx=4456..4506:50 gen=4350 THINKING decoding chunk=24.09 t/s avg=23.72 t/s 183.383s
0810 16:25:26 ds4-server: chat ctx=4506..4556:50 gen=4400 THINKING decoding chunk=24.22 t/s avg=23.73 t/s 185.447s
0810 16:25:28 ds4-server: chat ctx=4556..4606:50 gen=4450 THINKING decoding chunk=23.45 t/s avg=23.72 t/s 187.579s
0810 16:25:30 ds4-server: chat ctx=4606..4656:50 gen=4500 THINKING decoding chunk=23.64 t/s avg=23.72 t/s 189.694s
0810 16:25:33 ds4-server: chat ctx=4656..4706:50 gen=4550 THINKING decoding chunk=23.07 t/s avg=23.72 t/s 191.862s
0810 16:25:35 ds4-server: chat ctx=4706..4756:50 gen=4600 THINKING decoding chunk=20.82 t/s avg=23.68 t/s 194.263s
0810 16:25:37 ds4-server: chat ctx=4756..4806:50 gen=4650 THINKING decoding chunk=22.02 t/s avg=23.66 t/s 196.534s
0810 16:25:39 ds4-server: chat ctx=4806..4856:50 gen=4700 THINKING decoding chunk=23.96 t/s avg=23.66 t/s 198.621s
0810 16:25:42 ds4-server: chat ctx=4856..4906:50 gen=4750 THINKING decoding chunk=20.50 t/s avg=23.62 t/s 201.060s
0810 16:25:44 ds4-server: chat ctx=4906..4956:50 gen=4800 THINKING decoding chunk=22.83 t/s avg=23.62 t/s 203.251s
0810 16:25:46 ds4-server: chat ctx=4956..5006:50 gen=4850 THINKING decoding chunk=20.44 t/s avg=23.58 t/s 205.697s
0810 16:25:49 ds4-server: chat ctx=5006..5056:50 gen=4900 THINKING decoding chunk=22.85 t/s avg=23.57 t/s 207.884s
0810 16:25:51 ds4-server: chat ctx=5056..5106:50 gen=4950 THINKING decoding chunk=23.14 t/s avg=23.57 t/s 210.045s
0810 16:25:53 ds4-server: chat ctx=5106..5156:50 gen=5000 THINKING decoding chunk=22.32 t/s avg=23.55 t/s 212.285s
0810 16:25:55 ds4-server: chat ctx=5156..5206:50 gen=5050 THINKING decoding chunk=22.74 t/s avg=23.54 t/s 214.484s
0810 16:25:58 ds4-server: chat ctx=5206..5256:50 gen=5100 THINKING decoding chunk=21.99 t/s avg=23.53 t/s 216.758s
0810 16:26:00 ds4-server: chat ctx=5256..5306:50 gen=5150 THINKING decoding chunk=24.80 t/s avg=23.54 t/s 218.774s
0810 16:26:02 ds4-server: chat ctx=5306..5356:50 gen=5200 THINKING decoding chunk=22.87 t/s avg=23.53 t/s 220.960s
0810 16:26:04 ds4-server: chat ctx=5356..5406:50 gen=5250 THINKING decoding chunk=22.40 t/s avg=23.52 t/s 223.192s
0810 16:26:06 ds4-server: chat ctx=5406..5456:50 gen=5300 THINKING decoding chunk=23.20 t/s avg=23.52 t/s 225.347s
0810 16:26:08 ds4-server: chat ctx=5456..5506:50 gen=5350 THINKING decoding chunk=23.09 t/s avg=23.52 t/s 227.513s
0810 16:26:11 ds4-server: chat ctx=5506..5556:50 gen=5400 THINKING decoding chunk=21.30 t/s avg=23.49 t/s 229.860s
0810 16:26:13 ds4-server: chat ctx=5556..5606:50 gen=5450 THINKING decoding chunk=21.69 t/s avg=23.47 t/s 232.165s
0810 16:26:16 ds4-server: chat ctx=5606..5656:50 gen=5500 THINKING decoding chunk=19.28 t/s avg=23.43 t/s 234.759s
0810 16:26:18 ds4-server: chat ctx=5656..5706:50 gen=5550 THINKING decoding chunk=21.89 t/s avg=23.41 t/s 237.043s
0810 16:26:20 ds4-server: chat ctx=5706..5756:50 gen=5600 THINKING decoding chunk=21.73 t/s avg=23.40 t/s 239.344s
0810 16:26:22 ds4-server: chat ctx=5756..5806:50 gen=5650 THINKING decoding chunk=23.00 t/s avg=23.39 t/s 241.518s
0810 16:26:25 ds4-server: chat ctx=5806..5856:50 gen=5700 THINKING decoding chunk=22.67 t/s avg=23.39 t/s 243.724s
0810 16:26:27 ds4-server: chat ctx=5856..5906:50 gen=5750 THINKING decoding chunk=24.40 t/s avg=23.40 t/s 245.773s
0810 16:26:29 ds4-server: chat ctx=5906..5956:50 gen=5800 THINKING decoding chunk=23.11 t/s avg=23.39 t/s 247.937s
0810 16:26:31 ds4-server: chat ctx=5956..6006:50 gen=5850 THINKING decoding chunk=21.00 t/s avg=23.37 t/s 250.318s
0810 16:26:33 ds4-server: chat ctx=6006..6056:50 gen=5900 THINKING decoding chunk=23.16 t/s avg=23.37 t/s 252.476s
0810 16:26:35 ds4-server: chat ctx=6056..6106:50 gen=5950 THINKING decoding chunk=22.82 t/s avg=23.36 t/s 254.667s
0810 16:26:38 ds4-server: chat ctx=6106..6156:50 gen=6000 THINKING decoding chunk=20.78 t/s avg=23.34 t/s 257.074s
0810 16:26:40 ds4-server: chat ctx=6156..6206:50 gen=6050 THINKING decoding chunk=23.62 t/s avg=23.34 t/s 259.191s
0810 16:26:42 ds4-server: chat ctx=6206..6256:50 gen=6100 THINKING decoding chunk=20.16 t/s avg=23.31 t/s 261.672s
0810 16:26:45 ds4-server: chat ctx=6256..6306:50 gen=6150 THINKING decoding chunk=22.63 t/s avg=23.31 t/s 263.882s
0810 16:26:47 ds4-server: chat ctx=6306..6356:50 gen=6200 THINKING decoding chunk=22.39 t/s avg=23.30 t/s 266.115s
0810 16:26:49 ds4-server: chat ctx=6356..6406:50 gen=6250 THINKING decoding chunk=22.84 t/s avg=23.29 t/s 268.304s
0810 16:26:51 ds4-server: chat ctx=6406..6456:50 gen=6300 THINKING decoding chunk=23.00 t/s avg=23.29 t/s 270.478s
0810 16:26:54 ds4-server: chat ctx=6456..6506:50 gen=6350 THINKING decoding chunk=22.26 t/s avg=23.28 t/s 272.724s
0810 16:26:56 ds4-server: chat ctx=6506..6556:50 gen=6400 THINKING decoding chunk=24.01 t/s avg=23.29 t/s 274.807s
0810 16:26:58 ds4-server: chat ctx=6556..6606:50 gen=6450 THINKING decoding chunk=22.88 t/s avg=23.29 t/s 276.992s
0810 16:27:00 ds4-server: chat ctx=6606..6656:50 gen=6500 THINKING decoding chunk=21.43 t/s avg=23.27 t/s 279.326s
0810 16:27:02 ds4-server: chat ctx=6656..6706:50 gen=6550 THINKING decoding chunk=23.96 t/s avg=23.28 t/s 281.412s
0810 16:27:04 ds4-server: chat ctx=6706..6756:50 gen=6600 THINKING decoding chunk=22.91 t/s avg=23.27 t/s 283.595s
0810 16:27:07 ds4-server: chat ctx=6756..6806:50 gen=6650 THINKING decoding chunk=23.13 t/s avg=23.27 t/s 285.757s
0810 16:27:09 ds4-server: chat ctx=6806..6856:50 gen=6700 THINKING decoding chunk=21.75 t/s avg=23.26 t/s 288.056s
0810 16:27:12 ds4-server: chat ctx=6856..6906:50 gen=6750 THINKING decoding chunk=18.63 t/s avg=23.22 t/s 290.739s
0810 16:27:14 ds4-server: chat ctx=6906..6956:50 gen=6800 THINKING decoding chunk=22.51 t/s avg=23.21 t/s 292.960s
0810 16:27:16 ds4-server: chat ctx=6956..7006:50 gen=6850 THINKING decoding chunk=21.99 t/s avg=23.20 t/s 295.234s
0810 16:27:18 ds4-server: chat ctx=7006..7056:50 gen=6900 THINKING decoding chunk=23.76 t/s avg=23.21 t/s 297.338s
0810 16:27:20 ds4-server: chat ctx=7056..7106:50 gen=6950 THINKING decoding chunk=22.59 t/s avg=23.20 t/s 299.552s
0810 16:27:22 ds4-server: chat ctx=7106..7156:50 gen=7000 THINKING decoding chunk=23.89 t/s avg=23.21 t/s 301.645s
0810 16:27:25 ds4-server: chat ctx=7156..7206:50 gen=7050 THINKING decoding chunk=22.90 t/s avg=23.20 t/s 303.828s
0810 16:27:27 ds4-server: chat ctx=7206..7256:50 gen=7100 THINKING decoding chunk=22.70 t/s avg=23.20 t/s 306.032s
0810 16:27:29 ds4-server: chat ctx=7256..7306:50 gen=7150 THINKING decoding chunk=22.67 t/s avg=23.20 t/s 308.237s
0810 16:27:31 ds4-server: chat ctx=7306..7356:50 gen=7200 THINKING decoding chunk=23.01 t/s avg=23.20 t/s 310.411s
0810 16:27:33 ds4-server: chat ctx=7356..7406:50 gen=7250 THINKING decoding chunk=21.92 t/s avg=23.19 t/s 312.692s
0810 16:27:36 ds4-server: chat ctx=7406..7456:50 gen=7300 THINKING decoding chunk=22.79 t/s avg=23.18 t/s 314.886s
0810 16:27:38 ds4-server: chat ctx=7456..7506:50 gen=7350 THINKING decoding chunk=21.83 t/s avg=23.17 t/s 317.177s
0810 16:27:40 ds4-server: chat ctx=7506..7556:50 gen=7400 THINKING decoding chunk=22.79 t/s avg=23.17 t/s 319.370s
0810 16:27:42 ds4-server: chat ctx=7556..7606:50 gen=7450 THINKING decoding chunk=23.20 t/s avg=23.17 t/s 321.525s
0810 16:27:44 ds4-server: chat ctx=7606..7656:50 gen=7500 THINKING decoding chunk=23.68 t/s avg=23.17 t/s 323.637s
0810 16:27:47 ds4-server: chat ctx=7656..7706:50 gen=7550 THINKING decoding chunk=23.15 t/s avg=23.17 t/s 325.796s
0810 16:27:49 ds4-server: chat ctx=7706..7756:50 gen=7600 THINKING decoding chunk=22.32 t/s avg=23.17 t/s 328.037s
0810 16:27:51 ds4-server: chat ctx=7756..7806:50 gen=7650 THINKING decoding chunk=23.49 t/s avg=23.17 t/s 330.165s
0810 16:27:53 ds4-server: chat ctx=7806..7856:50 gen=7700 THINKING decoding chunk=23.14 t/s avg=23.17 t/s 332.325s
0810 16:27:55 ds4-server: chat ctx=7856..7906:50 gen=7750 THINKING decoding chunk=22.25 t/s avg=23.16 t/s 334.572s
0810 16:27:57 ds4-server: chat ctx=7906..7956:50 gen=7800 THINKING decoding chunk=23.54 t/s avg=23.17 t/s 336.696s
0810 16:28:00 ds4-server: chat ctx=7956..8006:50 gen=7850 THINKING decoding chunk=22.46 t/s avg=23.16 t/s 338.923s
0810 16:28:02 ds4-server: chat ctx=8006..8056:50 gen=7900 THINKING decoding chunk=22.89 t/s avg=23.16 t/s 341.107s
0810 16:28:04 ds4-server: chat ctx=8056..8106:50 gen=7950 THINKING decoding chunk=21.88 t/s avg=23.15 t/s 343.392s
0810 16:28:07 ds4-server: chat ctx=8106..8156:50 gen=8000 THINKING decoding chunk=19.63 t/s avg=23.13 t/s 345.939s
0810 16:28:09 ds4-server: chat ctx=8156..8206:50 gen=8050 THINKING decoding chunk=21.20 t/s avg=23.11 t/s 348.297s
0810 16:28:11 ds4-server: chat ctx=8206..8256:50 gen=8100 THINKING decoding chunk=21.98 t/s avg=23.11 t/s 350.572s
0810 16:28:14 ds4-server: chat ctx=8256..8306:50 gen=8150 THINKING decoding chunk=22.82 t/s avg=23.10 t/s 352.763s
0810 16:28:15 ds4-server: chat ctx=8306..8348:42 gen=8192 THINKING decoding chunk=23.42 t/s avg=23.10 t/s 354.556s
ds4-server: thinking not closed, ignoring incomplete DSML in reasoning
0810 16:28:15 ds4-server: chat ctx=0..156:156 gen=8192 THINKING finish=length 372.535s
0810 16:28:15 ds4-server: live kv cache miss live=8348 prompt=160 common=45 reason=token-mismatch
0810 16:28:15 ds4-server: chat ctx=0..160:160 prompt start
0810 16:28:34 ds4-server: chat ctx=0..160:160 prompt done 18.210s
0810 16:28:38 ds4-server: chat ctx=160..210:50 gen=50 THINKING decoding chunk=10.71 t/s avg=10.71 t/s 4.671s
0810 16:28:40 ds4-server: chat ctx=210..260:50 gen=100 THINKING decoding chunk=22.54 t/s avg=14.52 t/s 6.889s
0810 16:28:43 ds4-server: chat ctx=260..310:50 gen=150 THINKING decoding chunk=22.29 t/s avg=16.43 t/s 9.132s
0810 16:28:45 ds4-server: chat ctx=310..360:50 gen=200 THINKING decoding chunk=24.85 t/s avg=17.95 t/s 11.144s
0810 16:28:47 ds4-server: chat ctx=360..410:50 gen=250 THINKING decoding chunk=24.83 t/s avg=19.00 t/s 13.158s
0810 16:28:49 ds4-server: chat ctx=410..460:50 gen=300 THINKING decoding chunk=25.40 t/s avg=19.83 t/s 15.126s
0810 16:28:51 ds4-server: chat ctx=460..510:50 gen=350 THINKING decoding chunk=25.76 t/s avg=20.51 t/s 17.067s
0810 16:28:53 ds4-server: chat ctx=510..560:50 gen=400 THINKING decoding chunk=24.46 t/s avg=20.93 t/s 19.112s
0810 16:28:55 ds4-server: chat ctx=560..610:50 gen=450 THINKING decoding chunk=24.50 t/s avg=21.27 t/s 21.152s
0810 16:28:57 ds4-server: chat ctx=610..660:50 gen=500 THINKING decoding chunk=25.23 t/s avg=21.61 t/s 23.134s
0810 16:28:59 ds4-server: chat ctx=660..710:50 gen=550 THINKING decoding chunk=26.69 t/s avg=21.99 t/s 25.008s
0810 16:29:01 ds4-server: chat ctx=710..760:50 gen=600 THINKING decoding chunk=24.54 t/s avg=22.18 t/s 27.046s
0810 16:29:03 ds4-server: chat ctx=760..810:50 gen=650 THINKING decoding chunk=22.86 t/s avg=22.24 t/s 29.233s
0810 16:29:05 ds4-server: chat ctx=810..860:50 gen=700 decoding chunk=20.81 t/s avg=22.13 t/s 31.636s
0810 16:29:06 ds4-server: chat ctx=860..886:26 gen=726 decoding chunk=22.57 t/s avg=22.14 t/s 32.788s
0810 16:29:06 ds4-server: thinking live checkpoint remembered ctx=0..160:160 live=886 visible=892
0810 16:29:06 ds4-server: chat ctx=0..160:160 gen=726 finish=stop 50.999s
0810 16:29:06 ds4-server: live kv cache miss live=886 prompt=208 common=45 reason=token-mismatch
0810 16:29:06 ds4-server: chat ctx=0..208:208 prompt start
0810 16:29:24 ds4-server: chat ctx=0..208:208 prompt done 17.385s
0810 16:29:28 ds4-server: chat ctx=208..258:50 gen=50 THINKING decoding chunk=10.72 t/s avg=10.72 t/s 4.664s
0810 16:29:31 ds4-server: chat ctx=258..308:50 gen=100 THINKING decoding chunk=21.67 t/s avg=14.34 t/s 6.972s
0810 16:29:33 ds4-server: chat ctx=308..358:50 gen=150 THINKING decoding chunk=24.84 t/s avg=16.70 t/s 8.984s
0810 16:29:35 ds4-server: chat ctx=358..408:50 gen=200 THINKING decoding chunk=24.53 t/s avg=18.14 t/s 11.022s
0810 16:29:37 ds4-server: chat ctx=408..458:50 gen=250 THINKING decoding chunk=23.85 t/s avg=19.06 t/s 13.119s
0810 16:29:39 ds4-server: chat ctx=458..508:50 gen=300 THINKING decoding chunk=24.35 t/s avg=19.77 t/s 15.173s
0810 16:29:41 ds4-server: chat ctx=508..558:50 gen=350 THINKING decoding chunk=24.89 t/s avg=20.37 t/s 17.182s
0810 16:29:43 ds4-server: chat ctx=558..608:50 gen=400 THINKING decoding chunk=24.42 t/s avg=20.80 t/s 19.229s
0810 16:29:45 ds4-server: chat ctx=608..658:50 gen=450 THINKING decoding chunk=24.74 t/s avg=21.18 t/s 21.250s
0810 16:29:47 ds4-server: chat ctx=658..708:50 gen=500 THINKING decoding chunk=25.61 t/s avg=21.55 t/s 23.203s
0810 16:29:49 ds4-server: chat ctx=708..758:50 gen=550 THINKING decoding chunk=24.07 t/s avg=21.76 t/s 25.280s
0810 16:29:51 ds4-server: chat ctx=758..808:50 gen=600 THINKING decoding chunk=24.78 t/s avg=21.98 t/s 27.298s
0810 16:29:53 ds4-server: chat ctx=808..858:50 gen=650 THINKING decoding chunk=24.99 t/s avg=22.19 t/s 29.298s
0810 16:29:55 ds4-server: chat ctx=858..908:50 gen=700 THINKING decoding chunk=25.61 t/s avg=22.40 t/s 31.251s
0810 16:29:57 ds4-server: chat ctx=908..958:50 gen=750 THINKING decoding chunk=25.03 t/s avg=22.56 t/s 33.248s
0810 16:29:59 ds4-server: chat ctx=958..1008:50 gen=800 THINKING decoding chunk=25.71 t/s avg=22.73 t/s 35.194s
0810 16:30:01 ds4-server: chat ctx=1008..1058:50 gen=850 THINKING decoding chunk=25.74 t/s avg=22.89 t/s 37.136s
0810 16:30:03 ds4-server: chat ctx=1058..1108:50 gen=900 THINKING decoding chunk=26.41 t/s avg=23.06 t/s 39.029s
0810 16:30:05 ds4-server: chat ctx=1108..1158:50 gen=950 THINKING decoding chunk=26.43 t/s avg=23.22 t/s 40.920s
0810 16:30:07 ds4-server: chat ctx=1158..1208:50 gen=1000 THINKING decoding chunk=25.73 t/s avg=23.33 t/s 42.863s
0810 16:30:09 ds4-server: chat ctx=1208..1258:50 gen=1050 THINKING decoding chunk=25.74 t/s avg=23.43 t/s 44.806s
0810 16:30:11 ds4-server: chat ctx=1258..1308:50 gen=1100 THINKING decoding chunk=25.69 t/s avg=23.53 t/s 46.752s
0810 16:30:12 ds4-server: chat ctx=1308..1358:50 gen=1150 THINKING decoding chunk=25.46 t/s avg=23.61 t/s 48.716s
0810 16:30:14 ds4-server: chat ctx=1358..1408:50 gen=1200 THINKING decoding chunk=25.05 t/s avg=23.66 t/s 50.712s
0810 16:30:16 ds4-server: chat ctx=1408..1458:50 gen=1250 THINKING decoding chunk=25.24 t/s avg=23.72 t/s 52.693s
0810 16:30:18 ds4-server: chat ctx=1458..1508:50 gen=1300 THINKING decoding chunk=25.94 t/s avg=23.80 t/s 54.620s
0810 16:30:20 ds4-server: chat ctx=1508..1558:50 gen=1350 THINKING decoding chunk=25.50 t/s avg=23.86 t/s 56.581s
0810 16:30:22 ds4-server: chat ctx=1558..1608:50 gen=1400 THINKING decoding chunk=23.76 t/s avg=23.86 t/s 58.685s
0810 16:30:24 ds4-server: chat ctx=1608..1658:50 gen=1450 THINKING decoding chunk=25.58 t/s avg=23.91 t/s 60.639s
0810 16:30:26 ds4-server: chat ctx=1658..1708:50 gen=1500 THINKING decoding chunk=25.35 t/s avg=23.96 t/s 62.612s
0810 16:30:28 ds4-server: chat ctx=1708..1758:50 gen=1550 THINKING decoding chunk=25.24 t/s avg=24.00 t/s 64.593s
0810 16:30:31 ds4-server: chat ctx=1758..1808:50 gen=1600 THINKING decoding chunk=22.00 t/s avg=23.93 t/s 66.866s
0810 16:30:33 ds4-server: chat ctx=1808..1858:50 gen=1650 THINKING decoding chunk=23.06 t/s avg=23.90 t/s 69.034s
0810 16:30:35 ds4-server: chat ctx=1858..1908:50 gen=1700 THINKING decoding chunk=23.37 t/s avg=23.89 t/s 71.174s
0810 16:30:37 ds4-server: chat ctx=1908..1958:50 gen=1750 THINKING decoding chunk=20.87 t/s avg=23.79 t/s 73.569s
0810 16:30:40 ds4-server: chat ctx=1958..2008:50 gen=1800 THINKING decoding chunk=22.61 t/s avg=23.75 t/s 75.781s
0810 16:30:42 ds4-server: chat ctx=2008..2058:50 gen=1850 THINKING decoding chunk=23.76 t/s avg=23.75 t/s 77.885s
0810 16:30:44 ds4-server: chat ctx=2058..2108:50 gen=1900 THINKING decoding chunk=24.05 t/s avg=23.76 t/s 79.964s
0810 16:30:46 ds4-server: chat ctx=2108..2158:50 gen=1950 THINKING decoding chunk=24.06 t/s avg=23.77 t/s 82.042s
0810 16:30:48 ds4-server: chat ctx=2158..2208:50 gen=2000 THINKING decoding chunk=23.80 t/s avg=23.77 t/s 84.143s
0810 16:30:50 ds4-server: chat ctx=2208..2258:50 gen=2050 THINKING decoding chunk=23.97 t/s avg=23.77 t/s 86.229s
0810 16:30:52 ds4-server: chat ctx=2258..2308:50 gen=2100 THINKING decoding chunk=24.88 t/s avg=23.80 t/s 88.239s
0810 16:30:54 ds4-server: chat ctx=2308..2358:50 gen=2150 THINKING decoding chunk=25.53 t/s avg=23.84 t/s 90.197s
0810 16:30:56 ds4-server: chat ctx=2358..2408:50 gen=2200 THINKING decoding chunk=25.67 t/s avg=23.88 t/s 92.145s
0810 16:30:58 ds4-server: chat ctx=2408..2458:50 gen=2250 THINKING decoding chunk=25.25 t/s avg=23.90 t/s 94.125s
0810 16:31:00 ds4-server: chat ctx=2458..2508:50 gen=2300 THINKING decoding chunk=24.45 t/s avg=23.92 t/s 96.170s
0810 16:31:02 ds4-server: chat ctx=2508..2558:50 gen=2350 THINKING decoding chunk=22.83 t/s avg=23.89 t/s 98.359s
0810 16:31:05 ds4-server: chat ctx=2558..2608:50 gen=2400 THINKING decoding chunk=17.87 t/s avg=23.73 t/s 101.157s
0810 16:31:08 ds4-server: chat ctx=2608..2658:50 gen=2450 THINKING decoding chunk=17.91 t/s avg=23.57 t/s 103.949s
0810 16:31:10 ds4-server: chat ctx=2658..2708:50 gen=2500 decoding chunk=21.03 t/s avg=23.51 t/s 106.326s
0810 16:31:12 ds4-server: chat ctx=2708..2758:50 gen=2550 decoding chunk=23.05 t/s avg=23.50 t/s 108.496s
0810 16:31:13 ds4-server: chat ctx=2758..2771:13 gen=2563 decoding chunk=20.57 t/s avg=23.49 t/s 109.128s
0810 16:31:13 ds4-server: thinking live checkpoint remembered ctx=0..208:208 live=2771 visible=961
0810 16:31:13 ds4-server: chat ctx=0..208:208 gen=2563 finish=stop 126.513s
0810 16:31:13 ds4-server: live kv cache miss live=2771 prompt=254 common=45 reason=token-mismatch
0810 16:31:13 ds4-server: chat ctx=0..254:254 prompt start
0810 16:31:31 ds4-server: chat ctx=0..254:254 prompt done 17.570s
0810 16:31:35 ds4-server: chat ctx=254..304:50 gen=50 THINKING decoding chunk=10.57 t/s avg=10.57 t/s 4.732s
0810 16:31:38 ds4-server: chat ctx=304..354:50 gen=100 THINKING decoding chunk=20.40 t/s avg=13.92 t/s 7.183s
0810 16:31:40 ds4-server: chat ctx=354..404:50 gen=150 THINKING decoding chunk=22.82 t/s avg=16.00 t/s 9.374s
0810 16:31:42 ds4-server: chat ctx=404..454:50 gen=200 THINKING decoding chunk=23.35 t/s avg=17.37 t/s 11.515s
0810 16:31:44 ds4-server: chat ctx=454..504:50 gen=250 THINKING decoding chunk=24.57 t/s avg=18.45 t/s 13.551s
0810 16:31:46 ds4-server: chat ctx=504..554:50 gen=300 THINKING decoding chunk=24.87 t/s avg=19.28 t/s 15.561s
0810 16:31:48 ds4-server: chat ctx=554..604:50 gen=350 THINKING decoding chunk=24.24 t/s avg=19.86 t/s 17.623s
0810 16:31:50 ds4-server: chat ctx=604..654:50 gen=400 THINKING decoding chunk=24.91 t/s avg=20.38 t/s 19.631s
0810 16:31:52 ds4-server: chat ctx=654..704:50 gen=450 THINKING decoding chunk=23.99 t/s avg=20.72 t/s 21.716s
0810 16:31:54 ds4-server: chat ctx=704..754:50 gen=500 THINKING decoding chunk=22.50 t/s avg=20.89 t/s 23.937s
0810 16:31:56 ds4-server: chat ctx=754..804:50 gen=550 THINKING decoding chunk=24.58 t/s avg=21.18 t/s 25.972s
0810 16:31:59 ds4-server: chat ctx=804..854:50 gen=600 THINKING decoding chunk=24.70 t/s avg=21.43 t/s 27.996s
0810 16:32:01 ds4-server: chat ctx=854..904:50 gen=650 THINKING decoding chunk=24.20 t/s avg=21.62 t/s 30.062s
0810 16:32:03 ds4-server: chat ctx=904..954:50 gen=700 THINKING decoding chunk=24.37 t/s avg=21.80 t/s 32.114s
0810 16:32:05 ds4-server: chat ctx=954..1004:50 gen=750 THINKING decoding chunk=24.67 t/s avg=21.97 t/s 34.140s
0810 16:32:07 ds4-server: chat ctx=1004..1054:50 gen=800 THINKING decoding chunk=24.29 t/s avg=22.10 t/s 36.199s
0810 16:32:09 ds4-server: chat ctx=1054..1104:50 gen=850 THINKING decoding chunk=20.37 t/s avg=21.99 t/s 38.654s
0810 16:32:11 ds4-server: chat ctx=1104..1154:50 gen=900 THINKING decoding chunk=22.30 t/s avg=22.01 t/s 40.896s
0810 16:32:14 ds4-server: chat ctx=1154..1204:50 gen=950 THINKING decoding chunk=22.36 t/s avg=22.03 t/s 43.132s
0810 16:32:16 ds4-server: chat ctx=1204..1254:50 gen=1000 THINKING decoding chunk=20.24 t/s avg=21.93 t/s 45.603s
0810 16:32:18 ds4-server: chat ctx=1254..1304:50 gen=1050 decoding chunk=22.48 t/s avg=21.95 t/s 47.827s
0810 16:32:21 ds4-server: chat ctx=1304..1354:50 gen=1100 decoding chunk=18.66 t/s avg=21.78 t/s 50.506s
0810 16:32:23 ds4-server: chat ctx=1354..1404:50 gen=1150 decoding chunk=22.21 t/s avg=21.80 t/s 52.757s
0810 16:32:25 ds4-server: chat ctx=1404..1454:50 gen=1200 decoding chunk=22.67 t/s avg=21.83 t/s 54.962s
0810 16:32:27 ds4-server: chat ctx=1454..1504:50 gen=1250 decoding chunk=25.16 t/s avg=21.95 t/s 56.949s
0810 16:32:29 ds4-server: chat ctx=1504..1554:50 gen=1300 decoding chunk=26.15 t/s avg=22.09 t/s 58.861s
0810 16:32:31 ds4-server: chat ctx=1554..1604:50 gen=1350 decoding chunk=26.66 t/s avg=22.23 t/s 60.737s
0810 16:32:32 ds4-server: chat ctx=1604..1615:11 gen=1361 decoding chunk=26.29 t/s avg=22.25 t/s 61.155s
0810 16:32:32 ds4-server: thinking live checkpoint remembered ctx=0..254:254 live=1615 visible=2198
0810 16:32:32 ds4-server: chat ctx=0..254:254 gen=1361 finish=stop 78.726s
0810 16:32:32 ds4-server: live kv cache miss live=1615 prompt=229 common=45 reason=token-mismatch
0810 16:32:32 ds4-server: chat ctx=0..229:229 prompt start
0810 16:32:49 ds4-server: chat ctx=0..229:229 prompt done 17.376s
0810 16:32:54 ds4-server: chat ctx=229..279:50 gen=50 THINKING decoding chunk=10.55 t/s avg=10.55 t/s 4.741s
0810 16:32:56 ds4-server: chat ctx=279..329:50 gen=100 THINKING decoding chunk=22.02 t/s avg=14.26 t/s 7.012s
0810 16:32:59 ds4-server: chat ctx=329..379:50 gen=150 THINKING decoding chunk=20.55 t/s avg=15.88 t/s 9.444s
0810 16:33:01 ds4-server: chat ctx=379..429:50 gen=200 THINKING decoding chunk=21.38 t/s avg=16.97 t/s 11.783s
0810 16:33:03 ds4-server: chat ctx=429..479:50 gen=250 THINKING decoding chunk=24.10 t/s avg=18.04 t/s 13.858s
0810 16:33:05 ds4-server: chat ctx=479..529:50 gen=300 THINKING decoding chunk=24.37 t/s avg=18.86 t/s 15.910s
0810 16:33:07 ds4-server: chat ctx=529..579:50 gen=350 THINKING decoding chunk=21.34 t/s avg=19.17 t/s 18.253s
0810 16:33:10 ds4-server: chat ctx=579..629:50 gen=400 THINKING decoding chunk=22.04 t/s avg=19.49 t/s 20.521s
0810 16:33:12 ds4-server: chat ctx=629..679:50 gen=450 THINKING decoding chunk=23.85 t/s avg=19.90 t/s 22.618s
0810 16:33:14 ds4-server: chat ctx=679..729:50 gen=500 THINKING decoding chunk=23.30 t/s avg=20.19 t/s 24.764s
0810 16:33:16 ds4-server: chat ctx=729..779:50 gen=550 THINKING decoding chunk=22.75 t/s avg=20.40 t/s 26.961s
0810 16:33:18 ds4-server: chat ctx=779..829:50 gen=600 decoding chunk=22.71 t/s avg=20.57 t/s 29.163s
0810 16:33:19 ds4-server: chat ctx=829..844:15 gen=615 decoding chunk=23.81 t/s avg=20.64 t/s 29.793s
0810 16:33:19 ds4-server: thinking live checkpoint remembered ctx=0..229:229 live=844 visible=1259
0810 16:33:19 ds4-server: chat ctx=0..229:229 gen=615 finish=stop 47.170s
0810 16:33:19 ds4-server: live kv cache miss live=844 prompt=127 common=45 reason=token-mismatch
0810 16:33:19 ds4-server: chat ctx=0..127:127 prompt start
0810 16:33:36 ds4-server: chat ctx=0..127:127 prompt done 17.271s
0810 16:33:41 ds4-server: chat ctx=127..177:50 gen=50 THINKING decoding chunk=11.50 t/s avg=11.50 t/s 4.346s
0810 16:33:43 ds4-server: chat ctx=177..227:50 gen=100 THINKING decoding chunk=23.13 t/s avg=15.36 t/s 6.508s
0810 16:33:45 ds4-server: chat ctx=227..277:50 gen=150 decoding chunk=22.33 t/s avg=17.15 t/s 8.747s
0810 16:33:47 ds4-server: chat ctx=277..327:50 gen=200 decoding chunk=22.97 t/s avg=18.31 t/s 10.924s
0810 16:33:49 ds4-server: chat ctx=327..363:36 gen=236 decoding chunk=22.45 t/s avg=18.84 t/s 12.528s
0810 16:33:49 ds4-server: thinking live checkpoint remembered ctx=0..127:127 live=363 visible=942
0810 16:33:49 ds4-server: chat ctx=0..127:127 gen=236 finish=stop 29.800s
0810 16:33:49 ds4-server: live kv cache miss live=363 prompt=185 common=45 reason=token-mismatch
0810 16:33:49 ds4-server: chat ctx=0..185:185 prompt start
0810 16:34:06 ds4-server: chat ctx=0..185:185 prompt done 17.032s
0810 16:34:10 ds4-server: chat ctx=185..235:50 gen=50 THINKING decoding chunk=11.17 t/s avg=11.17 t/s 4.478s
0810 16:34:13 ds4-server: chat ctx=235..285:50 gen=100 THINKING decoding chunk=21.12 t/s avg=14.61 t/s 6.845s
0810 16:34:15 ds4-server: chat ctx=285..335:50 gen=150 THINKING decoding chunk=23.52 t/s avg=16.72 t/s 8.972s
0810 16:34:17 ds4-server: chat ctx=335..385:50 gen=200 THINKING decoding chunk=23.36 t/s avg=18.00 t/s 11.112s
0810 16:34:19 ds4-server: chat ctx=385..435:50 gen=250 THINKING decoding chunk=23.98 t/s avg=18.94 t/s 13.197s
0810 16:34:21 ds4-server: chat ctx=435..485:50 gen=300 THINKING decoding chunk=24.58 t/s avg=19.70 t/s 15.231s
0810 16:34:23 ds4-server: chat ctx=485..535:50 gen=350 THINKING decoding chunk=24.87 t/s avg=20.30 t/s 17.241s
0810 16:34:25 ds4-server: chat ctx=535..585:50 gen=400 THINKING decoding chunk=22.76 t/s avg=20.58 t/s 19.438s
0810 16:34:27 ds4-server: chat ctx=585..635:50 gen=450 THINKING decoding chunk=25.73 t/s avg=21.05 t/s 21.381s
0810 16:34:29 ds4-server: chat ctx=635..685:50 gen=500 THINKING decoding chunk=21.57 t/s avg=21.10 t/s 23.700s
0810 16:34:32 ds4-server: chat ctx=685..735:50 gen=550 THINKING decoding chunk=23.41 t/s avg=21.29 t/s 25.836s
0810 16:34:34 ds4-server: chat ctx=735..785:50 gen=600 decoding chunk=22.25 t/s avg=21.37 t/s 28.083s
0810 16:34:36 ds4-server: chat ctx=785..835:50 gen=650 decoding chunk=21.12 t/s avg=21.35 t/s 30.450s
0810 16:34:38 ds4-server: chat ctx=835..885:50 gen=700 decoding chunk=22.75 t/s avg=21.44 t/s 32.648s
0810 16:34:40 ds4-server: chat ctx=885..935:50 gen=750 decoding chunk=24.87 t/s avg=21.64 t/s 34.658s
0810 16:34:41 ds4-server: chat ctx=935..956:21 gen=771 decoding chunk=25.75 t/s avg=21.73 t/s 35.473s
0810 16:34:41 ds4-server: thinking live checkpoint remembered ctx=0..185:185 live=956 visible=1388
0810 16:34:41 ds4-server: chat ctx=0..185:185 gen=771 finish=stop 52.508s
0810 16:34:41 ds4-server: live kv cache miss live=956 prompt=271 common=45 reason=token-mismatch
0810 16:34:41 ds4-server: chat ctx=0..271:271 prompt start
0810 16:34:59 ds4-server: chat ctx=0..271:271 prompt done 17.257s
0810 16:35:03 ds4-server: chat ctx=271..321:50 gen=50 THINKING decoding chunk=10.76 t/s avg=10.76 t/s 4.645s
0810 16:35:05 ds4-server: chat ctx=321..371:50 gen=100 THINKING decoding chunk=21.91 t/s avg=14.44 t/s 6.927s
0810 16:35:08 ds4-server: chat ctx=371..421:50 gen=150 THINKING decoding chunk=23.25 t/s avg=16.52 t/s 9.078s
0810 16:35:10 ds4-server: chat ctx=421..471:50 gen=200 THINKING decoding chunk=22.92 t/s avg=17.76 t/s 11.259s
0810 16:35:12 ds4-server: chat ctx=471..521:50 gen=250 THINKING decoding chunk=22.08 t/s avg=18.49 t/s 13.523s
0810 16:35:14 ds4-server: chat ctx=521..571:50 gen=300 THINKING decoding chunk=23.49 t/s avg=19.17 t/s 15.652s
0810 16:35:16 ds4-server: chat ctx=571..621:50 gen=350 THINKING decoding chunk=24.63 t/s avg=19.79 t/s 17.682s
0810 16:35:18 ds4-server: chat ctx=621..671:50 gen=400 THINKING decoding chunk=25.09 t/s avg=20.33 t/s 19.674s
0810 16:35:20 ds4-server: chat ctx=671..721:50 gen=450 THINKING decoding chunk=23.11 t/s avg=20.61 t/s 21.838s
0810 16:35:23 ds4-server: chat ctx=721..771:50 gen=500 THINKING decoding chunk=20.46 t/s avg=20.59 t/s 24.282s
0810 16:35:25 ds4-server: chat ctx=771..821:50 gen=550 decoding chunk=22.44 t/s avg=20.75 t/s 26.510s
0810 16:35:26 ds4-server: chat ctx=821..835:14 gen=564 decoding chunk=24.50 t/s avg=20.83 t/s 27.082s
0810 16:35:26 ds4-server: thinking live checkpoint remembered ctx=0..271:271 live=835 visible=1202
0810 16:35:26 ds4-server: chat ctx=0..271:271 gen=564 finish=stop 44.340s
0810 16:35:26 ds4-server: live kv cache miss live=835 prompt=316 common=45 reason=token-mismatch
0810 16:35:26 ds4-server: chat ctx=0..316:316 prompt start
0810 16:35:43 ds4-server: chat ctx=0..316:316 prompt done 17.244s
0810 16:35:47 ds4-server: chat ctx=316..366:50 gen=50 THINKING decoding chunk=11.04 t/s avg=11.04 t/s 4.529s
0810 16:35:50 ds4-server: chat ctx=366..416:50 gen=100 THINKING decoding chunk=22.32 t/s avg=14.77 t/s 6.769s
0810 16:35:52 ds4-server: chat ctx=416..466:50 gen=150 THINKING decoding chunk=22.34 t/s avg=16.65 t/s 9.007s
0810 16:35:54 ds4-server: chat ctx=466..516:50 gen=200 THINKING decoding chunk=23.35 t/s avg=17.94 t/s 11.148s
0810 16:35:56 ds4-server: chat ctx=516..566:50 gen=250 THINKING decoding chunk=24.18 t/s avg=18.92 t/s 13.216s
0810 16:35:58 ds4-server: chat ctx=566..616:50 gen=300 decoding chunk=23.28 t/s avg=19.53 t/s 15.363s
0810 16:36:00 ds4-server: chat ctx=616..666:50 gen=350 decoding chunk=23.47 t/s avg=20.01 t/s 17.493s
0810 16:36:02 ds4-server: chat ctx=666..698:32 gen=382 decoding chunk=24.39 t/s avg=20.31 t/s 18.806s
0810 16:36:02 ds4-server: thinking live checkpoint remembered ctx=0..316:316 live=698 visible=1787
0810 16:36:02 ds4-server: chat ctx=0..316:316 gen=382 finish=stop 36.051s
0810 16:36:02 ds4-server: live kv cache miss live=698 prompt=177 common=45 reason=token-mismatch
0810 16:36:02 ds4-server: chat ctx=0..177:177 prompt start
0810 16:36:19 ds4-server: chat ctx=0..177:177 prompt done 16.995s
0810 16:36:23 ds4-server: chat ctx=177..227:50 gen=50 THINKING decoding chunk=11.14 t/s avg=11.14 t/s 4.486s
0810 16:36:25 ds4-server: chat ctx=227..277:50 gen=100 THINKING decoding chunk=22.83 t/s avg=14.98 t/s 6.676s
0810 16:36:27 ds4-server: chat ctx=277..327:50 gen=150 THINKING decoding chunk=23.75 t/s avg=17.08 t/s 8.781s
0810 16:36:30 ds4-server: chat ctx=327..377:50 gen=200 THINKING decoding chunk=23.71 t/s avg=18.37 t/s 10.890s
0810 16:36:32 ds4-server: chat ctx=377..427:50 gen=250 THINKING decoding chunk=24.45 t/s avg=19.33 t/s 12.934s
0810 16:36:34 ds4-server: chat ctx=427..477:50 gen=300 decoding chunk=23.60 t/s avg=19.93 t/s 15.053s
0810 16:36:35 ds4-server: chat ctx=477..502:25 gen=325 decoding chunk=24.54 t/s avg=20.22 t/s 16.072s
0810 16:36:35 ds4-server: thinking live checkpoint remembered ctx=0..177:177 live=502 visible=971
0810 16:36:35 ds4-server: chat ctx=0..177:177 gen=325 finish=stop 33.067s
0810 16:36:35 ds4-server: live kv cache miss live=502 prompt=109 common=45 reason=token-mismatch
0810 16:36:35 ds4-server: chat ctx=0..109:109 prompt start
0810 16:36:52 ds4-server: chat ctx=0..109:109 prompt done 17.065s
0810 16:36:56 ds4-server: chat ctx=109..159:50 gen=50 THINKING decoding chunk=11.54 t/s avg=11.54 t/s 4.335s
0810 16:36:58 ds4-server: chat ctx=159..209:50 gen=100 THINKING decoding chunk=22.69 t/s avg=15.29 t/s 6.538s
0810 16:37:01 ds4-server: chat ctx=209..259:50 gen=150 THINKING decoding chunk=23.49 t/s avg=17.31 t/s 8.667s
0810 16:37:03 ds4-server: chat ctx=259..309:50 gen=200 THINKING decoding chunk=24.22 t/s avg=18.64 t/s 10.731s
0810 16:37:05 ds4-server: chat ctx=309..359:50 gen=250 THINKING decoding chunk=24.31 t/s avg=19.55 t/s 12.788s
0810 16:37:07 ds4-server: chat ctx=359..409:50 gen=300 decoding chunk=22.41 t/s avg=19.97 t/s 15.019s
0810 16:37:09 ds4-server: chat ctx=409..459:50 gen=350 decoding chunk=24.42 t/s avg=20.51 t/s 17.066s
0810 16:37:09 ds4-server: chat ctx=459..470:11 gen=361 decoding chunk=24.36 t/s avg=20.61 t/s 17.518s
0810 16:37:09 ds4-server: thinking live checkpoint remembered ctx=0..109:109 live=470 visible=755
0810 16:37:09 ds4-server: chat ctx=0..109:109 gen=361 finish=stop 34.586s
0810 16:37:09 ds4-server: live kv cache miss live=470 prompt=146 common=45 reason=token-mismatch
0810 16:37:09 ds4-server: chat ctx=0..146:146 prompt start
0810 16:37:26 ds4-server: chat ctx=0..146:146 prompt done 17.090s
0810 16:37:31 ds4-server: chat ctx=146..196:50 gen=50 THINKING decoding chunk=10.84 t/s avg=10.84 t/s 4.613s
0810 16:37:33 ds4-server: chat ctx=196..246:50 gen=100 THINKING decoding chunk=23.42 t/s avg=14.82 t/s 6.748s
0810 16:37:35 ds4-server: chat ctx=246..296:50 gen=150 THINKING decoding chunk=23.10 t/s avg=16.83 t/s 8.912s
0810 16:37:38 ds4-server: chat ctx=296..346:50 gen=200 THINKING decoding chunk=22.46 t/s avg=17.96 t/s 11.138s
0810 16:37:40 ds4-server: chat ctx=346..396:50 gen=250 decoding chunk=20.82 t/s avg=18.46 t/s 13.540s
0810 16:37:42 ds4-server: chat ctx=396..446:50 gen=300 decoding chunk=22.35 t/s avg=19.02 t/s 15.776s
0810 16:37:44 ds4-server: chat ctx=446..496:50 gen=350 decoding chunk=23.79 t/s avg=19.58 t/s 17.878s
0810 16:37:46 ds4-server: chat ctx=496..546:50 gen=400 decoding chunk=25.62 t/s avg=20.17 t/s 19.830s
0810 16:37:48 ds4-server: chat ctx=546..596:50 gen=450 decoding chunk=25.01 t/s avg=20.62 t/s 21.829s
0810 16:37:49 ds4-server: chat ctx=596..614:18 gen=468 decoding chunk=22.71 t/s avg=20.69 t/s 22.621s
0810 16:37:49 ds4-server: thinking live checkpoint remembered ctx=0..146:146 live=614 visible=1448
0810 16:37:49 ds4-server: chat ctx=0..146:146 gen=468 finish=stop 39.712s
0810 16:37:49 ds4-server: live kv cache miss live=614 prompt=154 common=45 reason=token-mismatch
0810 16:37:49 ds4-server: chat ctx=0..154:154 prompt start
0810 16:38:07 ds4-server: chat ctx=0..154:154 prompt done 17.421s
0810 16:38:11 ds4-server: chat ctx=154..204:50 gen=50 THINKING decoding chunk=10.23 t/s avg=10.23 t/s 4.888s
0810 16:38:14 ds4-server: chat ctx=204..254:50 gen=100 THINKING decoding chunk=21.14 t/s avg=13.79 t/s 7.253s
0810 16:38:16 ds4-server: chat ctx=254..304:50 gen=150 THINKING decoding chunk=21.12 t/s avg=15.59 t/s 9.620s
0810 16:38:18 ds4-server: chat ctx=304..354:50 gen=200 THINKING decoding chunk=24.28 t/s avg=17.12 t/s 11.679s
0810 16:38:20 ds4-server: chat ctx=354..404:50 gen=250 THINKING decoding chunk=24.02 t/s avg=18.17 t/s 13.760s
0810 16:38:22 ds4-server: chat ctx=404..454:50 gen=300 THINKING decoding chunk=24.72 t/s avg=19.01 t/s 15.783s
0810 16:38:24 ds4-server: chat ctx=454..504:50 gen=350 THINKING decoding chunk=25.39 t/s avg=19.72 t/s 17.752s
0810 16:38:26 ds4-server: chat ctx=504..554:50 gen=400 THINKING decoding chunk=25.15 t/s avg=20.26 t/s 19.739s
0810 16:38:28 ds4-server: chat ctx=554..604:50 gen=450 THINKING decoding chunk=25.24 t/s avg=20.72 t/s 21.720s
0810 16:38:30 ds4-server: chat ctx=604..654:50 gen=500 THINKING decoding chunk=25.54 t/s avg=21.12 t/s 23.678s
0810 16:38:33 ds4-server: chat ctx=654..704:50 gen=550 THINKING decoding chunk=21.67 t/s avg=21.17 t/s 25.986s
0810 16:38:35 ds4-server: chat ctx=704..754:50 gen=600 THINKING decoding chunk=23.08 t/s avg=21.31 t/s 28.152s
0810 16:38:37 ds4-server: chat ctx=754..804:50 gen=650 decoding chunk=21.05 t/s avg=21.29 t/s 30.528s
0810 16:38:39 ds4-server: chat ctx=804..854:50 gen=700 decoding chunk=22.51 t/s avg=21.37 t/s 32.750s
0810 16:38:39 ds4-server: thinking live checkpoint remembered ctx=0..154:154 live=854 visible=954
0810 16:38:39 ds4-server: chat ctx=0..154:154 gen=700 finish=stop 50.171s
0810 16:38:39 ds4-server: live kv cache miss live=854 prompt=162 common=45 reason=token-mismatch
0810 16:38:39 ds4-server: chat ctx=0..162:162 prompt start
0810 16:38:57 ds4-server: chat ctx=0..162:162 prompt done 17.315s
0810 16:39:01 ds4-server: chat ctx=162..212:50 gen=50 THINKING decoding chunk=10.86 t/s avg=10.86 t/s 4.604s
0810 16:39:04 ds4-server: chat ctx=212..262:50 gen=100 THINKING decoding chunk=20.36 t/s avg=14.17 t/s 7.059s
0810 16:39:06 ds4-server: chat ctx=262..312:50 gen=150 THINKING decoding chunk=23.65 t/s avg=16.35 t/s 9.173s
0810 16:39:08 ds4-server: chat ctx=312..362:50 gen=200 THINKING decoding chunk=24.04 t/s avg=17.77 t/s 11.253s
0810 16:39:10 ds4-server: chat ctx=362..412:50 gen=250 THINKING decoding chunk=24.69 t/s avg=18.83 t/s 13.278s
0810 16:39:12 ds4-server: chat ctx=412..462:50 gen=300 THINKING decoding chunk=25.79 t/s avg=19.72 t/s 15.217s
0810 16:39:14 ds4-server: chat ctx=462..512:50 gen=350 THINKING decoding chunk=23.08 t/s avg=20.13 t/s 17.383s
0810 16:39:16 ds4-server: chat ctx=512..562:50 gen=400 THINKING decoding chunk=23.65 t/s avg=20.52 t/s 19.497s
0810 16:39:18 ds4-server: chat ctx=562..612:50 gen=450 THINKING decoding chunk=24.32 t/s avg=20.88 t/s 21.553s
0810 16:39:21 ds4-server: chat ctx=612..662:50 gen=500 THINKING decoding chunk=20.81 t/s avg=20.87 t/s 23.956s
0810 16:39:23 ds4-server: chat ctx=662..712:50 gen=550 THINKING decoding chunk=23.40 t/s avg=21.08 t/s 26.092s
0810 16:39:25 ds4-server: chat ctx=712..762:50 gen=600 THINKING decoding chunk=24.44 t/s avg=21.32 t/s 28.138s
0810 16:39:27 ds4-server: chat ctx=762..812:50 gen=650 decoding chunk=23.57 t/s avg=21.48 t/s 30.259s
0810 16:39:29 ds4-server: chat ctx=812..862:50 gen=700 decoding chunk=23.46 t/s avg=21.61 t/s 32.391s
0810 16:39:29 ds4-server: chat ctx=862..869:7 gen=707 decoding chunk=24.01 t/s avg=21.63 t/s 32.682s
0810 16:39:29 ds4-server: thinking live checkpoint remembered ctx=0..162:162 live=869 visible=1091
0810 16:39:29 ds4-server: chat ctx=0..162:162 gen=707 finish=stop 49.998s
0810 16:39:29 ds4-server: live kv cache miss live=869 prompt=318 common=45 reason=token-mismatch
0810 16:39:29 ds4-server: chat ctx=0..318:318 prompt start
0810 16:39:47 ds4-server: chat ctx=0..318:318 prompt done 17.567s
0810 16:39:51 ds4-server: chat ctx=318..368:50 gen=50 THINKING decoding chunk=10.96 t/s avg=10.96 t/s 4.564s
0810 16:39:54 ds4-server: chat ctx=368..418:50 gen=100 THINKING decoding chunk=23.86 t/s avg=15.02 t/s 6.660s
0810 16:39:56 ds4-server: chat ctx=418..468:50 gen=150 THINKING decoding chunk=25.08 t/s avg=17.33 t/s 8.653s
0810 16:39:58 ds4-server: chat ctx=468..518:50 gen=200 THINKING decoding chunk=22.77 t/s avg=18.43 t/s 10.850s
0810 16:40:00 ds4-server: chat ctx=518..568:50 gen=250 THINKING decoding chunk=21.74 t/s avg=19.01 t/s 13.150s
0810 16:40:02 ds4-server: chat ctx=568..618:50 gen=300 THINKING decoding chunk=24.38 t/s avg=19.74 t/s 15.201s
0810 16:40:04 ds4-server: chat ctx=618..668:50 gen=350 THINKING decoding chunk=24.49 t/s avg=20.30 t/s 17.242s
0810 16:40:07 ds4-server: chat ctx=668..718:50 gen=400 decoding chunk=20.75 t/s avg=20.35 t/s 19.652s
0810 16:40:09 ds4-server: chat ctx=718..768:50 gen=450 decoding chunk=20.25 t/s avg=20.34 t/s 22.121s
0810 16:40:11 ds4-server: chat ctx=768..818:50 gen=500 decoding chunk=21.82 t/s avg=20.48 t/s 24.413s
0810 16:40:13 ds4-server: chat ctx=818..868:50 gen=550 decoding chunk=23.92 t/s avg=20.75 t/s 26.503s
0810 16:40:16 ds4-server: chat ctx=868..918:50 gen=600 decoding chunk=23.16 t/s avg=20.93 t/s 28.662s
0810 16:40:18 ds4-server: chat ctx=918..968:50 gen=650 decoding chunk=23.75 t/s avg=21.13 t/s 30.767s
0810 16:40:18 ds4-server: chat ctx=968..982:14 gen=664 decoding chunk=26.20 t/s avg=21.21 t/s 31.302s
0810 16:40:18 ds4-server: thinking live checkpoint remembered ctx=0..318:318 live=982 visible=2382
0810 16:40:18 ds4-server: chat ctx=0..318:318 gen=664 finish=stop 48.869s
0810 16:40:18 ds4-server: live kv cache miss live=982 prompt=248 common=45 reason=token-mismatch
0810 16:40:18 ds4-server: chat ctx=0..248:248 prompt start
0810 16:40:37 ds4-server: chat ctx=0..248:248 prompt done 18.500s
0810 16:40:42 ds4-server: chat ctx=248..298:50 gen=50 THINKING decoding chunk=10.52 t/s avg=10.52 t/s 4.753s
0810 16:40:44 ds4-server: chat ctx=298..348:50 gen=100 THINKING decoding chunk=21.09 t/s avg=14.04 t/s 7.124s
0810 16:40:46 ds4-server: chat ctx=348..398:50 gen=150 THINKING decoding chunk=21.35 t/s avg=15.85 t/s 9.466s
0810 16:40:48 ds4-server: chat ctx=398..448:50 gen=200 THINKING decoding chunk=21.92 t/s avg=17.03 t/s 11.747s
0810 16:40:51 ds4-server: chat ctx=448..498:50 gen=250 THINKING decoding chunk=22.24 t/s avg=17.86 t/s 13.994s
0810 16:40:53 ds4-server: chat ctx=498..548:50 gen=300 THINKING decoding chunk=22.82 t/s avg=18.54 t/s 16.185s
0810 16:40:55 ds4-server: chat ctx=548..598:50 gen=350 THINKING decoding chunk=25.12 t/s avg=19.26 t/s 18.175s
0810 16:40:57 ds4-server: chat ctx=598..648:50 gen=400 THINKING decoding chunk=23.22 t/s avg=19.68 t/s 20.329s
0810 16:40:59 ds4-server: chat ctx=648..698:50 gen=450 THINKING decoding chunk=25.56 t/s avg=20.19 t/s 22.285s
0810 16:41:01 ds4-server: chat ctx=698..748:50 gen=500 THINKING decoding chunk=25.35 t/s avg=20.61 t/s 24.257s
0810 16:41:03 ds4-server: chat ctx=748..798:50 gen=550 THINKING decoding chunk=24.88 t/s avg=20.94 t/s 26.266s
0810 16:41:05 ds4-server: chat ctx=798..848:50 gen=600 THINKING decoding chunk=25.43 t/s avg=21.25 t/s 28.233s
0810 16:41:07 ds4-server: chat ctx=848..898:50 gen=650 THINKING decoding chunk=24.59 t/s avg=21.48 t/s 30.266s
0810 16:41:10 ds4-server: chat ctx=898..948:50 gen=700 THINKING decoding chunk=18.49 t/s avg=21.23 t/s 32.970s
0810 16:41:12 ds4-server: chat ctx=948..998:50 gen=750 THINKING decoding chunk=23.79 t/s avg=21.38 t/s 35.072s
0810 16:41:14 ds4-server: chat ctx=998..1048:50 gen=800 THINKING decoding chunk=20.31 t/s avg=21.31 t/s 37.534s
0810 16:41:16 ds4-server: chat ctx=1048..1098:50 gen=850 THINKING decoding chunk=24.88 t/s avg=21.50 t/s 39.544s
0810 16:41:18 ds4-server: chat ctx=1098..1148:50 gen=900 THINKING decoding chunk=24.88 t/s avg=21.66 t/s 41.553s
0810 16:41:21 ds4-server: chat ctx=1148..1198:50 gen=950 THINKING decoding chunk=21.88 t/s avg=21.67 t/s 43.839s
0810 16:41:23 ds4-server: chat ctx=1198..1248:50 gen=1000 THINKING decoding chunk=22.82 t/s avg=21.72 t/s 46.030s
0810 16:41:25 ds4-server: chat ctx=1248..1298:50 gen=1050 THINKING decoding chunk=24.59 t/s avg=21.85 t/s 48.063s
0810 16:41:27 ds4-server: chat ctx=1298..1348:50 gen=1100 THINKING decoding chunk=23.03 t/s avg=21.90 t/s 50.234s
0810 16:41:29 ds4-server: chat ctx=1348..1398:50 gen=1150 THINKING decoding chunk=23.76 t/s avg=21.97 t/s 52.339s
0810 16:41:31 ds4-server: chat ctx=1398..1448:50 gen=1200 THINKING decoding chunk=23.53 t/s avg=22.03 t/s 54.464s
0810 16:41:33 ds4-server: chat ctx=1448..1498:50 gen=1250 THINKING decoding chunk=22.85 t/s avg=22.06 t/s 56.652s
0810 16:41:35 ds4-server: chat ctx=1498..1548:50 gen=1300 THINKING decoding chunk=24.01 t/s avg=22.13 t/s 58.734s
0810 16:41:38 ds4-server: chat ctx=1548..1598:50 gen=1350 THINKING decoding chunk=24.37 t/s avg=22.21 t/s 60.786s
0810 16:41:40 ds4-server: chat ctx=1598..1648:50 gen=1400 THINKING decoding chunk=23.11 t/s avg=22.24 t/s 62.949s
0810 16:41:42 ds4-server: chat ctx=1648..1698:50 gen=1450 THINKING decoding chunk=25.05 t/s avg=22.33 t/s 64.945s
0810 16:41:44 ds4-server: chat ctx=1698..1748:50 gen=1500 THINKING decoding chunk=22.58 t/s avg=22.33 t/s 67.160s
0810 16:41:46 ds4-server: chat ctx=1748..1798:50 gen=1550 THINKING decoding chunk=23.56 t/s avg=22.37 t/s 69.282s
0810 16:41:48 ds4-server: chat ctx=1798..1848:50 gen=1600 THINKING decoding chunk=20.25 t/s avg=22.30 t/s 71.751s
0810 16:41:51 ds4-server: chat ctx=1848..1898:50 gen=1650 THINKING decoding chunk=22.33 t/s avg=22.30 t/s 73.990s
0810 16:41:53 ds4-server: chat ctx=1898..1948:50 gen=1700 THINKING decoding chunk=22.87 t/s avg=22.32 t/s 76.177s
0810 16:41:55 ds4-server: chat ctx=1948..1998:50 gen=1750 THINKING decoding chunk=23.96 t/s avg=22.36 t/s 78.264s
0810 16:41:57 ds4-server: chat ctx=1998..2048:50 gen=1800 THINKING decoding chunk=22.35 t/s avg=22.36 t/s 80.502s
0810 16:41:59 ds4-server: chat ctx=2048..2098:50 gen=1850 THINKING decoding chunk=24.14 t/s avg=22.40 t/s 82.573s
0810 16:42:02 ds4-server: chat ctx=2098..2148:50 gen=1900 THINKING decoding chunk=22.64 t/s avg=22.41 t/s 84.781s
0810 16:42:04 ds4-server: chat ctx=2148..2198:50 gen=1950 THINKING decoding chunk=22.93 t/s avg=22.42 t/s 86.961s
0810 16:42:06 ds4-server: chat ctx=2198..2248:50 gen=2000 THINKING decoding chunk=23.20 t/s avg=22.44 t/s 89.117s
0810 16:42:08 ds4-server: chat ctx=2248..2298:50 gen=2050 THINKING decoding chunk=24.78 t/s avg=22.49 t/s 91.134s
0810 16:42:10 ds4-server: chat ctx=2298..2348:50 gen=2100 THINKING decoding chunk=24.37 t/s avg=22.54 t/s 93.186s
0810 16:42:12 ds4-server: chat ctx=2348..2398:50 gen=2150 THINKING decoding chunk=25.11 t/s avg=22.59 t/s 95.178s
0810 16:42:14 ds4-server: chat ctx=2398..2448:50 gen=2200 THINKING decoding chunk=24.55 t/s avg=22.63 t/s 97.214s
0810 16:42:16 ds4-server: chat ctx=2448..2498:50 gen=2250 THINKING decoding chunk=24.67 t/s avg=22.67 t/s 99.241s
0810 16:42:18 ds4-server: chat ctx=2498..2548:50 gen=2300 THINKING decoding chunk=25.77 t/s avg=22.73 t/s 101.181s
0810 16:42:20 ds4-server: chat ctx=2548..2598:50 gen=2350 THINKING decoding chunk=25.59 t/s avg=22.79 t/s 103.135s
0810 16:42:22 ds4-server: chat ctx=2598..2648:50 gen=2400 THINKING decoding chunk=25.53 t/s avg=22.84 t/s 105.093s
0810 16:42:24 ds4-server: chat ctx=2648..2698:50 gen=2450 THINKING decoding chunk=24.90 t/s avg=22.88 t/s 107.101s
0810 16:42:27 ds4-server: chat ctx=2698..2748:50 gen=2500 THINKING decoding chunk=18.21 t/s avg=22.76 t/s 109.847s
0810 16:42:29 ds4-server: chat ctx=2748..2798:50 gen=2550 THINKING decoding chunk=21.31 t/s avg=22.73 t/s 112.193s
0810 16:42:32 ds4-server: chat ctx=2798..2848:50 gen=2600 decoding chunk=19.34 t/s avg=22.65 t/s 114.779s
0810 16:42:34 ds4-server: chat ctx=2848..2898:50 gen=2650 decoding chunk=18.93 t/s avg=22.57 t/s 117.420s
0810 16:42:37 ds4-server: chat ctx=2898..2948:50 gen=2700 decoding chunk=20.91 t/s avg=22.54 t/s 119.811s
0810 16:42:39 ds4-server: chat ctx=2948..2998:50 gen=2750 decoding chunk=23.34 t/s avg=22.55 t/s 121.953s
0810 16:42:41 ds4-server: chat ctx=2998..3048:50 gen=2800 decoding chunk=23.13 t/s avg=22.56 t/s 124.115s
0810 16:42:43 ds4-server: chat ctx=3048..3098:50 gen=2850 decoding chunk=23.39 t/s avg=22.57 t/s 126.253s
0810 16:42:45 ds4-server: chat ctx=3098..3148:50 gen=2900 decoding chunk=24.13 t/s avg=22.60 t/s 128.325s
0810 16:42:46 ds4-server: chat ctx=3148..3160:12 gen=2912 decoding chunk=25.35 t/s avg=22.61 t/s 128.799s
0810 16:42:46 ds4-server: thinking live checkpoint remembered ctx=0..248:248 live=3160 visible=2352
0810 16:42:46 ds4-server: chat ctx=0..248:248 gen=2912 finish=stop 147.299s
0810 16:42:46 ds4-server: live kv cache miss live=3160 prompt=148 common=45 reason=token-mismatch
0810 16:42:46 ds4-server: chat ctx=0..148:148 prompt start
0810 16:43:03 ds4-server: chat ctx=0..148:148 prompt done 17.413s
0810 16:43:08 ds4-server: chat ctx=148..198:50 gen=50 THINKING decoding chunk=10.40 t/s avg=10.40 t/s 4.807s
0810 16:43:10 ds4-server: chat ctx=198..248:50 gen=100 THINKING decoding chunk=20.75 t/s avg=13.86 t/s 7.217s
0810 16:43:12 ds4-server: chat ctx=248..298:50 gen=150 THINKING decoding chunk=22.32 t/s avg=15.86 t/s 9.457s
0810 16:43:15 ds4-server: chat ctx=298..348:50 gen=200 THINKING decoding chunk=23.53 t/s avg=17.27 t/s 11.582s
0810 16:43:17 ds4-server: chat ctx=348..398:50 gen=250 THINKING decoding chunk=24.22 t/s avg=18.32 t/s 13.646s
0810 16:43:19 ds4-server: chat ctx=398..448:50 gen=300 THINKING decoding chunk=25.01 t/s avg=19.18 t/s 15.645s
0810 16:43:21 ds4-server: chat ctx=448..498:50 gen=350 THINKING decoding chunk=23.94 t/s avg=19.74 t/s 17.734s
0810 16:43:23 ds4-server: chat ctx=498..548:50 gen=400 decoding chunk=23.53 t/s avg=20.14 t/s 19.859s
0810 16:43:24 ds4-server: chat ctx=548..580:32 gen=432 decoding chunk=23.21 t/s avg=20.34 t/s 21.237s
0810 16:43:24 ds4-server: thinking live checkpoint remembered ctx=0..148:148 live=580 visible=839
0810 16:43:24 ds4-server: chat ctx=0..148:148 gen=432 finish=stop 38.651s
0810 16:43:24 ds4-server: live kv cache miss live=580 prompt=119 common=45 reason=token-mismatch
0810 16:43:24 ds4-server: chat ctx=0..119:119 prompt start
0810 16:43:42 ds4-server: chat ctx=0..119:119 prompt done 17.520s
0810 16:43:46 ds4-server: chat ctx=119..169:50 gen=50 THINKING decoding chunk=11.58 t/s avg=11.58 t/s 4.319s
0810 16:43:48 ds4-server: chat ctx=169..219:50 gen=100 THINKING decoding chunk=22.00 t/s avg=15.17 t/s 6.592s
0810 16:43:50 ds4-server: chat ctx=219..269:50 gen=150 THINKING decoding chunk=25.59 t/s avg=17.55 t/s 8.546s
0810 16:43:52 ds4-server: chat ctx=269..319:50 gen=200 THINKING decoding chunk=24.35 t/s avg=18.87 t/s 10.599s
0810 16:43:54 ds4-server: chat ctx=319..369:50 gen=250 decoding chunk=25.52 t/s avg=19.91 t/s 12.558s
0810 16:43:54 ds4-server: thinking live checkpoint remembered ctx=0..119:119 live=369 visible=690
0810 16:43:54 ds4-server: chat ctx=0..119:119 gen=250 finish=stop 30.079s
0810 16:43:54 ds4-server: live kv cache miss live=369 prompt=149 common=45 reason=token-mismatch
0810 16:43:54 ds4-server: chat ctx=0..149:149 prompt start
0810 16:44:11 ds4-server: chat ctx=0..149:149 prompt done 16.958s
0810 16:44:16 ds4-server: chat ctx=149..199:50 gen=50 THINKING decoding chunk=11.34 t/s avg=11.34 t/s 4.411s
0810 16:44:18 ds4-server: chat ctx=199..249:50 gen=100 THINKING decoding chunk=22.43 t/s avg=15.06 t/s 6.640s
0810 16:44:20 ds4-server: chat ctx=249..299:50 gen=150 THINKING decoding chunk=21.22 t/s avg=16.67 t/s 8.996s
0810 16:44:22 ds4-server: chat ctx=299..349:50 gen=200 THINKING decoding chunk=24.16 t/s avg=18.07 t/s 11.066s
0810 16:44:24 ds4-server: chat ctx=349..399:50 gen=250 THINKING decoding chunk=23.92 t/s avg=19.00 t/s 13.156s
0810 16:44:27 ds4-server: chat ctx=399..449:50 gen=300 THINKING decoding chunk=23.66 t/s avg=19.65 t/s 15.270s
0810 16:44:29 ds4-server: chat ctx=449..499:50 gen=350 THINKING decoding chunk=24.76 t/s avg=20.24 t/s 17.289s
0810 16:44:31 ds4-server: chat ctx=499..549:50 gen=400 THINKING decoding chunk=25.57 t/s avg=20.78 t/s 19.245s
0810 16:44:32 ds4-server: chat ctx=549..599:50 gen=450 THINKING decoding chunk=25.73 t/s avg=21.24 t/s 21.188s
0810 16:44:34 ds4-server: chat ctx=599..649:50 gen=500 THINKING decoding chunk=26.13 t/s avg=21.64 t/s 23.101s
0810 16:44:36 ds4-server: chat ctx=649..699:50 gen=550 THINKING decoding chunk=25.76 t/s avg=21.96 t/s 25.042s
0810 16:44:38 ds4-server: chat ctx=699..749:50 gen=600 THINKING decoding chunk=26.37 t/s avg=22.27 t/s 26.938s
0810 16:44:40 ds4-server: chat ctx=749..799:50 gen=650 THINKING decoding chunk=26.31 t/s avg=22.54 t/s 28.839s
0810 16:44:42 ds4-server: chat ctx=799..849:50 gen=700 THINKING decoding chunk=23.63 t/s avg=22.61 t/s 30.955s
0810 16:44:44 ds4-server: chat ctx=849..899:50 gen=750 THINKING decoding chunk=25.84 t/s avg=22.80 t/s 32.890s
0810 16:44:46 ds4-server: chat ctx=899..949:50 gen=800 THINKING decoding chunk=25.59 t/s avg=22.96 t/s 34.844s
0810 16:44:48 ds4-server: chat ctx=949..999:50 gen=850 THINKING decoding chunk=24.48 t/s avg=23.04 t/s 36.886s
0810 16:44:50 ds4-server: chat ctx=999..1049:50 gen=900 THINKING decoding chunk=25.18 t/s avg=23.15 t/s 38.872s
0810 16:44:53 ds4-server: chat ctx=1049..1099:50 gen=950 THINKING decoding chunk=21.06 t/s avg=23.03 t/s 41.246s
0810 16:44:55 ds4-server: chat ctx=1099..1149:50 gen=1000 THINKING decoding chunk=22.86 t/s avg=23.02 t/s 43.433s
0810 16:44:57 ds4-server: chat ctx=1149..1199:50 gen=1050 THINKING decoding chunk=22.87 t/s avg=23.02 t/s 45.619s
0810 16:44:59 ds4-server: chat ctx=1199..1249:50 gen=1100 THINKING decoding chunk=23.85 t/s avg=23.05 t/s 47.715s
0810 16:45:01 ds4-server: chat ctx=1249..1299:50 gen=1150 decoding chunk=21.90 t/s avg=23.00 t/s 49.998s
0810 16:45:03 ds4-server: chat ctx=1299..1348:49 gen=1199 decoding chunk=23.50 t/s avg=23.02 t/s 52.084s
0810 16:45:03 ds4-server: thinking live checkpoint remembered ctx=0..149:149 live=1348 visible=751
0810 16:45:03 ds4-server: chat ctx=0..149:149 gen=1199 finish=stop 69.043s
0810 16:46:17 ds4-server: shutdown requested, draining requests
