time_iso8601,time_epoch_ms,sensor.temperature.gpu (°C),sensor.temperature.cpu (°C),sensor.temperature.enclosure (°C),sensor.power.soc (W),sensor.power.input (W),sensor.fan.1.speed (rpm),sensor.fan.2.speed (rpm),gpu.utilization (fraction),gpu.vram.used (B)
2026-09-09T23:46:50Z,1788997610442,32.78,33.09,25.50,3.20,8.55,0,0,0.00,581517312
2026-09-09T23:46:51Z,1788997611532,32.75,32.94,25.50,2.43,8.90,0,0,0.00,579092480
2026-09-09T23:46:52Z,1788997612624,32.72,32.59,25.50,1.13,9.39,0,0,0.00,582582272
2026-09-09T23:46:53Z,1788997613665,32.66,32.33,25.50,1.55,10.24,0,0,0.00,580501504
2026-09-09T23:46:54Z,1788997614750,32.83,33.45,25.50,2.65,11.55,0,0,0.00,580321280
2026-09-09T23:46:55Z,1788997615769,33.16,33.94,25.50,6.95,17.18,0,0,0.00,579026944
2026-09-09T23:46:56Z,1788997616840,33.05,33.52,25.50,1.48,9.84,1211,1253,0.00,582664192
2026-09-09T23:46:57Z,1788997617925,32.89,32.67,25.44,2.31,10.78,4808,5140,0.00,584876032
2026-09-09T23:46:59Z,1788997619004,32.89,33.25,25.50,1.43,13.64,5093,5438,0.00,736133120
2026-09-09T23:47:00Z,1788997620083,32.75,32.83,25.50,2.96,13.02,5233,5619,0.00,983154688
2026-09-09T23:47:01Z,1788997621162,32.89,33.22,25.44,4.85,18.19,5303,5693,0.00,1112489984
2026-09-09T23:47:02Z,1788997622255,32.67,32.53,25.44,1.65,13.20,5331,5738,0.00,839614464
2026-09-09T23:47:03Z,1788997623319,32.47,32.30,25.44,1.13,12.90,5338,5758,0.00,581599232
2026-09-09T23:47:04Z,1788997624373,32.27,32.19,25.44,1.20,12.79,5359,5777,0.00,734609408
2026-09-09T23:47:05Z,1788997625453,32.14,32.05,25.44,1.11,12.76,5359,5780,0.00,582615040
2026-09-09T23:47:06Z,1788997626505,32.06,31.78,25.44,1.09,12.86,5360,5798,0.00,562937856
2026-09-09T23:47:07Z,1788997627570,31.92,31.64,25.44,1.61,13.45,5348,5786,0.00,583811072
2026-09-09T23:47:08Z,1788997628620,31.78,31.38,25.44,5.02,20.18,5362,5797,0.00,1072152576
2026-09-09T23:47:09Z,1788997629707,32.28,34.12,25.44,4.71,15.98,5359,5783,0.00,1019576320
2026-09-09T23:47:10Z,1788997630786,31.80,31.77,25.44,1.32,13.17,5350,5787,0.00,735232000
2026-09-09T23:47:11Z,1788997631869,31.61,31.34,25.44,1.43,13.04,5348,5784,0.00,733970432
2026-09-09T23:47:12Z,1788997632943,31.48,31.17,25.44,1.31,13.18,5355,5779,0.00,582254592
2026-09-09T23:47:14Z,1788997634017,31.58,31.95,25.44,3.23,15.61,5357,5783,0.00,735264768
2026-09-09T23:47:15Z,1788997635063,31.78,32.88,25.44,3.67,15.63,5357,5781,0.00,701153280
2026-09-09T23:47:16Z,1788997636091,31.80,32.50,25.44,5.86,18.79,5359,5780,0.00,880623616
2026-09-09T23:47:17Z,1788997637153,31.72,32.19,25.44,3.04,15.10,5346,5780,0.00,733511680
2026-09-09T23:47:18Z,1788997638220,31.64,32.17,25.44,6.93,21.91,5362,5777,0.00,733659136
2026-09-09T23:47:19Z,1788997639298,32.06,35.08,25.44,8.67,23.16,5354,5784,0.00,733544448
2026-09-09T23:47:20Z,1788997640336,32.34,35.22,25.44,4.63,18.09,5355,5788,0.00,694042624
2026-09-09T23:47:21Z,1788997641425,31.98,33.05,25.44,2.60,14.69,5345,5773,0.00,280313856
2026-09-09T23:47:22Z,1788997642498,31.77,33.27,25.44,3.00,15.52,5355,5776,0.00,433831936
2026-09-09T23:47:23Z,1788997643577,31.62,32.77,25.44,3.05,14.56,5349,5778,0.00,433340416
2026-09-09T23:47:24Z,1788997644634,31.34,31.30,25.38,0.83,12.32,5356,5777,0.00,434028544
2026-09-09T23:47:25Z,1788997645719,31.55,30.77,25.38,1.63,15.32,5355,5789,0.00,432209920
2026-09-09T23:47:26Z,1788997646786,31.81,35.25,25.38,9.10,24.62,5353,5783,0.00,433913856
2026-09-09T23:47:27Z,1788997647878,32.27,36.67,25.38,8.21,24.55,5346,5772,0.00,433324032
2026-09-09T23:47:28Z,1788997648960,32.23,35.14,25.38,8.52,23.53,5352,5777,0.00,433995776
2026-09-09T23:47:30Z,1788997650014,31.86,32.95,25.38,4.08,15.93,5352,5782,0.00,434421760
2026-09-09T23:47:31Z,1788997651071,31.66,32.97,25.38,2.59,15.21,5350,5784,0.00,728727552
2026-09-09T23:47:32Z,1788997652145,31.72,34.16,25.38,4.19,16.82,5348,5785,0.00,435617792
2026-09-09T23:47:33Z,1788997653183,31.59,32.89,25.38,6.17,18.59,5344,5770,0.00,433012736
2026-09-09T23:47:34Z,1788997654217,31.31,31.94,25.38,2.38,14.37,5350,5777,0.00,431390720
2026-09-09T23:47:35Z,1788997655309,31.20,31.80,25.38,4.08,16.72,5351,5779,0.00,432816128
2026-09-09T23:47:36Z,1788997656366,31.22,32.12,25.38,3.28,15.24,5357,5775,0.00,433733632
2026-09-09T23:47:37Z,1788997657455,31.11,31.80,25.38,2.41,14.26,5357,5775,0.00,432537600
2026-09-09T23:47:38Z,1788997658516,30.95,31.19,25.38,2.05,13.98,5354,5782,0.00,431456256
2026-09-09T23:47:39Z,1788997659599,30.83,31.28,25.31,3.27,15.80,5344,5785,0.00,767623168
2026-09-09T23:47:40Z,1788997660667,30.88,31.86,25.31,3.11,14.75,5347,5779,0.00,431456256
2026-09-09T23:47:41Z,1788997661713,30.77,31.73,25.31,3.17,15.21,5347,5777,0.00,432537600
2026-09-09T23:47:42Z,1788997662735,30.75,31.81,25.31,3.10,15.18,5354,5791,0.00,279396352
2026-09-09T23:47:43Z,1788997663750,30.72,32.17,25.31,3.45,15.27,5354,5782,0.00,282722304
2026-09-09T23:47:44Z,1788997664791,30.64,31.47,25.31,3.87,16.18,5345,5774,0.00,433274880
2026-09-09T23:47:45Z,1788997665821,30.67,32.58,25.31,3.17,15.33,5349,5776,0.00,603209728
2026-09-09T23:47:46Z,1788997666918,30.72,32.75,25.25,5.31,17.98,5349,5776,0.00,752517120
2026-09-09T23:47:48Z,1788997668007,30.78,32.41,25.25,4.47,17.01,5353,5761,0.00,433324032
2026-09-09T23:47:49Z,1788997669092,30.80,32.22,25.25,2.51,13.81,5349,5787,0.00,731922432
2026-09-09T23:47:50Z,1788997670165,30.92,32.48,25.25,6.73,20.64,5352,5777,0.00,732479488
2026-09-09T23:47:51Z,1788997671241,30.89,32.52,25.25,5.28,17.75,5345,5792,0.00,734920704
2026-09-09T23:47:52Z,1788997672288,30.97,33.86,25.25,8.22,21.54,5348,5794,0.00,583860224
2026-09-09T23:47:53Z,1788997673428,31.20,33.95,25.25,5.21,18.25,5349,5777,0.00,736133120
2026-09-09T23:47:54Z,1788997674508,31.20,33.97,25.25,7.46,20.68,5344,5768,0.00,582647808
2026-09-09T23:47:55Z,1788997675543,31.17,33.38,25.25,4.28,16.96,5343,5771,0.00,734101504
2026-09-09T23:47:56Z,1788997676599,31.16,34.09,25.25,7.66,21.91,5352,5778,0.00,581582848
2026-09-09T23:47:57Z,1788997677631,31.39,34.22,25.19,6.94,19.85,5349,5774,0.00,737050624
2026-09-09T23:47:58Z,1788997678682,31.58,34.58,25.19,9.79,24.24,5352,5770,0.00,737214464
2026-09-09T23:47:59Z,1788997679748,31.84,34.56,25.19,9.59,23.37,5345,5781,0.00,736034816
2026-09-09T23:48:00Z,1788997680801,31.83,34.81,25.19,5.78,18.72,5339,5780,0.00,1280409600
2026-09-09T23:48:01Z,1788997681839,31.72,34.33,25.19,8.63,21.95,5352,5773,0.00,969113600
2026-09-09T23:48:02Z,1788997682921,31.94,34.91,25.19,8.15,23.08,5343,5788,0.00,969654272
2026-09-09T23:48:04Z,1788997684012,31.81,34.38,25.19,7.38,19.48,5347,5786,0.00,735166464
2026-09-09T23:48:05Z,1788997685077,31.61,33.33,25.19,6.62,19.84,5351,5779,0.00,734609408
2026-09-09T23:48:06Z,1788997686103,31.56,33.78,25.12,4.04,16.50,5344,5778,0.00,736100352
2026-09-09T23:48:07Z,1788997687159,31.47,33.61,25.12,7.03,20.43,5348,5787,0.00,734609408
2026-09-09T23:48:08Z,1788997688209,31.39,33.41,25.12,5.18,18.09,5350,5776,0.00,736100352
2026-09-09T23:48:09Z,1788997689238,31.27,33.19,25.12,7.42,21.76,5350,5775,0.00,1072873472
2026-09-09T23:48:10Z,1788997690295,31.52,34.02,25.12,5.61,18.37,5337,5775,0.00,735232000
2026-09-09T23:48:11Z,1788997691361,31.39,33.11,25.12,6.46,18.28,5352,5778,0.00,583630848
2026-09-09T23:48:12Z,1788997692428,31.33,33.41,25.12,6.42,19.18,5348,5782,0.00,582336512
2026-09-09T23:48:13Z,1788997693495,31.48,34.94,25.12,11.15,30.02,5352,5785,0.00,735805440
2026-09-09T23:48:14Z,1788997694554,32.08,36.66,25.12,9.92,22.20,5349,5774,0.00,734085120
2026-09-09T23:48:15Z,1788997695631,31.78,34.45,25.12,2.67,13.93,5354,5769,0.00,714833920
2026-09-09T23:48:16Z,1788997696658,31.25,32.31,25.06,2.63,14.77,5349,5778,0.00,1028259840
2026-09-09T23:48:17Z,1788997697688,30.97,31.50,25.06,2.40,14.31,5349,5775,0.00,726646784
2026-09-09T23:48:18Z,1788997698714,30.78,31.22,25.06,7.83,22.64,5346,5778,0.00,748584960
2026-09-09T23:48:19Z,1788997699792,31.91,36.64,25.06,10.70,27.43,5348,5776,0.00,447774720
2026-09-09T23:48:20Z,1788997700828,31.94,35.66,25.06,8.74,25.93,5351,5790,0.00,449904640
2026-09-09T23:48:21Z,1788997701911,31.58,34.28,25.06,4.90,15.91,5347,5779,0.00,435699712
2026-09-09T23:48:22Z,1788997702975,31.20,32.50,25.06,5.00,17.39,5348,5781,0.00,447709184
2026-09-09T23:48:24Z,1788997704062,31.03,32.42,25.06,3.60,16.35,5351,5790,0.00,447873024
2026-09-09T23:48:25Z,1788997705122,31.14,33.19,25.00,4.97,18.29,5352,5769,0.00,422559744
2026-09-09T23:48:26Z,1788997706175,30.84,31.50,25.00,3.63,15.13,5350,5779,0.00,447741952
2026-09-09T23:48:27Z,1788997707220,30.72,31.81,25.00,4.45,16.62,5347,5784,0.00,436846592
2026-09-09T23:48:28Z,1788997708284,30.70,31.89,25.00,3.96,16.21,5342,5776,0.00,295665664
2026-09-09T23:48:29Z,1788997709343,30.61,31.41,25.00,2.19,13.95,5349,5776,0.00,449937408
2026-09-09T23:48:30Z,1788997710421,30.33,30.61,25.00,1.29,12.83,5350,5775,0.00,732479488
2026-09-09T23:48:31Z,1788997711510,30.09,30.25,25.00,1.45,13.28,5347,5771,0.00,441237504
2026-09-09T23:48:32Z,1788997712547,29.92,30.19,25.00,2.11,13.87,5351,5778,0.00,441303040
2026-09-09T23:48:33Z,1788997713633,29.88,30.31,25.00,3.42,16.68,5347,5782,0.00,443432960
2026-09-09T23:48:34Z,1788997714668,30.03,31.08,25.00,4.50,18.31,5354,5775,0.00,440025088
2026-09-09T23:48:35Z,1788997715757,30.00,30.23,24.94,4.40,16.92,5346,5780,0.00,443367424
2026-09-09T23:48:36Z,1788997716827,29.86,29.73,24.94,3.02,15.69,5339,5767,0.00,442056704
2026-09-09T23:48:37Z,1788997717865,29.86,30.23,24.94,3.16,15.91,5354,5775,0.00,291143680
2026-09-09T23:48:38Z,1788997718939,29.98,31.05,24.94,4.07,16.69,5353,5784,0.00,777732096
2026-09-09T23:48:40Z,1788997720006,30.03,31.11,24.94,4.53,17.88,5341,5770,0.00,443400192
2026-09-09T23:48:41Z,1788997721055,29.91,30.30,24.94,4.18,16.87,5352,5776,0.00,442056704
2026-09-09T23:48:42Z,1788997722108,29.80,29.75,24.94,2.88,15.20,5348,5792,0.00,441204736
2026-09-09T23:48:43Z,1788997723152,29.77,30.09,24.88,2.92,15.11,5347,5779,0.00,289964032
2026-09-09T23:48:44Z,1788997724241,29.81,30.89,24.88,4.30,16.82,5352,5765,0.00,443367424
2026-09-09T23:48:45Z,1788997725323,29.81,30.72,24.88,3.78,15.96,5338,5784,0.00,442990592
2026-09-09T23:48:46Z,1788997726366,29.77,30.09,24.88,3.72,16.36,5352,5768,0.00,769163264
2026-09-09T23:48:47Z,1788997727446,29.77,30.16,24.88,3.64,16.16,5347,5777,0.00,442286080
2026-09-09T23:48:48Z,1788997728513,29.75,29.89,24.88,3.20,15.33,5351,5772,0.00,444448768
2026-09-09T23:48:49Z,1788997729537,29.69,29.56,24.88,4.01,18.64,5347,5777,0.00,290914304
2026-09-09T23:48:50Z,1788997730613,30.12,31.36,24.88,11.18,26.28,5352,5773,0.00,288636928
2026-09-09T23:48:51Z,1788997731698,30.78,33.08,24.81,11.21,27.08,5351,5778,0.00,288538624
2026-09-09T23:48:52Z,1788997732786,31.59,34.27,24.81,11.33,26.68,5351,5777,0.00,288538624
2026-09-09T23:48:53Z,1788997733823,31.77,34.41,24.81,10.86,24.87,5352,5771,0.00,288538624
2026-09-09T23:48:54Z,1788997734892,31.58,33.23,24.81,10.41,24.36,5351,5775,0.00,288538624
2026-09-09T23:48:55Z,1788997735933,30.72,31.22,24.81,2.79,13.35,5339,5774,0.00,288538624
2026-09-09T23:48:57Z,1788997737010,30.38,30.86,24.81,1.68,13.67,5351,5780,0.00,288538624
2026-09-09T23:48:58Z,1788997738071,30.19,30.77,24.81,2.74,14.88,5341,5772,0.00,288915456
2026-09-09T23:48:59Z,1788997739109,30.12,31.64,24.81,2.83,14.80,5339,5775,0.00,287211520
2026-09-09T23:49:00Z,1788997740197,30.28,31.78,24.75,3.32,19.98,5361,5788,0.00,536264704
2026-09-09T23:49:01Z,1788997741275,30.42,32.75,24.75,5.67,17.10,5350,5779,0.00,811827200
2026-09-09T23:49:02Z,1788997742363,30.12,31.02,24.75,2.98,15.31,5349,5785,0.00,518193152
2026-09-09T23:49:03Z,1788997743393,30.12,31.67,24.75,4.38,16.58,5353,5778,0.00,286654464
2026-09-09T23:49:04Z,1788997744443,30.02,31.23,24.75,3.18,15.37,5351,5771,0.00,286621696
2026-09-09T23:49:05Z,1788997745482,29.91,30.98,24.75,3.17,15.78,5350,5777,0.00,286621696
2026-09-09T23:49:06Z,1788997746555,29.81,30.55,24.75,2.39,14.06,5338,5770,0.00,286621696
2026-09-09T23:49:07Z,1788997747645,29.67,30.12,24.69,2.61,14.55,5352,5769,0.00,286621696
2026-09-09T23:49:08Z,1788997748728,29.66,30.97,24.69,2.11,14.29,5348,5774,0.00,622641152
2026-09-09T23:49:09Z,1788997749810,29.64,30.75,24.69,4.82,17.60,5347,5774,0.00,286654464
2026-09-09T23:49:10Z,1788997750898,29.50,29.83,24.69,2.95,14.92,5355,5773,0.00,286621696
2026-09-09T23:49:11Z,1788997751959,29.36,29.69,24.69,1.60,13.05,5338,5774,0.00,286621696
2026-09-09T23:49:13Z,1788997753043,29.30,29.52,24.69,2.21,13.84,5348,5778,0.00,286588928
2026-09-09T23:49:14Z,1788997754124,29.28,29.92,24.69,2.69,14.78,5345,5785,0.00,281821184
2026-09-09T23:49:15Z,1788997755173,29.28,30.17,24.62,3.05,14.97,5350,5782,0.00,297156608
2026-09-09T23:49:16Z,1788997756236,29.28,31.30,24.62,4.57,16.50,5345,5776,0.00,618512384
2026-09-09T23:49:17Z,1788997757321,29.30,30.70,24.62,3.90,15.79,5341,5790,0.00,297156608
2026-09-09T23:49:18Z,1788997758358,29.31,31.48,24.62,4.99,18.08,5351,5781,0.00,297156608
2026-09-09T23:49:19Z,1788997759413,29.39,32.48,24.62,6.46,19.31,5350,5785,0.00,286621696
2026-09-09T23:49:20Z,1788997760509,29.59,32.22,24.62,3.28,14.82,5348,5778,0.00,286621696
2026-09-09T23:49:21Z,1788997761569,29.41,30.38,24.62,1.68,13.33,5354,5774,0.00,297156608
2026-09-09T23:49:22Z,1788997762656,29.30,29.38,24.56,3.40,16.67,5347,5764,0.00,288899072
2026-09-09T23:49:23Z,1788997763681,29.33,30.03,24.56,6.62,19.72,5351,5789,0.00,289275904
2026-09-09T23:49:24Z,1788997764752,29.39,31.05,24.56,3.86,16.04,5349,5782,0.00,288899072
2026-09-09T23:49:25Z,1788997765833,29.72,32.61,24.56,5.99,20.47,5348,5772,0.00,288931840
2026-09-09T23:49:26Z,1788997766921,29.67,30.86,24.56,8.91,21.54,5347,5785,0.00,288899072
2026-09-09T23:49:27Z,1788997767994,29.61,31.27,24.50,2.89,16.00,5346,5785,0.00,288899072
2026-09-09T23:49:29Z,1788997769056,29.58,30.73,24.50,6.07,18.70,5340,5766,0.00,288899072
2026-09-09T23:49:30Z,1788997770145,29.58,30.75,24.50,4.70,17.22,5347,5777,0.00,286621696
2026-09-09T23:49:31Z,1788997771210,29.73,32.77,24.50,6.28,18.74,5349,5791,0.00,549486592
2026-09-09T23:49:32Z,1788997772236,29.77,31.84,24.50,5.91,18.66,5353,5772,0.00,286621696
2026-09-09T23:49:33Z,1788997773275,29.75,33.75,24.50,5.95,18.29,5353,5782,0.00,286621696
2026-09-09T23:49:34Z,1788997774307,29.80,33.56,24.50,5.76,18.25,5347,5773,0.00,286687232
2026-09-09T23:49:35Z,1788997775394,29.77,33.08,24.50,4.73,17.06,5349,5789,0.00,286621696
2026-09-09T23:49:36Z,1788997776485,29.73,32.39,24.44,5.13,17.71,5352,5781,0.00,286654464
2026-09-09T23:49:37Z,1788997777566,29.64,31.47,24.44,3.23,15.70,5349,5787,0.00,286621696
2026-09-09T23:49:38Z,1788997778603,29.67,31.84,24.44,5.75,18.96,5351,5768,0.00,624312320
2026-09-09T23:49:39Z,1788997779641,29.70,32.83,24.44,6.11,18.69,5356,5781,0.00,622460928
2026-09-09T23:49:40Z,1788997780687,29.70,32.75,24.44,6.03,18.95,5349,5779,0.00,286654464
2026-09-09T23:49:41Z,1788997781772,30.31,33.72,24.44,9.74,24.79,5343,5768,0.00,286621696
2026-09-09T23:49:42Z,1788997782828,30.31,34.39,24.44,7.36,20.33,5352,5774,0.00,286621696
2026-09-09T23:49:43Z,1788997783856,30.08,32.39,24.44,6.27,18.41,5338,5785,0.00,286621696
2026-09-09T23:49:44Z,1788997784939,29.91,32.52,24.38,3.19,15.94,5351,5778,0.00,286621696
2026-09-09T23:49:45Z,1788997785969,29.83,32.31,24.38,5.79,18.08,5354,5785,0.00,610516992
2026-09-09T23:49:47Z,1788997787008,30.00,33.11,24.38,5.97,19.02,5348,5775,0.00,287080448
2026-09-09T23:49:48Z,1788997788076,29.83,32.38,24.38,4.56,16.63,5348,5776,0.00,286654464
2026-09-09T23:49:49Z,1788997789106,29.80,32.59,24.38,4.99,17.91,5346,5769,0.00,289275904
2026-09-09T23:49:50Z,1788997790195,29.91,33.45,24.38,5.17,17.53,5347,5771,0.00,286621696
2026-09-09T23:49:51Z,1788997791229,30.08,33.89,24.38,9.07,22.93,5344,5778,0.00,289554432
2026-09-09T23:49:52Z,1788997792317,30.22,32.91,24.31,3.84,15.33,5351,5769,0.00,286654464
2026-09-09T23:49:53Z,1788997793379,29.97,33.59,24.31,6.27,19.23,5354,5775,0.00,287047680
2026-09-09T23:49:54Z,1788997794478,29.88,33.30,24.31,6.05,19.14,5346,5775,0.00,286621696
2026-09-09T23:49:55Z,1788997795531,29.98,33.14,24.31,6.13,20.05,5347,5781,0.00,287358976
2026-09-09T23:49:56Z,1788997796576,30.16,33.91,24.31,8.51,21.65,5354,5781,0.00,288899072
2026-09-09T23:49:57Z,1788997797662,30.22,32.66,24.31,2.91,14.86,5354,5778,0.00,287047680
2026-09-09T23:49:58Z,1788997798688,29.91,32.08,24.25,7.41,23.04,5343,5780,0.00,286621696
2026-09-09T23:49:59Z,1788997799741,30.33,33.97,24.25,8.39,21.67,5345,5787,0.00,286654464
2026-09-09T23:50:00Z,1788997800798,30.58,34.64,24.25,7.59,21.23,5353,5787,0.00,836157440
2026-09-09T23:50:01Z,1788997801863,30.80,35.20,24.25,9.50,23.44,5341,5774,0.00,521306112
2026-09-09T23:50:02Z,1788997802919,30.81,35.03,24.25,9.71,24.72,5352,5769,0.00,520634368
2026-09-09T23:50:03Z,1788997803986,30.31,32.36,24.25,5.87,17.34,5354,5777,0.00,286654464
2026-09-09T23:50:05Z,1788997805066,30.56,34.06,24.25,5.85,20.26,5349,5776,0.00,288931840
2026-09-09T23:50:06Z,1788997806097,30.69,33.83,24.19,9.95,23.66,5352,5772,0.00,286621696
2026-09-09T23:50:07Z,1788997807171,30.33,32.42,24.19,4.97,17.39,5349,5773,0.00,286621696
2026-09-09T23:50:08Z,1788997808213,30.20,32.66,24.19,7.06,19.59,5339,5795,0.00,288899072
2026-09-09T23:50:09Z,1788997809291,30.45,34.08,24.19,11.42,27.60,5347,5775,0.00,622084096
2026-09-09T23:50:10Z,1788997810348,30.97,35.41,24.19,12.35,28.07,5345,5774,0.00,288899072
2026-09-09T23:50:11Z,1788997811445,31.22,34.88,24.19,7.37,19.93,5343,5775,0.00,286654464
2026-09-09T23:50:12Z,1788997812495,30.92,35.58,24.19,8.77,23.16,5351,5773,0.00,286621696
2026-09-09T23:50:13Z,1788997813545,31.08,34.84,24.19,6.96,19.02,5351,5771,0.00,286621696
2026-09-09T23:50:14Z,1788997814587,30.78,34.30,24.19,6.45,20.27,5352,5773,0.00,288079872
2026-09-09T23:50:15Z,1788997815658,30.73,35.05,24.12,8.01,22.05,5356,5781,0.00,289554432
2026-09-09T23:50:16Z,1788997816726,30.61,34.02,24.12,5.06,17.91,5347,5775,0.00,606666752
2026-09-09T23:50:17Z,1788997817745,30.56,34.12,24.12,7.58,20.17,5352,5773,0.00,286654464
2026-09-09T23:50:18Z,1788997818841,30.41,32.92,24.12,5.70,18.44,5347,5778,0.00,286621696
2026-09-09T23:50:19Z,1788997819902,30.34,34.27,24.12,4.67,18.38,5344,5776,0.00,286621696
2026-09-09T23:50:20Z,1788997820983,30.58,33.70,24.12,8.42,21.75,5349,5778,0.00,288899072
2026-09-09T23:50:22Z,1788997822052,30.14,31.48,24.12,4.42,16.27,5354,5774,0.00,287080448
2026-09-09T23:50:23Z,1788997823137,30.03,32.44,24.12,2.59,14.81,5348,5787,0.00,293978112
2026-09-09T23:50:24Z,1788997824176,30.16,33.31,24.06,5.48,18.70,5350,5777,0.00,252510208
2026-09-09T23:50:25Z,1788997825243,30.17,32.30,24.06,3.20,15.47,5355,5776,0.00,299433984
2026-09-09T23:50:26Z,1788997826273,30.09,32.20,24.06,4.67,16.28,5345,5781,0.00,293650432
2026-09-09T23:50:27Z,1788997827363,29.78,31.56,24.06,5.54,19.68,5349,5775,0.00,299433984
2026-09-09T23:50:28Z,1788997828387,30.08,33.38,24.06,7.77,21.38,5340,5775,0.00,297189376
2026-09-09T23:50:29Z,1788997829439,30.47,34.59,24.06,10.86,26.10,5346,5792,0.00,286654464
2026-09-09T23:50:30Z,1788997830524,30.62,34.58,24.06,4.86,15.74,5342,5779,0.00,589955072
2026-09-09T23:50:31Z,1788997831576,30.12,31.66,24.06,2.76,15.37,5351,5781,0.00,299433984
2026-09-09T23:50:32Z,1788997832609,29.97,32.58,24.06,6.40,19.59,5343,5768,0.00,299433984
2026-09-09T23:50:33Z,1788997833665,30.25,34.16,24.00,10.87,26.78,5352,5775,0.00,297156608
2026-09-09T23:50:34Z,1788997834723,30.25,34.33,24.00,6.85,18.56,5345,5778,0.00,252510208
2026-09-09T23:50:35Z,1788997835803,30.03,32.39,24.00,2.85,15.88,5361,5775,0.00,295157760
2026-09-09T23:50:36Z,1788997836887,30.16,33.16,24.00,6.56,19.42,5357,5780,0.00,297877504
2026-09-09T23:50:37Z,1788997837919,30.52,34.28,24.00,8.55,22.04,5349,5778,0.00,297451520
2026-09-09T23:50:38Z,1788997838964,30.67,34.67,24.00,10.33,25.35,5353,5775,0.00,632979456
2026-09-09T23:50:40Z,1788997840031,30.64,34.88,24.00,6.63,19.96,5349,5781,0.00,286752768
2026-09-09T23:50:41Z,1788997841068,30.75,34.86,23.94,9.27,23.21,5351,5763,0.00,286752768
2026-09-09T23:50:42Z,1788997842151,30.78,34.70,23.94,8.15,21.86,5345,5774,0.00,286752768
2026-09-09T23:50:43Z,1788997843194,30.80,34.77,23.94,9.51,23.13,5349,5772,0.00,297418752
2026-09-09T23:50:44Z,1788997844214,31.23,35.22,23.94,9.66,22.47,5354,5777,0.00,299696128
2026-09-09T23:50:45Z,1788997845249,30.94,34.56,23.94,7.96,20.85,5358,5783,0.00,300072960
2026-09-09T23:50:46Z,1788997846333,30.59,32.50,23.94,7.70,21.36,5352,5764,0.00,610648064
2026-09-09T23:50:47Z,1788997847420,30.58,32.25,23.94,6.73,20.66,5357,5773,0.00,286752768
2026-09-09T23:50:48Z,1788997848449,30.75,34.53,23.94,10.31,24.20,5351,5779,0.00,289030144
2026-09-09T23:50:49Z,1788997849496,30.89,35.16,23.94,9.86,23.28,5354,5783,0.00,288899072
2026-09-09T23:50:50Z,1788997850524,30.88,34.19,23.94,10.68,27.27,5355,5777,0.00,289161216
2026-09-09T23:50:51Z,1788997851544,31.22,35.17,23.94,10.73,24.54,5347,5784,0.00,286932992
2026-09-09T23:50:52Z,1788997852619,31.23,35.02,23.94,7.75,20.74,5354,5772,0.00,288899072
2026-09-09T23:50:53Z,1788997853647,30.98,34.95,23.88,10.83,26.65,5334,5788,0.00,286621696
2026-09-09T23:50:54Z,1788997854687,31.16,35.22,23.88,7.07,18.66,5347,5770,0.00,288964608
2026-09-09T23:50:55Z,1788997855748,30.81,33.48,23.88,8.07,22.91,5346,5785,0.00,288899072
2026-09-09T23:50:56Z,1788997856805,30.80,34.58,23.88,7.29,20.06,5343,5776,0.00,288899072
2026-09-09T23:50:57Z,1788997857888,30.84,34.41,23.88,9.72,22.99,5348,5776,0.00,286621696
2026-09-09T23:50:58Z,1788997858918,30.94,34.53,23.88,8.96,24.11,5346,5775,0.00,288931840
2026-09-09T23:51:00Z,1788997860002,30.78,33.31,23.88,8.12,20.36,5354,5778,0.00,288931840
2026-09-09T23:51:01Z,1788997861067,30.92,34.22,23.88,7.77,22.98,5351,5777,0.00,837025792
2026-09-09T23:51:02Z,1788997862103,31.20,34.97,23.81,9.72,24.09,5350,5772,0.00,535216128
2026-09-09T23:51:03Z,1788997863197,31.75,37.94,23.81,11.94,26.30,0,0,0.93,93497032704
2026-09-09T23:51:04Z,1788997864215,43.94,38.50,23.81,140.40,134.08,0,0,1.00,93470572544
2026-09-09T23:51:05Z,1788997865295,56.19,39.28,23.81,138.90,133.22,0,0,1.00,93453565952
2026-09-09T23:51:06Z,1788997866353,59.78,40.92,23.81,112.16,125.43,0,0,0.95,93262413824
2026-09-09T23:51:07Z,1788997867373,56.91,42.67,23.81,101.11,128.97,0,0,0.99,88953290752
2026-09-09T23:51:08Z,1788997868440,56.61,43.95,23.81,103.05,131.32,0,0,0.98,93531226112
2026-09-09T23:51:09Z,1788997869473,60.22,45.59,23.81,123.78,128.45,0,0,1.00,93675749376
2026-09-09T23:51:10Z,1788997870540,67.17,48.08,23.81,116.12,124.07,0,0,1.00,93339090944
2026-09-09T23:51:11Z,1788997871585,65.97,49.12,23.81,90.37,114.30,0,0,0.98,93339893760
2026-09-09T23:51:12Z,1788997872643,64.77,51.88,23.75,96.12,128.07,0,0,0.99,89033392128
2026-09-09T23:51:13Z,1788997873663,65.14,52.64,23.75,99.80,130.83,0,0,0.93,89035390976
2026-09-09T23:51:14Z,1788997874685,66.14,55.03,23.75,99.93,131.14,0,0,0.98,93548871680
2026-09-09T23:51:15Z,1788997875705,69.09,56.56,23.75,121.85,125.53,0,0,1.00,93513842688
2026-09-09T23:51:16Z,1788997876735,76.86,59.97,23.75,122.23,126.81,0,0,1.00,93831299072
2026-09-09T23:51:17Z,1788997877812,75.70,61.42,23.75,99.68,119.69,0,0,0.93,93348626432
2026-09-09T23:51:18Z,1788997878885,74.97,62.52,23.75,99.66,129.04,0,0,0.99,89045860352
2026-09-09T23:51:19Z,1788997879948,75.42,63.95,23.75,102.22,132.28,0,0,0.99,89045860352
2026-09-09T23:51:21Z,1788997881025,78.83,64.22,23.75,99.29,130.94,0,0,1.00,93553197056
2026-09-09T23:51:22Z,1788997882071,81.47,65.91,23.75,108.72,118.88,0,0,1.00,93511843840
2026-09-09T23:51:23Z,1788997883095,83.08,67.53,23.75,97.43,119.56,0,0,1.00,93512024064
2026-09-09T23:51:24Z,1788997884129,83.41,69.02,23.75,98.80,119.93,0,0,0.99,93310615552
2026-09-09T23:51:25Z,1788997885211,82.80,70.66,23.75,100.72,131.38,0,0,0.63,88876630016
2026-09-09T23:51:26Z,1788997886255,83.33,70.42,23.75,99.50,131.65,0,0,0.43,88893718528
2026-09-09T23:51:27Z,1788997887282,84.78,72.36,23.75,106.90,122.38,0,0,1.00,93562961920
2026-09-09T23:51:28Z,1788997888344,88.00,73.58,23.75,92.34,117.85,0,0,1.00,93369122816
2026-09-09T23:51:29Z,1788997889400,89.27,75.09,23.75,95.09,119.68,0,0,1.00,93369614336
2026-09-09T23:51:30Z,1788997890456,90.42,77.14,23.69,94.16,121.85,0,0,0.87,93501931520
2026-09-09T23:51:31Z,1788997891496,89.48,77.02,23.69,104.09,133.45,1360,1525,0.99,89192562688
2026-09-09T23:51:32Z,1788997892531,90.16,79.34,23.69,105.73,133.84,1375,1491,0.99,88902533120
2026-09-09T23:51:33Z,1788997893587,90.75,80.08,23.69,104.44,125.62,1341,1457,0.98,93412491264
2026-09-09T23:51:34Z,1788997894640,92.16,81.47,23.69,86.47,112.41,1351,1462,1.00,93373087744
2026-09-09T23:51:35Z,1788997895688,91.91,80.72,23.75,84.30,114.78,1344,1459,1.00,93370941440
2026-09-09T23:51:36Z,1788997896709,92.72,78.61,23.69,87.00,115.85,1355,1457,0.98,93207429120
2026-09-09T23:51:37Z,1788997897755,92.77,80.92,23.69,95.13,126.59,1344,1454,0.91,88902139904
2026-09-09T23:51:38Z,1788997898820,93.23,82.73,23.69,104.85,134.06,1365,1464,0.87,89233965056
2026-09-09T23:51:39Z,1788997899882,93.75,82.88,23.69,105.18,132.92,1398,1518,0.98,93420584960
2026-09-09T23:51:40Z,1788997900901,94.62,82.88,23.75,96.92,116.55,1449,1559,1.00,93379362816
2026-09-09T23:51:41Z,1788997901969,94.97,83.55,23.69,80.04,112.45,1479,1601,1.00,93383540736
2026-09-09T23:51:43Z,1788997903000,95.94,83.31,23.69,87.20,116.52,1530,1648,0.99,93208608768
2026-09-09T23:51:44Z,1788997904055,95.17,84.22,23.75,91.21,119.08,1590,1716,0.99,93213818880
2026-09-09T23:51:45Z,1788997905111,95.86,85.36,23.69,103.66,133.09,1636,1764,0.99,88910266368
2026-09-09T23:51:46Z,1788997906130,95.78,84.36,23.75,104.55,132.48,1680,1813,0.93,89228787712
2026-09-09T23:51:47Z,1788997907155,96.86,85.97,23.69,97.50,125.21,1718,1866,1.00,93430431744
2026-09-09T23:51:48Z,1788997908176,96.48,85.45,23.69,91.44,115.00,1768,1917,1.00,93534404608
2026-09-09T23:51:49Z,1788997909236,96.83,86.25,23.75,88.19,117.88,1832,1968,1.00,93534568448
2026-09-09T23:51:50Z,1788997910316,97.47,86.98,23.75,90.98,120.86,1878,2029,0.99,93369221120
2026-09-09T23:51:51Z,1788997911346,96.25,85.41,23.75,101.98,132.02,1926,2070,0.79,88909512704
2026-09-09T23:51:52Z,1788997912414,96.78,86.00,23.75,104.03,132.68,1979,2134,0.95,88909529088
2026-09-09T23:51:53Z,1788997913468,96.86,85.84,23.75,88.16,105.69,2028,2187,0.99,87015751680
2026-09-09T23:51:54Z,1788997914485,91.44,88.69,23.75,27.73,51.44,2088,2259,0.97,93638246400
2026-09-09T23:51:55Z,1788997915538,94.50,88.05,23.75,112.09,129.97,2146,2318,1.00,93610786816
2026-09-09T23:51:56Z,1788997916569,98.47,86.12,23.75,102.79,126.97,2214,2383,1.00,93613342720
2026-09-09T23:51:57Z,1788997917610,99.61,86.61,23.75,106.03,132.53,2270,2448,0.96,93244276736
2026-09-09T23:51:58Z,1788997918676,98.39,86.48,23.75,110.04,135.37,2327,2524,0.93,88941428736
2026-09-09T23:51:59Z,1788997919702,98.12,87.19,23.81,107.98,134.42,2391,2585,0.98,93519773696
2026-09-09T23:52:00Z,1788997920726,97.75,87.41,23.81,100.03,122.07,2456,2649,1.00,94031003648
2026-09-09T23:52:01Z,1788997921759,96.98,86.56,23.81,79.57,113.59,2513,2718,1.00,93711466496
2026-09-09T23:52:02Z,1788997922822,96.98,85.20,23.81,84.63,115.79,2540,2744,1.00,93720592384
2026-09-09T23:52:03Z,1788997923898,95.36,85.59,23.81,83.07,114.71,2567,2773,0.99,93324836864
2026-09-09T23:52:04Z,1788997924982,95.39,84.78,23.81,102.63,133.12,2595,2791,0.90,89021906944
2026-09-09T23:52:06Z,1788997926062,95.33,85.03,23.81,100.88,131.30,2626,2835,0.89,90618839040
2026-09-09T23:52:07Z,1788997927103,95.53,83.78,23.81,92.94,119.35,2649,2867,1.00,93540909056
2026-09-09T23:52:08Z,1788997928124,95.27,83.12,23.88,84.05,113.87,2677,2887,1.00,93499949056
2026-09-09T23:52:09Z,1788997929184,95.41,83.31,23.88,78.87,112.60,2696,2918,1.00,93839015936
2026-09-09T23:52:10Z,1788997930232,94.78,84.11,23.88,95.88,127.10,2733,2939,0.90,93338730496
2026-09-09T23:52:11Z,1788997931310,94.30,84.25,23.88,101.79,130.34,2752,2979,0.75,89034883072
2026-09-09T23:52:12Z,1788997932329,93.70,82.95,23.88,98.03,131.01,2773,3004,0.93,89034850304
2026-09-09T23:52:13Z,1788997933361,93.69,84.58,23.88,98.27,119.09,2800,3035,0.99,93544464384
2026-09-09T23:52:14Z,1788997934386,94.28,85.19,23.88,81.39,114.73,2825,3054,1.00,93533044736
2026-09-09T23:52:15Z,1788997935465,93.83,84.17,23.88,82.81,115.59,2855,3081,1.00,93552984064
2026-09-09T23:52:16Z,1788997936492,94.20,84.19,23.94,87.41,119.22,2888,3123,0.98,93670572032
2026-09-09T23:52:17Z,1788997937535,92.45,82.44,23.94,95.22,128.36,2914,3137,0.89,89038258176
2026-09-09T23:52:18Z,1788997938554,92.67,83.22,23.94,105.35,133.72,2937,3175,0.99,88885166080
2026-09-09T23:52:19Z,1788997939592,92.92,84.00,23.94,101.33,124.81,2963,3188,0.95,93400121344
2026-09-09T23:52:20Z,1788997940651,93.41,84.17,23.94,84.96,114.70,2989,3227,1.00,93361258496
2026-09-09T23:52:21Z,1788997941728,92.69,81.81,24.00,76.27,109.52,3021,3259,1.00,93521805312
2026-09-09T23:52:22Z,1788997942768,92.89,82.56,24.00,86.59,117.71,3046,3288,0.99,93201022976
2026-09-09T23:52:23Z,1788997943830,91.64,82.89,24.00,90.70,122.34,3078,3319,0.98,89047072768
2026-09-09T23:52:24Z,1788997944913,91.62,83.02,24.00,104.25,132.84,3110,3354,0.99,89047007232
2026-09-09T23:52:25Z,1788997945976,91.72,82.05,24.00,102.25,132.57,3123,3376,0.75,93402284032
2026-09-09T23:52:27Z,1788997947062,92.16,81.75,24.00,96.76,121.60,3146,3399,1.00,93365010432
2026-09-09T23:52:28Z,1788997948103,91.64,81.92,24.06,80.90,111.99,3101,3358,1.00,93362847744
2026-09-09T23:52:29Z,1788997949164,91.89,81.72,24.06,84.76,115.96,3070,3314,1.00,93365403648
2026-09-09T23:52:30Z,1788997950244,90.50,80.52,24.06,87.12,117.40,3040,3289,0.83,93199368192
2026-09-09T23:52:31Z,1788997951293,90.34,79.58,24.06,100.04,131.66,3013,3235,0.76,89187975168
2026-09-09T23:52:32Z,1788997952349,90.84,81.00,24.06,103.22,132.61,2973,3205,0.99,88895700992
2026-09-09T23:52:33Z,1788997953431,90.77,81.69,24.12,95.48,117.76,2943,3176,0.99,93418061824
2026-09-09T23:52:34Z,1788997954494,91.92,82.20,24.12,86.22,116.89,2922,3142,1.00,93377495040
2026-09-09T23:52:35Z,1788997955532,91.91,81.41,24.12,80.14,111.47,2885,3125,1.00,93374857216
2026-09-09T23:52:36Z,1788997956563,92.16,81.05,24.12,89.88,118.90,2858,3088,0.96,93212393472
2026-09-09T23:52:37Z,1788997957612,91.25,82.06,24.12,101.38,132.83,2839,3058,0.99,88904466432
2026-09-09T23:52:38Z,1788997958639,91.27,82.81,24.19,104.64,133.58,2809,3029,0.99,89236914176
2026-09-09T23:52:39Z,1788997959670,91.59,83.27,24.19,103.74,132.57,2798,3036,0.98,93414113280
2026-09-09T23:52:40Z,1788997960693,92.48,83.47,24.19,86.27,110.29,2823,3054,1.00,93376069632
2026-09-09T23:52:41Z,1788997961727,92.09,82.73,24.25,79.55,113.10,2849,3094,1.00,93389799424
2026-09-09T23:52:42Z,1788997962796,92.72,82.97,24.25,87.00,117.27,2875,3105,1.00,93376528384
2026-09-09T23:52:43Z,1788997963876,91.45,83.44,24.25,89.87,120.38,2852,3084,0.99,88904318976
2026-09-09T23:52:44Z,1788997964896,91.64,83.31,24.25,102.35,132.70,2834,3056,0.68,88904089600
2026-09-09T23:52:45Z,1788997965962,91.78,81.56,24.25,100.79,130.87,2845,3073,0.91,89222037504
2026-09-09T23:52:47Z,1788997967024,87.62,86.14,24.31,93.29,114.13,2866,3091,0.99,91979218944
2026-09-09T23:52:48Z,1788997968108,91.91,84.17,24.31,26.01,51.10,2887,3130,0.99,93492609024
2026-09-09T23:52:49Z,1788997969147,95.08,83.39,24.31,123.08,131.39,2932,3154,1.00,93464428544
2026-09-09T23:52:50Z,1788997970232,95.58,81.25,24.31,89.14,121.19,2953,3192,0.99,93092577280
2026-09-09T23:52:51Z,1788997971251,93.00,80.84,24.31,103.00,133.66,2978,3214,1.00,88794857472
2026-09-09T23:52:52Z,1788997972334,92.88,82.20,24.38,107.33,134.64,3002,3251,0.00,88794267648
2026-09-09T23:52:53Z,1788997973401,92.89,83.97,24.38,100.05,121.07,3037,3283,1.00,93378396160
2026-09-09T23:52:54Z,1788997974488,93.58,83.94,24.38,81.49,115.19,3070,3311,1.00,93343809536
2026-09-09T23:52:55Z,1788997975545,93.22,81.73,24.38,80.97,113.27,3102,3346,1.00,93339910144
2026-09-09T23:52:56Z,1788997976566,93.53,82.05,24.38,86.71,120.10,3131,3388,0.98,93182427136
2026-09-09T23:52:57Z,1788997977584,92.03,83.72,24.44,106.23,134.28,3169,3414,0.98,88875335680
2026-09-09T23:52:58Z,1788997978624,92.08,84.86,24.44,105.05,133.28,3198,3448,0.99,88874713088
2026-09-09T23:52:59Z,1788997979702,92.09,84.11,24.44,96.63,124.44,3221,3476,1.00,93392142336
2026-09-09T23:53:00Z,1788997980755,91.50,81.47,24.44,75.68,103.46,3256,3517,1.00,93900013568
2026-09-09T23:53:01Z,1788997981794,92.09,82.14,24.50,80.08,115.43,3264,3528,1.00,93622550528
2026-09-09T23:53:02Z,1788997982817,91.42,82.73,24.50,87.82,118.01,3272,3530,0.99,93424304128
2026-09-09T23:53:03Z,1788997983846,90.56,80.47,24.50,89.51,122.34,3254,3511,0.99,88884133888
2026-09-09T23:53:04Z,1788997984865,90.86,80.98,24.50,94.38,128.23,3234,3490,0.98,88871567360
2026-09-09T23:53:05Z,1788997985932,90.66,82.05,24.56,101.35,132.67,3247,3523,0.91,93391306752
2026-09-09T23:53:06Z,1788997986987,92.28,82.03,24.56,98.30,120.08,3288,3541,1.00,93348462592
2026-09-09T23:53:08Z,1788997988064,92.19,83.23,24.56,84.35,116.71,3279,3547,1.00,93350150144
2026-09-09T23:53:09Z,1788997989115,92.08,80.98,24.56,87.06,117.60,3267,3531,0.99,93702455296
2026-09-09T23:53:10Z,1788997990198,90.52,81.34,24.56,103.09,133.31,3237,3487,0.97,89038225408
2026-09-09T23:53:11Z,1788997991227,90.86,82.55,24.62,103.28,131.53,3221,3478,0.99,89037389824
2026-09-09T23:53:12Z,1788997992258,91.12,83.11,24.62,100.31,126.60,3239,3481,0.98,93401333760
2026-09-09T23:53:13Z,1788997993322,92.16,83.56,24.62,91.17,117.51,3277,3539,1.00,93511385088
2026-09-09T23:53:14Z,1788997994355,91.39,81.41,24.62,79.23,112.27,3310,3572,1.00,93512237056
2026-09-09T23:53:15Z,1788997995436,91.50,82.02,24.69,86.14,115.78,3335,3603,1.00,93370466304
2026-09-09T23:53:16Z,1788997996475,91.25,82.20,24.69,90.46,123.37,3370,3640,0.91,93687660544
2026-09-09T23:53:17Z,1788997997561,90.33,81.56,24.69,100.84,130.88,3361,3630,0.96,89058426880
2026-09-09T23:53:18Z,1788997998592,90.53,82.38,24.69,98.65,126.19,3372,3650,0.96,89055985664
2026-09-09T23:53:19Z,1788997999616,90.34,81.02,24.75,88.74,119.38,3389,3673,0.85,93412622336
2026-09-09T23:53:20Z,1788998000655,91.05,82.06,24.75,89.66,119.51,3432,3711,1.00,93374693376
2026-09-09T23:53:21Z,1788998001737,91.70,81.81,24.75,87.76,117.53,3454,3719,1.00,93527228416
2026-09-09T23:53:22Z,1788998002806,90.58,82.16,24.81,88.69,116.78,3435,3714,0.99,93363404800
2026-09-09T23:53:23Z,1788998003842,90.09,80.91,24.81,94.14,126.87,3456,3722,0.00,89056559104
2026-09-09T23:53:24Z,1788998004889,90.05,80.56,24.81,96.68,128.78,3445,3731,0.89,88903892992
2026-09-09T23:53:25Z,1788998005921,90.30,82.66,24.81,99.40,131.11,3459,3726,0.98,93572759552
2026-09-09T23:53:26Z,1788998006981,90.94,83.53,24.88,99.80,121.17,3454,3724,1.00,93533487104
2026-09-09T23:53:28Z,1788998008013,90.67,83.38,24.88,84.74,117.14,3432,3703,1.00,93411770368
2026-09-09T23:53:29Z,1788998009047,90.92,81.64,24.88,83.75,114.45,3431,3704,0.99,93361176576
2026-09-09T23:53:30Z,1788998010092,89.25,80.11,24.88,82.18,108.84,3411,3686,0.81,89065324544
2026-09-09T23:53:31Z,1788998011130,89.58,80.77,24.94,95.41,130.15,3422,3701,0.96,89357320192
2026-09-09T23:53:32Z,1788998012161,89.80,81.22,24.94,102.42,131.41,3402,3678,0.93,89064472576
2026-09-09T23:53:33Z,1788998013189,90.30,80.67,24.94,100.03,129.64,3426,3698,0.99,93577871360
2026-09-09T23:53:34Z,1788998014224,90.72,79.75,24.94,82.19,113.39,3457,3730,1.00,93542121472
2026-09-09T23:53:35Z,1788998015256,91.34,80.70,25.00,90.24,117.64,3455,3728,1.00,93383868416
2026-09-09T23:53:36Z,1788998016328,91.78,81.23,25.00,94.12,124.85,3454,3730,0.99,93368434688
2026-09-09T23:53:37Z,1788998017358,90.00,81.08,25.00,99.11,129.07,3458,3729,0.96,89064570880
2026-09-09T23:53:38Z,1788998018425,89.81,82.02,25.00,102.97,132.29,3459,3729,0.85,89065947136
2026-09-09T23:53:39Z,1788998019494,90.17,81.42,25.00,89.48,106.40,3451,3737,0.82,777682944
2026-09-09T23:53:40Z,1788998020555,85.41,82.28,25.06,16.53,33.05,4833,5187,0.00,295305216
2026-09-09T23:53:41Z,1788998021593,80.62,82.53,25.06,14.17,27.61,5091,5465,0.00,444923904
2026-09-09T23:53:42Z,1788998022624,77.20,78.89,25.12,8.07,21.72,5243,5618,0.00,293601280
2026-09-09T23:53:43Z,1788998023657,74.34,75.36,25.12,3.52,15.94,5299,5693,0.00,445382656
2026-09-09T23:53:44Z,1788998024677,71.95,72.48,25.12,9.22,25.65,5333,5733,0.00,445775872
2026-09-09T23:53:45Z,1788998025729,68.30,69.88,25.19,9.18,22.98,5345,5746,0.00,444727296
2026-09-09T23:53:46Z,1788998026758,66.62,67.92,25.19,9.35,24.23,5351,5778,0.00,768704512
2026-09-09T23:53:47Z,1788998027852,65.05,65.41,25.19,7.37,19.29,5354,5782,0.00,447004672
2026-09-09T23:53:48Z,1788998028898,63.36,63.39,25.19,4.54,17.18,5357,5782,0.00,445841408
2026-09-09T23:53:49Z,1788998029978,62.03,62.83,25.25,4.60,17.34,5358,5776,0.00,445513728
2026-09-09T23:53:51Z,1788998031014,60.78,61.72,25.25,6.60,20.22,5349,5782,0.00,445841408
2026-09-09T23:53:52Z,1788998032066,59.81,60.62,25.25,5.71,19.12,5353,5782,0.00,292569088
2026-09-09T23:53:53Z,1788998033142,58.56,59.14,25.25,4.35,16.39,5350,5785,0.00,445775872
2026-09-09T23:53:54Z,1788998034175,57.59,59.47,25.31,6.31,19.37,5360,5778,0.00,444661760
2026-09-09T23:53:55Z,1788998035202,56.70,58.69,25.31,9.57,26.34,5351,5782,0.00,445775872
2026-09-09T23:53:56Z,1788998036249,56.12,59.77,25.31,10.30,23.26,5352,5785,0.00,444661760
2026-09-09T23:53:57Z,1788998037279,55.08,57.31,25.31,3.60,15.41,5346,5784,0.00,293601280
2026-09-09T23:53:58Z,1788998038327,54.06,55.25,25.38,4.97,18.72,5350,5785,0.00,446152704
2026-09-09T23:53:59Z,1788998039365,53.36,55.39,25.38,8.41,22.98,5350,5780,0.00,445775872
2026-09-09T23:54:00Z,1788998040422,52.80,55.11,25.38,6.42,18.95,5345,5787,0.00,838107136
2026-09-09T23:54:01Z,1788998041509,52.19,53.92,25.38,5.33,16.92,5346,5783,0.00,540098560
2026-09-09T23:54:02Z,1788998042577,51.55,53.08,25.38,5.98,19.88,5349,5778,0.00,676659200
2026-09-09T23:54:03Z,1788998043638,50.91,51.66,25.44,3.28,14.63,5349,5785,0.00,445595648
2026-09-09T23:54:04Z,1788998044721,49.83,49.61,25.44,5.84,21.69,5350,5783,0.00,444547072
2026-09-09T23:54:05Z,1788998045776,49.44,51.95,25.44,8.65,22.55,5337,5789,0.00,447889408
2026-09-09T23:54:06Z,1788998046853,48.91,50.45,25.44,7.24,20.21,5355,5776,0.00,444547072
2026-09-09T23:54:07Z,1788998047939,48.20,48.50,25.50,2.22,13.27,5342,5783,0.00,445693952
2026-09-09T23:54:09Z,1788998049019,47.53,47.44,25.50,2.33,14.33,5347,5774,0.00,779255808
2026-09-09T23:54:10Z,1788998050103,46.89,46.36,25.50,2.25,14.22,5346,5769,0.00,459571200
2026-09-09T23:54:11Z,1788998051182,46.66,48.72,25.50,4.46,18.29,5353,5780,0.00,447578112
2026-09-09T23:54:12Z,1788998052272,46.19,48.66,25.50,3.28,14.98,5347,5776,0.00,447889408
2026-09-09T23:54:13Z,1788998053307,45.80,47.84,25.50,5.63,20.12,5348,5769,0.00,459440128
2026-09-09T23:54:14Z,1788998054394,45.62,49.03,25.50,7.33,19.33,5340,5773,0.00,444547072
2026-09-09T23:54:15Z,1788998055483,45.33,48.69,25.56,7.63,20.99,5352,5781,0.00,459128832
2026-09-09T23:54:16Z,1788998056566,45.00,48.00,25.56,6.38,20.19,5343,5777,0.00,767754240
2026-09-09T23:54:17Z,1788998057619,44.75,47.73,25.56,5.05,16.86,5349,5771,0.00,445661184
2026-09-09T23:54:18Z,1788998058700,44.44,46.39,25.56,2.53,13.74,5348,5781,0.00,444547072
2026-09-09T23:54:19Z,1788998059769,43.97,46.55,25.56,6.75,21.58,5346,5780,0.00,445530112
2026-09-09T23:54:20Z,1788998060844,43.59,45.64,25.56,5.93,17.70,5353,5774,0.00,444547072
2026-09-09T23:54:21Z,1788998061898,43.41,46.47,25.56,5.89,18.38,5351,5780,0.00,447889408
2026-09-09T23:54:22Z,1788998062936,42.92,43.92,25.62,4.37,15.79,5348,5782,0.00,444547072
2026-09-09T23:54:24Z,1788998064012,42.56,44.20,25.62,2.23,14.61,5355,5779,0.00,457654272
2026-09-09T23:54:25Z,1788998065084,42.31,44.91,25.62,4.48,16.65,5347,5775,0.00,457654272
2026-09-09T23:54:26Z,1788998066154,42.08,44.44,25.62,4.11,15.30,5341,5769,0.00,446218240
2026-09-09T23:54:27Z,1788998067202,41.95,43.81,25.62,4.96,18.32,5349,5772,0.00,447643648
2026-09-09T23:54:28Z,1788998068243,41.77,43.95,25.62,5.01,16.58,5350,5772,0.00,445366272
2026-09-09T23:54:29Z,1788998069297,41.39,42.39,25.62,2.30,14.58,5348,5772,0.00,447873024
2026-09-09T23:54:30Z,1788998070377,41.12,42.84,25.62,5.06,17.00,5350,5785,0.00,740376576
2026-09-09T23:54:31Z,1788998071440,40.83,41.75,25.62,4.25,17.38,5343,5770,0.00,447102976
2026-09-09T23:54:32Z,1788998072524,40.77,43.72,25.62,8.84,22.10,5350,5772,0.00,445480960
2026-09-09T23:54:33Z,1788998073590,40.56,43.23,25.62,2.49,13.81,5349,5770,0.00,444497920
2026-09-09T23:54:34Z,1788998074616,40.20,41.34,25.62,2.83,14.63,5342,5771,0.00,445956096
2026-09-09T23:54:35Z,1788998075694,40.00,42.44,25.62,5.80,18.37,5353,5777,0.00,444497920
2026-09-09T23:54:36Z,1788998076721,39.47,41.28,25.62,2.23,14.00,5345,5783,0.00,445284352
2026-09-09T23:54:37Z,1788998077793,39.25,40.36,25.62,3.27,15.34,5347,5781,0.00,444497920
2026-09-09T23:54:38Z,1788998078870,39.06,38.92,25.62,2.15,13.05,5350,5775,0.00,779845632
2026-09-09T23:54:39Z,1788998079930,39.11,42.20,25.62,4.31,17.02,5349,5774,0.00,446775296
2026-09-09T23:54:40Z,1788998080985,39.27,43.25,25.62,10.73,25.16,5355,5773,0.00,447840256
2026-09-09T23:54:42Z,1788998082115,39.33,42.64,25.62,8.81,24.18,5353,5779,0.00,444497920
2026-09-09T23:54:43Z,1788998083175,38.89,41.11,25.62,4.16,14.79,5346,5774,0.00,445775872
2026-09-09T23:54:44Z,1788998084240,38.69,40.81,25.62,5.83,18.93,5355,5786,0.00,445562880
2026-09-09T23:54:45Z,1788998085315,38.78,42.42,25.62,8.61,22.71,5349,5765,0.00,445546496
2026-09-09T23:54:46Z,1788998086399,38.48,41.17,25.62,4.84,17.89,5348,5775,0.00,765067264
2026-09-09T23:54:47Z,1788998087484,38.45,41.72,25.62,4.41,16.79,5357,5781,0.00,445612032
2026-09-09T23:54:48Z,1788998088552,38.08,40.30,25.62,3.09,14.93,5356,5777,0.00,444497920
2026-09-09T23:54:49Z,1788998089601,37.84,39.69,25.62,3.20,15.41,5346,5779,0.00,445612032
2026-09-09T23:54:50Z,1788998090646,37.59,39.22,25.62,4.56,17.51,5350,5774,0.00,445284352
2026-09-09T23:54:51Z,1788998091703,37.55,40.73,25.62,5.87,17.97,5355,5790,0.00,447021056
2026-09-09T23:54:52Z,1788998092788,37.41,40.27,25.62,4.32,16.25,5354,5784,0.00,447496192
2026-09-09T23:54:53Z,1788998093870,37.14,38.75,25.62,5.23,17.66,5353,5771,0.00,293437440
2026-09-09T23:54:54Z,1788998094902,37.06,39.22,25.62,1.75,13.17,5348,5788,0.00,444432384
2026-09-09T23:54:55Z,1788998095990,37.12,40.02,25.62,6.60,20.00,5339,5782,0.00,445546496
2026-09-09T23:54:57Z,1788998097058,37.11,39.55,25.62,8.45,22.51,5351,5782,0.00,445218816
2026-09-09T23:54:58Z,1788998098111,36.88,38.53,25.62,2.42,13.49,5344,5773,0.00,445480960
2026-09-09T23:54:59Z,1788998099150,36.70,37.91,25.62,3.28,16.42,5351,5784,0.00,444432384
2026-09-09T23:55:00Z,1788998100246,36.73,39.94,25.62,5.10,16.93,5347,5780,0.00,697548800
2026-09-09T23:55:01Z,1788998101300,36.56,38.02,25.62,2.09,13.87,5340,5774,0.00,824803328
2026-09-09T23:55:02Z,1788998102381,36.22,36.88,25.62,2.78,14.36,5338,5766,0.00,525352960
2026-09-09T23:55:03Z,1788998103451,36.28,38.89,25.62,9.37,24.12,5352,5775,0.00,445087744
2026-09-09T23:55:04Z,1788998104507,36.33,37.78,25.62,1.92,13.88,5353,5775,0.00,294453248
2026-09-09T23:55:05Z,1788998105595,36.05,38.39,25.56,5.78,17.73,5350,5776,0.00,444858368
2026-09-09T23:55:06Z,1788998106625,36.12,39.48,25.56,8.47,22.07,5345,5788,0.00,446988288
2026-09-09T23:55:07Z,1788998107722,36.02,37.72,25.56,4.55,16.45,5354,5769,0.00,444432384
2026-09-09T23:55:08Z,1788998108811,35.73,37.44,25.56,2.86,15.20,5346,5769,0.00,781582336
2026-09-09T23:55:09Z,1788998109868,35.77,38.86,25.56,3.92,17.18,5351,5769,0.00,445349888
2026-09-09T23:55:10Z,1788998110912,35.94,38.89,25.56,8.65,22.00,5337,5773,0.00,293371904
2026-09-09T23:55:11Z,1788998111990,35.78,39.55,25.56,5.82,17.56,5346,5781,0.00,444497920
2026-09-09T23:55:13Z,1788998113030,35.72,38.39,25.56,6.32,19.32,5354,5772,0.00,445546496
2026-09-09T23:55:14Z,1788998114113,35.59,38.56,25.56,3.19,15.51,5348,5779,0.00,444497920
2026-09-09T23:55:15Z,1788998115212,35.67,38.84,25.56,5.04,18.36,5351,5781,0.00,445546496
2026-09-09T23:55:16Z,1788998116270,35.61,38.73,25.56,9.07,22.49,5342,5780,0.00,767082496
2026-09-09T23:55:17Z,1788998117370,35.56,37.72,25.56,5.47,18.13,5347,5771,0.00,445546496
2026-09-09T23:55:18Z,1788998118460,35.48,37.34,25.50,3.37,15.07,5349,5778,0.00,446775296
2026-09-09T23:55:19Z,1788998119508,35.03,35.53,25.50,1.07,12.88,5341,5772,0.00,445546496
2026-09-09T23:55:20Z,1788998120567,34.91,36.59,25.50,6.86,20.40,5355,5776,0.00,444497920
2026-09-09T23:55:21Z,1788998121622,35.05,37.45,25.50,4.84,16.08,5344,5776,0.00,445546496
2026-09-09T23:55:22Z,1788998122696,34.88,37.55,25.50,5.88,18.62,5356,5782,0.00,444219392
2026-09-09T23:55:23Z,1788998123724,34.45,36.06,25.50,1.34,12.58,5353,5777,0.00,459456512
2026-09-09T23:55:24Z,1788998124759,34.52,35.95,25.50,5.47,18.87,5345,5775,0.00,445317120
2026-09-09T23:55:25Z,1788998125824,34.62,36.89,25.44,4.92,18.59,5353,5773,0.00,445939712
2026-09-09T23:55:26Z,1788998126864,34.56,37.30,25.44,3.90,15.14,5342,5777,0.00,447430656
2026-09-09T23:55:27Z,1788998127941,34.59,36.08,25.44,8.23,22.53,5343,5785,0.00,445939712
2026-09-09T23:55:29Z,1788998129032,34.39,36.31,25.44,2.75,14.35,5344,5776,0.00,460242944
2026-09-09T23:55:30Z,1788998130083,34.45,37.59,25.44,7.09,20.41,5348,5773,0.00,460242944
2026-09-09T23:55:31Z,1788998131133,34.22,36.62,25.44,4.27,15.30,5345,5777,0.00,752648192
2026-09-09T23:55:32Z,1788998132186,34.17,36.56,25.44,5.86,19.56,5353,5789,0.00,416251904
2026-09-09T23:55:33Z,1788998133294,34.42,37.58,25.44,5.53,16.77,5346,5780,0.00,457965568
2026-09-09T23:55:34Z,1788998134355,34.05,34.84,25.38,5.65,20.56,5348,5764,0.00,460242944
2026-09-09T23:55:35Z,1788998135399,34.53,37.66,25.38,7.24,18.73,5340,5780,0.00,460242944
2026-09-09T23:55:36Z,1788998136428,34.19,36.25,25.38,6.30,20.80,5348,5789,0.00,459456512
2026-09-09T23:55:37Z,1788998137517,34.23,36.42,25.38,4.56,16.24,5355,5782,0.00,445874176
2026-09-09T23:55:38Z,1788998138552,34.03,35.53,25.38,2.08,12.67,5350,5769,0.00,688439296
2026-09-09T23:55:39Z,1788998139636,33.64,34.05,25.38,2.07,13.98,5347,5789,0.00,781434880
2026-09-09T23:55:40Z,1788998140723,33.53,36.27,25.31,4.63,17.18,5342,5780,0.00,260898816
2026-09-09T23:55:41Z,1788998141745,33.56,35.34,25.31,6.08,18.65,5346,5784,0.00,303824896
2026-09-09T23:55:42Z,1788998142779,33.61,36.12,25.31,4.04,16.50,5343,5772,0.00,292323328
2026-09-09T23:55:43Z,1788998143834,33.48,36.22,25.31,4.18,16.11,5354,5775,0.00,292028416
2026-09-09T23:55:44Z,1788998144863,33.33,35.45,25.31,5.82,17.92,5349,5774,0.00,294387712
2026-09-09T23:55:45Z,1788998145897,33.53,36.53,25.31,4.18,16.98,5348,5784,0.00,613515264
2026-09-09T23:55:46Z,1788998146934,33.58,36.16,25.31,6.54,19.49,5351,5788,0.00,456294400
2026-09-09T23:55:47Z,1788998147987,33.61,38.09,25.31,5.04,17.36,5345,5766,0.00,303595520
2026-09-09T23:55:49Z,1788998149050,33.53,35.48,25.31,9.45,23.29,5342,5775,0.00,295190528
2026-09-09T23:55:50Z,1788998150134,33.08,33.53,25.31,1.62,13.19,5353,5782,0.00,291979264
2026-09-09T23:55:51Z,1788998151219,33.19,35.75,25.25,6.09,18.98,5349,5774,0.00,292962304
2026-09-09T23:55:52Z,1788998152296,33.02,34.34,25.25,1.86,12.92,5346,5779,0.00,291979264
2026-09-09T23:55:53Z,1788998153376,32.89,34.64,25.25,5.02,17.18,5349,5769,0.00,292765696
2026-09-09T23:55:54Z,1788998154401,32.78,33.25,25.25,1.12,12.78,5344,5773,0.00,291979264
2026-09-09T23:55:55Z,1788998155478,32.62,33.36,25.25,4.72,17.88,5345,5775,0.00,292569088
2026-09-09T23:55:56Z,1788998156567,32.70,34.42,25.25,3.15,14.16,5350,5770,0.00,294600704
2026-09-09T23:55:57Z,1788998157651,32.58,34.14,25.25,4.83,18.00,5349,5787,0.00,292634624
2026-09-09T23:55:58Z,1788998158710,32.64,34.05,25.19,5.33,18.81,5350,5777,0.00,444153856
2026-09-09T23:55:59Z,1788998159797,32.56,33.55,25.19,2.82,14.27,5350,5780,0.00,444891136
2026-09-09T23:56:00Z,1788998160836,32.28,32.64,25.19,1.92,13.44,5349,5775,0.00,843300864
2026-09-09T23:56:01Z,1788998161908,32.33,33.02,25.19,3.61,16.11,5345,5773,0.00,679493632
2026-09-09T23:56:02Z,1788998162935,32.39,33.83,25.19,3.29,16.33,5343,5777,0.00,527679488
2026-09-09T23:56:04Z,1788998164043,32.41,34.23,25.12,3.84,15.21,5346,5770,0.00,444694528
2026-09-09T23:56:05Z,1788998165135,32.31,33.42,25.12,5.46,18.48,5354,5775,0.00,293666816
2026-09-09T23:56:06Z,1788998166166,32.17,32.64,25.12,2.46,13.72,5343,5780,0.00,292601856
2026-09-09T23:56:07Z,1788998167252,32.09,32.69,25.12,2.67,14.69,5340,5776,0.00,293666816
2026-09-09T23:56:08Z,1788998168342,32.06,32.69,25.12,2.93,13.85,5347,5767,0.00,445448192
2026-09-09T23:56:09Z,1788998169434,31.88,32.02,25.06,1.52,14.07,5357,5775,0.00,629686272
2026-09-09T23:56:10Z,1788998170520,31.80,32.50,25.06,5.70,17.82,5344,5788,0.00,447725568
2026-09-09T23:56:11Z,1788998171597,32.11,35.30,25.06,5.92,19.05,5345,5771,0.00,293666816
2026-09-09T23:56:12Z,1788998172630,32.11,34.59,25.06,3.14,14.47,5356,5775,0.00,292601856
2026-09-09T23:56:13Z,1788998173711,32.02,33.81,25.06,4.13,16.38,5351,5774,0.00,293666816
2026-09-09T23:56:14Z,1788998174797,32.14,34.28,25.06,6.70,20.21,5345,5777,0.00,445480960
2026-09-09T23:56:15Z,1788998175838,31.94,34.11,25.00,2.53,13.69,5339,5769,0.00,295944192
2026-09-09T23:56:16Z,1788998176911,32.22,34.77,25.00,6.78,21.29,5353,5787,0.00,292601856
2026-09-09T23:56:17Z,1788998177959,32.17,34.66,25.00,4.02,15.16,5352,5767,0.00,295944192
2026-09-09T23:56:19Z,1788998179006,31.97,32.72,25.00,6.00,18.27,5348,5782,0.00,445448192
2026-09-09T23:56:20Z,1788998180086,31.66,32.70,25.00,1.42,13.19,5350,5781,0.00,293666816
2026-09-09T23:56:21Z,1788998181133,31.84,34.20,25.00,4.24,16.88,5344,5777,0.00,446431232
2026-09-09T23:56:22Z,1788998182164,31.66,33.06,25.00,4.49,15.80,5342,5778,0.00,448659456
2026-09-09T23:56:23Z,1788998183197,31.88,33.89,25.00,5.60,18.99,5344,5774,0.00,445317120
2026-09-09T23:56:24Z,1788998184278,31.92,34.59,24.94,7.85,20.01,5348,5786,0.00,295845888
2026-09-09T23:56:25Z,1788998185340,31.97,34.45,24.94,3.66,14.61,5356,5771,0.00,292536320
2026-09-09T23:56:26Z,1788998186430,31.69,32.97,24.94,3.56,16.27,5351,5767,0.00,293142528
2026-09-09T23:56:27Z,1788998187519,31.64,32.77,24.94,5.21,18.65,5339,5771,0.00,294813696
2026-09-09T23:56:28Z,1788998188546,31.88,34.31,24.94,5.22,16.48,5353,5787,0.00,293142528
2026-09-09T23:56:29Z,1788998189639,31.61,32.39,24.88,1.12,12.42,5352,5777,0.00,292536320
2026-09-09T23:56:30Z,1788998190696,31.39,33.11,24.88,4.32,17.22,5343,5773,0.00,587776000
2026-09-09T23:56:31Z,1788998191745,31.30,31.94,24.88,3.71,15.57,5353,5785,0.00,292536320
2026-09-09T23:56:32Z,1788998192777,31.19,33.09,24.88,1.45,13.90,5348,5772,0.00,293142528
2026-09-09T23:56:33Z,1788998193822,31.16,32.16,24.88,4.75,16.74,5356,5773,0.00,294813696
2026-09-09T23:56:34Z,1788998194855,30.95,31.23,24.88,1.76,12.63,5354,5782,0.00,293142528
2026-09-09T23:56:35Z,1788998195916,31.25,33.69,24.81,4.01,17.50,5348,5781,0.00,294912000
2026-09-09T23:56:36Z,1788998196972,31.30,32.56,24.81,5.69,18.17,5352,5777,0.00,293126144
2026-09-09T23:56:38Z,1788998198021,31.50,32.09,24.81,6.95,20.14,5348,5778,0.00,295075840
2026-09-09T23:56:39Z,1788998199049,31.56,32.92,24.81,6.20,18.62,5345,5781,0.00,630358016
2026-09-09T23:56:40Z,1788998200072,32.00,33.09,24.81,11.86,27.58,5340,5766,0.00,447250432
2026-09-09T23:56:41Z,1788998201142,31.58,31.52,24.81,6.24,17.80,5350,5792,0.00,296091648
2026-09-09T23:56:42Z,1788998202211,31.42,33.06,24.81,7.56,21.05,5347,5769,0.00,448446464
2026-09-09T23:56:43Z,1788998203285,31.73,34.52,24.81,10.19,24.31,5346,5776,0.00,296583168
2026-09-09T23:56:44Z,1788998204317,31.92,34.73,24.75,5.59,17.42,5345,5777,0.00,295075840
2026-09-09T23:56:45Z,1788998205345,31.66,33.80,24.75,9.28,24.08,5346,5776,0.00,296583168
2026-09-09T23:56:46Z,1788998206436,31.98,34.30,24.75,5.70,17.00,5349,5775,0.00,615645184
2026-09-09T23:56:47Z,1788998207511,31.80,33.81,24.75,8.78,23.28,5348,5782,0.00,296550400
2026-09-09T23:56:48Z,1788998208571,31.86,33.64,24.75,4.80,17.40,5340,5784,0.00,447397888
2026-09-09T23:56:49Z,1788998209633,31.75,34.34,24.75,7.55,20.19,5347,5785,0.00,445988864
2026-09-09T23:56:50Z,1788998210665,31.64,32.67,24.75,1.00,12.34,5349,5770,0.00,446496768
2026-09-09T23:56:51Z,1788998211755,31.88,35.81,24.69,5.48,19.20,5346,5776,0.00,597032960
2026-09-09T23:56:52Z,1788998212839,31.80,34.44,24.69,9.59,23.17,5345,5774,0.00,598097920
2026-09-09T23:56:53Z,1788998213882,31.84,33.39,24.69,9.79,24.96,5352,5771,0.00,595017728
2026-09-09T23:56:54Z,1788998214919,31.48,32.77,24.69,3.87,15.41,5348,5784,0.00,595017728
2026-09-09T23:56:56Z,1788998216004,31.55,33.19,24.69,5.49,18.93,5344,5771,0.00,598327296
2026-09-09T23:56:57Z,1788998217099,31.66,33.95,24.69,5.81,18.97,5353,5770,0.00,596082688
2026-09-09T23:56:58Z,1788998218143,31.62,34.47,24.62,7.66,20.47,5353,5775,0.00,595017728
2026-09-09T23:56:59Z,1788998219180,31.83,33.53,24.62,8.47,22.29,5340,5796,0.00,747274240
2026-09-09T23:57:00Z,1788998220203,32.00,35.38,24.62,10.24,24.25,5346,5774,0.00,1002340352
2026-09-09T23:57:01Z,1788998221290,31.86,33.31,24.62,5.29,17.85,5354,5783,0.00,1290747904
2026-09-09T23:57:02Z,1788998222325,31.58,32.17,24.62,3.97,15.97,5345,5771,0.00,985432064
2026-09-09T23:57:03Z,1788998223368,31.28,31.11,24.62,4.83,17.94,5348,5778,0.00,747864064
2026-09-09T23:57:04Z,1788998224464,31.20,31.14,24.56,4.44,18.42,5344,5780,0.00,746766336
2026-09-09T23:57:05Z,1788998225537,31.33,33.95,24.56,8.98,24.13,5344,5775,0.00,595148800
2026-09-09T23:57:06Z,1788998226571,31.50,32.81,24.56,4.54,17.09,5346,5769,0.00,594083840
2026-09-09T23:57:07Z,1788998227613,31.27,31.44,24.56,5.86,19.37,5349,5778,0.00,749912064
2026-09-09T23:57:08Z,1788998228654,31.30,31.88,24.56,5.14,18.52,5342,5786,0.00,1086160896
2026-09-09T23:57:09Z,1788998229692,31.19,31.38,24.56,3.95,16.14,5347,5786,0.00,747388928
2026-09-09T23:57:10Z,1788998230774,30.88,31.36,24.50,4.20,16.90,5350,5771,0.00,761118720
2026-09-09T23:57:11Z,1788998231848,31.28,33.34,24.50,8.30,24.30,5349,5768,0.00,606748672
2026-09-09T23:57:12Z,1788998232874,31.53,33.22,24.50,8.20,22.44,5350,5786,0.00,604471296
2026-09-09T23:57:13Z,1788998233946,31.28,31.97,24.50,5.77,18.73,5352,5767,0.00,595247104
2026-09-09T23:57:14Z,1788998234966,31.70,34.08,24.50,6.77,22.39,5347,5782,0.00,596459520
2026-09-09T23:57:16Z,1788998236018,31.41,31.83,24.50,8.39,20.94,5345,5771,0.00,904200192
2026-09-09T23:57:17Z,1788998237055,31.36,33.41,24.44,3.29,16.34,5354,5782,0.00,583876608
2026-09-09T23:57:18Z,1788998238092,31.53,34.30,24.44,9.20,23.64,5357,5779,0.00,584941568
2026-09-09T23:57:19Z,1788998239133,31.55,34.28,24.44,7.55,20.68,5355,5775,0.00,586186752
2026-09-09T23:57:20Z,1788998240219,32.00,35.73,24.44,9.95,23.03,5347,5772,0.00,581599232
2026-09-09T23:57:21Z,1788998241303,31.64,32.64,24.44,4.69,18.19,5351,5772,0.00,737427456
2026-09-09T23:57:22Z,1788998242322,31.55,33.67,24.44,6.61,19.34,5354,5769,0.00,583614464
2026-09-09T23:57:23Z,1788998243405,31.52,33.86,24.44,8.46,22.36,5347,5774,0.00,562200576
2026-09-09T23:57:24Z,1788998244437,31.42,32.67,24.44,6.14,20.26,5346,5774,0.00,581337088
2026-09-09T23:57:25Z,1788998245472,31.52,34.38,24.38,6.28,18.70,5352,5776,0.00,582828032
2026-09-09T23:57:26Z,1788998246506,31.56,34.36,24.38,7.94,22.04,5353,5775,0.00,561938432
2026-09-09T23:57:27Z,1788998247551,31.47,33.00,24.38,6.08,21.42,5346,5775,0.00,280821760
2026-09-09T23:57:28Z,1788998248618,31.52,33.06,24.38,4.59,15.89,5346,5767,0.00,538214400
2026-09-09T23:57:29Z,1788998249653,31.17,32.94,24.38,5.59,18.79,5347,5769,0.00,280821760
2026-09-09T23:57:30Z,1788998250710,31.12,32.98,24.38,2.64,13.85,5353,5776,0.00,576356352
2026-09-09T23:57:31Z,1788998251764,30.53,30.83,24.31,1.28,12.80,5342,5774,0.00,281870336
2026-09-09T23:57:32Z,1788998252799,30.45,31.52,24.31,1.27,12.84,5346,5789,0.00,284147712
2026-09-09T23:57:33Z,1788998253879,30.52,31.61,24.31,4.92,17.63,5338,5778,0.00,281870336
2026-09-09T23:57:34Z,1788998254909,30.55,32.89,24.31,3.28,15.97,5356,5778,0.00,281870336
2026-09-09T23:57:35Z,1788998255968,30.64,32.52,24.31,5.96,18.13,5353,5783,0.00,281870336
2026-09-09T23:57:37Z,1788998257059,30.41,30.86,24.31,3.33,14.76,5351,5767,0.00,281870336
2026-09-09T23:57:38Z,1788998258087,30.36,31.33,24.31,3.16,15.64,5346,5787,0.00,281870336
2026-09-09T23:57:39Z,1788998259173,30.16,30.75,24.25,1.87,13.26,5350,5770,0.00,617250816
2026-09-09T23:57:40Z,1788998260213,29.95,30.56,24.25,4.86,17.33,5344,5778,0.00,284147712
2026-09-09T23:57:41Z,1788998261334,30.14,31.64,24.25,2.87,15.12,5342,5779,0.00,281870336
2026-09-09T23:57:42Z,1788998262414,30.23,33.31,24.25,7.27,20.23,5345,5774,0.00,281870336
2026-09-09T23:57:43Z,1788998263478,30.33,32.56,24.25,2.84,14.43,5354,5779,0.00,281870336
2026-09-09T23:57:44Z,1788998264513,30.03,30.78,24.25,3.22,16.93,5357,5770,0.00,281870336
2026-09-09T23:57:45Z,1788998265571,30.36,33.03,24.25,8.71,21.30,5350,5768,0.00,284147712
2026-09-09T23:57:46Z,1788998266657,30.27,31.09,24.25,3.26,15.87,5349,5772,0.00,608583680
2026-09-09T23:57:47Z,1788998267741,30.33,31.69,24.19,7.91,21.50,5349,5775,0.00,284180480
2026-09-09T23:57:48Z,1788998268827,30.53,33.44,24.19,4.18,17.49,5345,5768,0.00,284147712
2026-09-09T23:57:49Z,1788998269853,30.50,31.47,24.19,9.85,23.62,5346,5776,0.00,284147712
2026-09-09T23:57:50Z,1788998270907,30.22,30.73,24.19,3.10,15.72,5345,5774,0.00,281870336
2026-09-09T23:57:51Z,1788998271949,30.11,30.61,24.19,4.13,16.45,5342,5774,0.00,281903104
2026-09-09T23:57:52Z,1788998272979,30.17,31.64,24.19,4.75,17.95,5354,5775,0.00,283279360
2026-09-09T23:57:54Z,1788998274015,30.09,31.47,24.19,4.86,16.81,5352,5775,0.00,284147712
2026-09-09T23:57:55Z,1788998275088,30.20,31.20,24.12,6.45,19.70,5347,5773,0.00,284180480
2026-09-09T23:57:56Z,1788998276153,30.17,31.73,24.12,3.43,16.21,5349,5780,0.00,281870336
2026-09-09T23:57:57Z,1788998277226,30.33,33.03,24.12,11.54,28.37,5342,5779,0.00,284180480
2026-09-09T23:57:58Z,1788998278251,30.89,33.38,24.12,5.37,16.73,5344,5776,0.00,281903104
2026-09-09T23:57:59Z,1788998279293,30.52,31.30,24.12,3.32,15.60,5351,5783,0.00,284180480
2026-09-09T23:58:00Z,1788998280358,30.22,30.69,24.12,4.71,18.21,5359,5774,0.00,829194240
2026-09-09T23:58:01Z,1788998281444,30.23,31.98,24.12,8.22,22.38,5356,5778,0.00,524435456
2026-09-09T23:58:02Z,1788998282531,30.48,32.30,24.06,4.58,15.90,5351,5778,0.00,518520832
2026-09-09T23:58:03Z,1788998283579,30.27,30.91,24.06,3.51,15.47,5354,5773,0.00,284147712
2026-09-09T23:58:04Z,1788998284662,30.17,31.27,24.06,6.01,19.18,5343,5784,0.00,281870336
2026-09-09T23:58:05Z,1788998285746,29.98,30.47,24.06,3.83,16.31,5356,5764,0.00,281870336
2026-09-09T23:58:06Z,1788998286785,30.14,30.86,24.06,6.13,19.92,5347,5778,0.00,284147712
2026-09-09T23:58:07Z,1788998287874,30.02,30.53,24.06,4.06,16.25,5353,5773,0.00,284147712
2026-09-09T23:58:08Z,1788998288900,29.95,30.50,24.06,3.44,15.59,5347,5786,0.00,617889792
2026-09-09T23:58:09Z,1788998289977,30.11,31.89,24.00,4.54,17.33,5355,5781,0.00,281870336
2026-09-09T23:58:11Z,1788998291044,30.69,33.25,24.00,11.88,29.12,5343,5768,0.00,293650432
2026-09-09T23:58:12Z,1788998292136,30.39,30.78,24.00,6.87,18.33,5345,5785,0.00,293650432
2026-09-09T23:58:13Z,1788998293219,30.22,32.25,24.00,8.92,23.43,5341,5771,0.00,284147712
2026-09-09T23:58:14Z,1788998294283,30.42,33.52,24.00,7.74,20.32,5354,5779,0.00,281870336
2026-09-09T23:58:15Z,1788998295315,30.45,32.77,24.00,3.72,15.87,5357,5777,0.00,281870336
2026-09-09T23:58:16Z,1788998296341,30.20,32.80,24.00,7.93,22.39,5353,5770,0.00,605519872
2026-09-09T23:58:17Z,1788998297364,30.39,32.53,24.00,4.64,16.85,5347,5779,0.00,293404672
2026-09-09T23:58:18Z,1788998298403,30.20,32.00,24.00,8.40,23.07,5350,5780,0.00,294436864
2026-09-09T23:58:19Z,1788998299489,30.45,32.08,23.94,3.83,15.92,5345,5793,0.00,284147712
2026-09-09T23:58:20Z,1788998300525,30.36,32.33,23.94,7.16,20.45,5358,5769,0.00,284147712
2026-09-09T23:58:21Z,1788998301611,30.52,33.25,23.94,7.81,22.13,5346,5786,0.00,284147712
2026-09-09T23:58:22Z,1788998302649,30.34,31.02,23.94,2.72,14.71,5346,5773,0.00,281870336
2026-09-09T23:58:23Z,1788998303734,30.22,32.61,23.94,5.35,17.87,5346,5776,0.00,293650432
2026-09-09T23:58:24Z,1788998304772,30.20,31.53,23.94,7.41,20.32,5349,5773,0.00,281870336
2026-09-09T23:58:25Z,1788998305846,30.22,31.61,23.94,4.72,18.10,5354,5769,0.00,281870336
2026-09-09T23:58:26Z,1788998306930,29.95,30.94,23.94,1.84,12.83,5345,5781,0.00,281870336
2026-09-09T23:58:28Z,1788998308021,29.77,30.20,23.94,3.38,15.99,5353,5788,0.00,281870336
2026-09-09T23:58:29Z,1788998309055,29.64,31.55,23.88,1.50,13.25,5355,5765,0.00,281870336
2026-09-09T23:58:30Z,1788998310091,29.77,32.14,23.88,6.02,18.97,5350,5789,0.00,281870336
2026-09-09T23:58:31Z,1788998311158,29.84,32.78,23.88,3.18,15.22,5351,5776,0.00,577781760
2026-09-09T23:58:32Z,1788998312247,29.88,32.55,23.88,2.98,14.20,5349,5771,0.00,280821760
2026-09-09T23:58:33Z,1788998313290,29.58,30.05,23.88,3.33,16.74,5350,5790,0.00,283099136
2026-09-09T23:58:34Z,1788998314358,29.73,31.81,23.88,4.21,15.38,5352,5767,0.00,280821760
2026-09-09T23:58:35Z,1788998315446,29.53,31.36,23.88,5.15,18.80,5350,5775,0.00,280821760
2026-09-09T23:58:36Z,1788998316481,29.67,31.28,23.88,2.28,13.18,5350,5788,0.00,280821760
2026-09-09T23:58:37Z,1788998317517,29.44,29.94,23.81,2.16,14.12,5348,5776,0.00,280821760
2026-09-09T23:58:38Z,1788998318596,29.33,29.58,23.81,1.73,13.22,5336,5782,0.00,610861056
2026-09-09T23:58:39Z,1788998319683,29.23,29.17,23.81,1.25,12.80,5353,5788,0.00,610582528
2026-09-09T23:58:40Z,1788998320731,29.23,29.36,23.81,4.85,18.27,5345,5777,0.00,281395200
2026-09-09T23:58:41Z,1788998321764,29.64,31.42,23.81,8.23,23.31,5351,5778,0.00,282853376
2026-09-09T23:58:42Z,1788998322822,29.53,30.56,23.81,5.73,18.47,5351,5774,0.00,281395200
2026-09-09T23:58:43Z,1788998323871,29.55,31.31,23.81,3.43,15.17,5352,5771,0.00,283639808
2026-09-09T23:58:44Z,1788998324902,29.89,33.09,23.75,9.45,24.57,5339,5775,0.00,283672576
2026-09-09T23:58:45Z,1788998325945,29.77,30.98,23.75,7.82,21.30,5354,5783,0.00,605257728
2026-09-09T23:58:47Z,1788998327011,29.70,30.84,23.75,5.13,18.20,5344,5779,0.00,281395200
2026-09-09T23:58:48Z,1788998328086,29.81,31.70,23.75,5.57,19.22,5345,5779,0.00,283639808
2026-09-09T23:58:49Z,1788998329175,29.66,31.38,23.75,5.71,17.36,5341,5774,0.00,283672576
2026-09-09T23:58:50Z,1788998330205,29.80,31.27,23.75,3.78,15.92,5348,5773,0.00,281362432
2026-09-09T23:58:51Z,1788998331235,29.75,31.59,23.69,7.12,20.94,5352,5786,0.00,282705920
2026-09-09T23:58:52Z,1788998332274,29.66,30.08,23.69,2.79,15.08,5346,5776,0.00,283639808
2026-09-09T23:58:53Z,1788998333342,29.44,30.20,23.69,5.71,18.98,5350,5778,0.00,283672576
2026-09-09T23:58:54Z,1788998334401,29.62,31.59,23.69,5.49,18.09,5351,5792,0.00,283639808
2026-09-09T23:58:55Z,1788998335467,29.48,30.11,23.69,6.57,20.52,5349,5773,0.00,283639808
2026-09-09T23:58:56Z,1788998336493,29.70,30.97,23.69,4.70,17.81,5347,5774,0.00,281362432
2026-09-09T23:58:57Z,1788998337558,29.67,31.56,23.69,4.66,16.95,5346,5780,0.00,283639808
2026-09-09T23:58:58Z,1788998338641,29.64,31.72,23.69,6.77,20.15,5349,5771,0.00,283639808
2026-09-09T23:58:59Z,1788998339690,29.61,30.53,23.69,4.29,16.53,5346,5772,0.00,281362432
2026-09-09T23:59:00Z,1788998340715,29.56,32.28,23.69,5.65,18.61,5353,5780,0.00,827506688
2026-09-09T23:59:01Z,1788998341803,29.62,32.11,23.69,2.80,15.52,5348,5768,0.00,515440640
2026-09-09T23:59:02Z,1788998342850,29.56,31.08,23.62,5.61,18.80,5353,5780,0.00,515440640
2026-09-09T23:59:03Z,1788998343944,29.39,30.81,23.62,2.84,13.38,5354,5773,0.00,281395200
2026-09-09T23:59:05Z,1788998345027,29.61,31.09,23.62,6.30,21.02,5340,5776,0.00,282853376
2026-09-09T23:59:06Z,1788998346110,29.41,29.55,23.62,4.32,15.93,5351,5772,0.00,281395200
2026-09-09T23:59:07Z,1788998347165,29.31,29.23,23.62,3.35,15.78,5344,5781,0.00,283639808
2026-09-09T23:59:08Z,1788998348246,29.23,29.05,23.62,2.87,15.41,5348,5768,0.00,283672576
2026-09-09T23:59:09Z,1788998349282,29.34,30.08,23.62,7.67,21.21,5345,5790,0.00,619626496
2026-09-09T23:59:10Z,1788998350369,29.34,29.95,23.62,3.77,15.83,5352,5769,0.00,281362432
2026-09-09T23:59:11Z,1788998351461,29.41,31.11,23.62,8.93,23.56,5346,5779,0.00,281427968
2026-09-09T23:59:12Z,1788998352557,29.59,32.42,23.56,6.53,18.51,5349,5780,0.00,282886144
2026-09-09T23:59:13Z,1788998353602,29.53,31.73,23.56,6.12,19.05,5349,5773,0.00,281395200
2026-09-09T23:59:14Z,1788998354693,29.42,30.12,23.56,2.88,14.91,5353,5773,0.00,282853376
2026-09-09T23:59:15Z,1788998355715,29.88,31.36,23.56,11.70,28.05,5356,5771,0.00,605274112
2026-09-09T23:59:16Z,1788998356794,29.83,31.12,23.56,8.31,21.54,5354,5768,0.00,283639808
2026-09-09T23:59:17Z,1788998357853,29.48,29.59,23.56,3.09,15.30,5344,5782,0.00,281690112
2026-09-09T23:59:18Z,1788998358935,29.64,31.06,23.50,3.45,17.24,5345,5778,0.00,293453824
2026-09-09T23:59:19Z,1788998359994,29.48,30.30,23.50,7.03,19.35,5337,5777,0.00,293421056
2026-09-09T23:59:21Z,1788998361028,29.66,30.55,23.50,7.69,21.48,5354,5778,0.00,283918336
2026-09-09T23:59:22Z,1788998362081,29.98,32.97,23.50,6.42,20.68,5350,5781,0.00,283639808
2026-09-09T23:59:23Z,1788998363144,29.66,30.27,23.50,7.52,19.70,5349,5768,0.00,283918336
2026-09-09T23:59:24Z,1788998364210,29.42,29.41,23.50,1.57,13.09,5354,5773,0.00,281395200
2026-09-09T23:59:25Z,1788998365270,29.23,29.16,23.50,3.46,17.25,5350,5772,0.00,292012032
2026-09-09T23:59:26Z,1788998366338,29.41,30.83,23.44,3.96,14.99,5344,5767,0.00,281395200
2026-09-09T23:59:27Z,1788998367429,29.27,30.38,23.44,5.33,18.20,5344,5773,0.00,281690112
2026-09-09T23:59:28Z,1788998368457,29.33,30.50,23.44,1.85,13.43,5352,5773,0.00,281870336
2026-09-09T23:59:29Z,1788998369523,29.09,29.36,23.44,5.10,18.89,5342,5772,0.00,292847616
2026-09-09T23:59:30Z,1788998370582,29.28,30.86,23.44,2.75,13.75,5346,5781,0.00,575717376
2026-09-09T23:59:31Z,1788998371629,29.17,30.77,23.44,6.67,20.25,5345,5772,0.00,283787264
2026-09-09T23:59:32Z,1788998372715,29.22,30.42,23.44,2.45,14.23,5344,5776,0.00,283508736
2026-09-09T23:59:33Z,1788998373764,29.23,31.02,23.44,4.68,17.83,5358,5778,0.00,281509888
2026-09-09T23:59:34Z,1788998374816,29.03,29.55,23.44,3.08,14.87,5351,5790,0.00,281231360
2026-09-09T23:59:35Z,1788998375911,29.00,31.27,23.38,1.77,13.32,5349,5770,0.00,283787264
2026-09-09T23:59:36Z,1788998376965,29.17,30.36,23.38,7.50,20.60,5342,5772,0.00,281231360
2026-09-09T23:59:38Z,1788998378010,28.89,29.14,23.38,1.76,13.19,5341,5776,0.00,281509888
2026-09-09T23:59:39Z,1788998379101,28.84,29.44,23.38,0.99,13.27,5347,5775,0.00,616677376
2026-09-09T23:59:40Z,1788998380181,28.75,29.11,23.38,4.26,16.23,5349,5785,0.00,281296896
2026-09-09T23:59:41Z,1788998381255,28.72,29.92,23.38,8.13,22.50,5351,5774,0.00,281296896
2026-09-09T23:59:42Z,1788998382304,29.11,32.33,23.38,11.89,28.80,5355,5792,0.00,283574272
2026-09-09T23:59:43Z,1788998383352,29.59,32.08,23.38,4.67,15.86,5353,5782,0.00,283852800
2026-09-09T23:59:44Z,1788998384423,29.39,31.38,23.38,9.70,24.73,5353,5772,0.00,281296896
2026-09-09T23:59:45Z,1788998385506,29.77,33.17,23.31,7.85,20.45,5351,5783,0.00,283983872
2026-09-09T23:59:46Z,1788998386539,29.55,31.77,23.31,7.35,20.79,5344,5775,0.00,607682560
2026-09-09T23:59:47Z,1788998387588,29.55,32.05,23.31,8.35,22.81,5356,5778,0.00,283787264
2026-09-09T23:59:48Z,1788998388617,29.66,31.22,23.31,3.62,15.51,5348,5777,0.00,283508736
2026-09-09T23:59:49Z,1788998389678,29.41,29.58,23.31,2.83,14.94,5349,5782,0.00,281509888
2026-09-09T23:59:50Z,1788998390723,29.39,29.69,23.31,6.49,20.28,5342,5776,0.00,283508736
2026-09-09T23:59:51Z,1788998391750,29.33,30.52,23.31,6.59,19.29,5345,5772,0.00,283787264
2026-09-09T23:59:52Z,1788998392827,29.25,30.03,23.31,4.01,16.30,5346,5782,0.00,283508736
2026-09-09T23:59:53Z,1788998393905,29.25,30.30,23.31,4.96,17.64,5353,5768,0.00,283787264
2026-09-09T23:59:54Z,1788998394987,29.20,29.36,23.31,5.02,17.85,5348,5780,0.00,283508736
2026-09-09T23:59:56Z,1788998396034,29.23,29.78,23.25,4.12,17.24,5336,5779,0.00,283787264
2026-09-09T23:59:57Z,1788998397128,29.11,29.14,23.25,4.82,17.04,5347,5774,0.00,281231360
2026-09-09T23:59:58Z,1788998398209,29.05,29.53,23.25,4.31,17.01,5356,5776,0.00,283508736
2026-09-09T23:59:59Z,1788998399251,29.08,29.69,23.25,5.20,18.35,5342,5771,0.00,283787264
2026-09-10T00:00:00Z,1788998400304,29.08,29.22,23.25,3.61,17.06,5345,5776,0.00,836501504
2026-09-10T00:00:01Z,1788998401365,29.11,30.64,23.25,9.22,24.44,5351,5770,0.00,531136512
2026-09-10T00:00:02Z,1788998402404,29.33,30.30,23.25,3.46,15.47,5346,5774,0.00,527220736
2026-09-10T00:00:03Z,1788998403442,29.20,30.11,23.25,7.57,21.42,5347,5772,0.00,283443200
2026-09-10T00:00:04Z,1788998404523,29.27,29.88,23.25,2.88,14.90,5344,5770,0.00,283164672
2026-09-10T00:00:05Z,1788998405610,29.02,29.20,23.19,2.68,15.61,5348,5769,0.00,283443200
2026-09-10T00:00:06Z,1788998406659,28.98,29.17,23.19,5.26,18.45,5349,5778,0.07,546144256
2026-09-10T00:00:07Z,1788998407710,28.97,29.09,23.19,2.82,16.20,5349,5778,0.00,281165824
2026-09-10T00:00:08Z,1788998408801,28.97,29.22,23.19,3.47,19.27,5354,5777,0.00,618348544
2026-09-10T00:00:09Z,1788998409935,29.11,30.03,23.19,6.18,21.19,5349,5779,0.00,282247168
2026-09-10T00:00:10Z,1788998410959,29.16,29.69,23.19,5.08,23.10,5351,5780,0.00,281608192
2026-09-10T00:00:12Z,1788998412025,29.02,29.20,23.19,3.36,19.98,5358,5773,0.00,281526272
2026-09-10T00:00:13Z,1788998413110,28.86,29.23,23.19,2.57,18.73,5333,5781,0.00,280887296
2026-09-10T00:00:14Z,1788998414165,28.75,29.03,23.12,2.73,18.76,5343,5769,0.00,281526272
2026-09-10T00:00:15Z,1788998415230,28.91,30.45,23.12,5.99,20.11,5343,5778,0.00,283164672
2026-09-10T00:00:16Z,1788998416310,28.86,29.41,23.12,2.06,14.12,5354,5768,0.00,605175808
2026-09-10T00:00:17Z,1788998417372,28.77,29.69,23.12,2.93,14.80,5346,5763,0.00,291880960
2026-09-10T00:00:18Z,1788998418465,28.61,29.42,23.12,6.48,21.29,5350,5778,0.00,291880960
2026-09-10T00:00:19Z,1788998419553,28.97,31.33,23.12,6.63,20.23,5346,5776,0.00,281526272
2026-09-10T00:00:20Z,1788998420613,29.22,31.75,23.12,5.11,16.36,5354,5774,0.00,280887296
2026-09-10T00:00:21Z,1788998421687,29.03,31.08,23.12,3.39,15.74,5354,5786,0.00,281690112
2026-09-10T00:00:22Z,1788998422770,28.58,28.97,23.12,2.28,14.16,5352,5770,0.00,292044800
2026-09-10T00:00:23Z,1788998423797,28.50,28.95,23.06,1.66,14.15,5345,5782,0.00,283967488
2026-09-10T00:00:24Z,1788998424822,28.27,28.25,23.06,2.34,13.23,5358,5774,0.00,283164672
2026-09-10T00:00:25Z,1788998425857,28.17,28.11,23.06,1.78,13.74,5345,5771,0.00,517390336
2026-09-10T00:00:26Z,1788998426944,28.30,29.02,23.06,3.55,16.48,5347,5784,0.00,280887296
2026-09-10T00:00:28Z,1788998428022,28.17,28.25,23.06,3.27,14.97,5342,5768,0.00,291880960
2026-09-10T00:00:29Z,1788998429122,28.17,29.17,23.06,1.13,12.66,5358,5768,0.00,280887296
2026-09-10T00:00:30Z,1788998430154,28.25,28.59,23.06,5.02,17.85,5354,5787,0.00,281526272
2026-09-10T00:00:31Z,1788998431244,28.30,29.14,23.06,2.98,14.74,5357,5776,0.00,575569920
2026-09-10T00:00:32Z,1788998432278,28.14,28.28,23.06,1.29,12.80,5343,5772,0.00,281722880
2026-09-10T00:00:33Z,1788998433355,27.97,28.00,23.06,1.98,13.79,5345,5780,0.00,280887296
2026-09-10T00:00:34Z,1788998434413,27.91,27.78,23.00,1.57,13.30,5350,5793,0.00,281526272
2026-09-10T00:00:35Z,1788998435545,27.94,28.28,23.00,2.72,14.33,5352,5771,0.00,280887296
2026-09-10T00:00:36Z,1788998436578,27.84,27.73,23.00,1.62,13.44,5350,5784,0.00,281526272
2026-09-10T00:00:37Z,1788998437629,27.83,28.47,23.00,2.67,14.56,5349,5766,0.00,280887296
2026-09-10T00:00:38Z,1788998438690,27.81,27.91,23.00,1.44,12.70,5344,5769,0.00,616169472
2026-09-10T00:00:39Z,1788998439744,27.69,27.86,23.00,2.00,14.15,5351,5787,0.00,280887296
2026-09-10T00:00:40Z,1788998440779,27.75,28.02,23.00,2.70,15.19,5349,5777,0.00,281526272
2026-09-10T00:00:41Z,1788998441846,27.72,28.39,23.00,2.33,13.63,5344,5776,0.00,280887296
2026-09-10T00:00:42Z,1788998442895,27.66,27.73,23.00,3.20,15.15,5343,5771,0.00,282951680
2026-09-10T00:00:43Z,1788998443936,27.55,27.48,23.00,2.09,15.12,5356,5768,0.00,283099136
2026-09-10T00:00:45Z,1788998445018,27.64,27.66,23.00,2.26,15.93,5353,5763,0.00,281231360
2026-09-10T00:00:46Z,1788998446087,27.83,29.20,23.00,4.08,17.17,5352,5772,0.00,603684864
2026-09-10T00:00:47Z,1788998447168,28.03,28.89,22.94,7.00,20.42,5339,5780,0.00,281460736
2026-09-10T00:00:48Z,1788998448237,28.20,29.81,22.94,5.69,18.68,5355,5778,0.00,280821760
2026-09-10T00:00:49Z,1788998449265,28.06,28.36,22.94,2.49,14.41,5350,5779,0.00,283508736
2026-09-10T00:00:50Z,1788998450303,27.92,27.73,22.94,2.34,14.38,5352,5768,0.00,283099136
2026-09-10T00:00:51Z,1788998451388,27.80,27.48,22.94,2.87,15.46,5348,5769,0.00,283508736
2026-09-10T00:00:52Z,1788998452414,27.95,28.73,22.94,4.99,18.07,5350,5769,0.00,283099136
2026-09-10T00:00:53Z,1788998453459,27.91,27.88,22.94,2.81,15.07,5353,5774,0.00,283508736
2026-09-10T00:00:54Z,1788998454486,27.86,27.81,22.94,3.59,16.15,5348,5768,0.00,283099136
2026-09-10T00:00:55Z,1788998455566,27.89,27.97,22.94,3.35,15.73,5347,5773,0.00,283508736
2026-09-10T00:00:56Z,1788998456632,27.84,27.58,22.94,2.72,15.09,5345,5786,0.00,546865152
2026-09-10T00:00:57Z,1788998457707,27.78,27.59,22.94,2.94,15.64,5360,5771,0.00,283508736
2026-09-10T00:00:58Z,1788998458738,27.80,27.75,22.94,3.90,16.02,5352,5773,0.00,283099136
2026-09-10T00:00:59Z,1788998459819,27.86,28.30,22.88,3.24,15.59,5346,5785,0.00,281231360
2026-09-10T00:01:00Z,1788998460870,27.88,27.84,22.88,4.29,16.91,5350,5776,0.00,828047360
2026-09-10T00:01:01Z,1788998461952,27.83,27.78,22.88,3.10,15.06,5353,5767,0.00,534413312
2026-09-10T00:01:03Z,1788998463020,27.78,27.66,22.88,2.88,14.95,5334,5791,0.00,283099136
2026-09-10T00:01:04Z,1788998464111,27.78,27.67,22.88,3.76,15.93,5347,5765,0.00,283541504
2026-09-10T00:01:05Z,1788998465133,27.66,27.45,22.88,2.25,14.17,5349,5769,0.00,283099136
2026-09-10T00:01:06Z,1788998466157,27.58,27.48,22.88,2.20,14.16,5344,5783,0.00,283508736
2026-09-10T00:01:07Z,1788998467244,27.88,28.64,22.88,4.92,16.03,5353,5775,0.00,280821760
2026-09-10T00:01:08Z,1788998468276,27.83,27.80,22.88,3.93,16.42,5346,5773,0.00,283377664
2026-09-10T00:01:09Z,1788998469366,27.88,28.20,22.88,3.69,16.74,5352,5785,0.00,616759296
2026-09-10T00:01:10Z,1788998470454,27.88,27.95,22.81,3.70,15.41,5346,5779,0.00,282312704
2026-09-10T00:01:11Z,1788998471494,27.86,28.06,22.81,4.52,17.30,5347,5774,0.00,283099136
2026-09-10T00:01:12Z,1788998472580,27.88,28.02,22.81,3.42,15.87,5354,5773,0.00,283131904
2026-09-10T00:01:13Z,1788998473654,27.86,28.25,22.81,3.04,15.37,5354,5776,0.00,280821760
2026-09-10T00:01:14Z,1788998474742,27.75,27.66,22.81,2.90,15.55,5350,5777,0.00,281100288
2026-09-10T00:01:15Z,1788998475828,27.75,28.19,22.81,2.82,14.71,5346,5792,0.00,604454912
2026-09-10T00:01:16Z,1788998476883,28.06,28.83,22.81,6.64,21.46,5353,5770,0.00,283131904
2026-09-10T00:01:17Z,1788998477971,27.94,28.23,22.81,3.82,15.57,5350,5773,0.00,283099136
2026-09-10T00:01:19Z,1788998479007,28.30,29.66,22.81,4.60,18.73,5359,5776,0.00,283131904
2026-09-10T00:01:20Z,1788998480047,28.09,28.34,22.81,6.04,17.74,5347,5777,0.00,283099136
2026-09-10T00:01:21Z,1788998481106,28.50,30.33,22.75,4.34,19.59,5353,5778,0.00,283131904
2026-09-10T00:01:22Z,1788998482176,28.20,28.59,22.75,6.42,18.31,5347,5778,0.00,283099136
2026-09-10T00:01:23Z,1788998483269,28.33,29.97,22.75,6.05,18.64,5346,5785,0.00,280821760
2026-09-10T00:01:24Z,1788998484341,28.14,28.28,22.75,2.53,14.67,5342,5774,0.00,248315904
2026-09-10T00:01:25Z,1788998485408,28.03,28.39,22.75,4.39,17.93,5358,5777,0.00,280821760
2026-09-10T00:01:26Z,1788998486463,28.30,30.83,22.75,4.70,17.81,5348,5775,0.00,281100288
2026-09-10T00:01:27Z,1788998487490,28.11,28.69,22.75,1.93,13.99,5355,5774,0.00,281133056
2026-09-10T00:01:28Z,1788998488532,28.05,28.83,22.75,3.82,16.54,5346,5769,0.00,281542656
2026-09-10T00:01:29Z,1788998489622,28.17,29.69,22.75,6.16,18.04,5358,5772,0.00,281067520
2026-09-10T00:01:30Z,1788998490650,28.14,28.73,22.75,1.16,12.83,5352,5775,0.00,576028672
2026-09-10T00:01:31Z,1788998491731,27.86,28.78,22.75,2.24,14.61,5351,5781,0.00,290701312
2026-09-10T00:01:32Z,1788998492808,27.86,28.59,22.69,3.81,16.08,5352,5780,0.00,294158336
2026-09-10T00:01:33Z,1788998493881,27.81,28.97,22.69,1.90,14.32,5348,5785,0.00,294158336
2026-09-10T00:01:34Z,1788998494932,27.83,29.25,22.69,3.88,15.85,5342,5778,0.00,283344896
2026-09-10T00:01:36Z,1788998496013,27.67,28.11,22.69,2.77,14.52,5349,5767,0.00,294158336
2026-09-10T00:01:37Z,1788998497078,27.69,28.23,22.69,2.41,14.60,5345,5777,0.00,294158336
2026-09-10T00:01:38Z,1788998498166,27.64,28.33,22.69,2.11,13.64,5348,5781,0.00,281346048
2026-09-10T00:01:39Z,1788998499233,27.55,27.81,22.69,1.43,13.07,5345,5773,0.00,616595456
2026-09-10T00:01:40Z,1788998500271,27.45,27.83,22.69,2.56,15.16,5350,5791,0.00,281067520
2026-09-10T00:01:41Z,1788998501348,27.45,27.77,22.69,1.80,13.46,5346,5770,0.00,291602432
2026-09-10T00:01:42Z,1788998502374,27.50,29.19,22.69,4.14,15.91,5354,5775,0.00,293044224
2026-09-10T00:01:43Z,1788998503429,27.50,29.06,22.69,4.52,17.39,5350,5770,0.00,293044224
2026-09-10T00:01:44Z,1788998504456,27.73,30.16,22.69,4.77,17.96,5350,5772,0.00,283623424
2026-09-10T00:01:45Z,1788998505518,27.91,30.97,22.62,6.34,19.26,5353,5787,0.00,283344896
2026-09-10T00:01:46Z,1788998506606,27.88,29.53,22.69,2.11,13.22,5346,5776,0.00,618594304
2026-09-10T00:01:47Z,1788998507672,27.62,28.88,22.62,4.47,16.61,5352,5771,0.00,294158336
2026-09-10T00:01:48Z,1788998508732,27.89,29.67,22.62,6.00,18.98,5353,5775,0.00,283623424
2026-09-10T00:01:49Z,1788998509761,27.81,30.06,22.62,2.80,14.70,5348,5794,0.00,283344896
2026-09-10T00:01:50Z,1788998510793,27.88,28.44,22.62,6.79,19.93,5345,5772,0.00,283623424
2026-09-10T00:01:51Z,1788998511879,27.78,28.27,22.62,2.66,14.37,5348,5775,0.00,283344896
2026-09-10T00:01:52Z,1788998512912,27.84,29.33,22.62,4.87,17.58,5350,5772,0.00,281346048
2026-09-10T00:01:53Z,1788998513972,28.19,29.20,22.62,8.71,23.55,5346,5791,0.00,287850496
2026-09-10T00:01:55Z,1788998515031,28.02,28.50,22.62,3.66,16.40,5351,5771,0.00,283623424
2026-09-10T00:01:56Z,1788998516110,28.02,29.03,22.62,4.50,16.77,5353,5789,0.00,283344896
2026-09-10T00:01:57Z,1788998517176,27.95,28.23,22.62,5.09,18.07,5354,5772,0.00,283623424
2026-09-10T00:01:58Z,1788998518199,27.88,27.64,22.56,3.50,15.63,5339,5771,0.00,283344896
2026-09-10T00:01:59Z,1788998519287,27.80,28.00,22.56,10.14,25.46,5348,5778,0.00,281346048
2026-09-10T00:02:00Z,1788998520358,28.34,29.58,22.56,2.80,14.80,5358,5776,0.00,828702720
2026-09-10T00:02:01Z,1788998521413,28.08,28.17,22.56,2.88,15.03,5347,5773,0.00,827047936
2026-09-10T00:02:02Z,1788998522497,27.92,27.66,22.56,4.23,17.13,5358,5771,0.00,513605632
2026-09-10T00:02:03Z,1788998523541,27.89,27.64,22.56,3.09,14.94,5349,5782,0.00,281198592
2026-09-10T00:02:04Z,1788998524619,27.88,27.86,22.56,1.62,13.25,5351,5773,0.00,281198592
2026-09-10T00:02:05Z,1788998525662,27.64,27.58,22.56,1.81,14.11,5350,5780,0.00,283475968
2026-09-10T00:02:06Z,1788998526693,27.83,28.45,22.56,5.92,19.30,5349,5795,0.00,283754496
2026-09-10T00:02:07Z,1788998527787,27.81,29.09,22.56,4.04,15.92,5344,5774,0.00,283475968
2026-09-10T00:02:08Z,1788998528864,27.97,29.22,22.56,6.86,20.25,5348,5773,0.00,619659264
2026-09-10T00:02:09Z,1788998529952,27.91,28.42,22.50,3.81,16.05,5352,5779,0.00,283475968
2026-09-10T00:02:10Z,1788998530989,28.14,28.98,22.50,6.91,20.38,5353,5765,0.00,283885568
2026-09-10T00:02:12Z,1788998532051,28.17,30.48,22.50,5.48,17.87,5345,5770,0.00,435257344
2026-09-10T00:02:13Z,1788998533132,28.20,29.75,22.50,6.10,18.90,5351,5769,0.00,284508160
2026-09-10T00:02:14Z,1788998534159,28.00,28.14,22.50,4.18,15.88,5354,5786,0.00,283475968
2026-09-10T00:02:15Z,1788998535194,27.94,28.45,22.50,3.51,16.42,5353,5779,0.00,283475968
2026-09-10T00:02:16Z,1788998536244,27.88,28.05,22.50,4.44,16.62,5347,5779,0.00,607125504
2026-09-10T00:02:17Z,1788998537317,27.86,28.09,22.50,4.86,18.02,5348,5769,0.00,283475968
2026-09-10T00:02:18Z,1788998538379,27.91,27.81,22.50,3.12,14.58,5339,5785,0.00,281198592
2026-09-10T00:02:19Z,1788998539467,27.86,28.45,22.50,4.37,17.14,5357,5770,0.00,281198592
2026-09-10T00:02:20Z,1788998540523,27.92,28.58,22.50,1.49,12.64,5347,5778,0.00,281198592
2026-09-10T00:02:21Z,1788998541613,27.69,27.91,22.50,2.09,13.90,5350,5794,0.00,283475968
2026-09-10T00:02:22Z,1788998542667,27.55,27.83,22.50,1.80,13.96,5344,5780,0.00,283754496
2026-09-10T00:02:23Z,1788998543691,27.58,27.95,22.50,2.60,14.49,5345,5777,0.00,281198592
2026-09-10T00:02:24Z,1788998544758,27.52,27.88,22.44,3.92,15.77,5346,5774,0.00,282968064
2026-09-10T00:02:25Z,1788998545848,27.52,28.33,22.44,1.97,13.60,5352,5776,0.00,281198592
2026-09-10T00:02:26Z,1788998546923,27.48,28.41,22.44,2.39,14.26,5359,5768,0.00,280428544
2026-09-10T00:02:28Z,1788998548002,27.52,28.17,22.44,3.78,16.16,5356,5785,0.00,281198592
2026-09-10T00:02:29Z,1788998549087,27.45,27.78,22.44,2.61,14.80,5352,5779,0.00,281477120
2026-09-10T00:02:30Z,1788998550154,27.33,27.64,22.44,1.10,12.78,5348,5771,0.00,545144832
2026-09-10T00:02:31Z,1788998551217,27.45,28.59,22.44,4.13,16.21,5356,5779,0.00,576159744
2026-09-10T00:02:32Z,1788998552303,27.39,27.75,22.44,1.06,12.67,5350,5786,0.00,281198592
2026-09-10T00:02:33Z,1788998553416,27.27,27.56,22.44,3.15,15.39,5344,5777,0.00,283475968
2026-09-10T00:02:34Z,1788998554446,27.36,28.58,22.44,2.89,14.56,5344,5771,0.00,281477120
2026-09-10T00:02:35Z,1788998555527,27.23,27.59,22.44,1.00,12.57,5351,5767,0.00,432979968
2026-09-10T00:02:36Z,1788998556611,27.09,27.39,22.44,1.00,12.79,5349,5769,0.00,284475392
2026-09-10T00:02:37Z,1788998557661,27.09,27.45,22.38,1.94,13.57,5355,5769,0.00,435257344
2026-09-10T00:02:38Z,1788998558744,27.06,27.47,22.38,2.37,14.52,5349,5771,0.00,771735552
2026-09-10T00:02:39Z,1788998559793,26.98,27.16,22.38,1.25,12.96,5348,5787,0.00,433668096
2026-09-10T00:02:40Z,1788998560822,26.95,27.05,22.38,0.84,12.39,5345,5781,0.00,433635328
2026-09-10T00:02:41Z,1788998561896,26.94,26.92,22.38,0.88,12.54,5356,5777,0.00,432865280
2026-09-10T00:02:42Z,1788998562966,26.92,26.64,22.38,0.77,12.36,5344,5768,0.00,432062464
2026-09-10T00:02:44Z,1788998564005,26.89,26.42,22.38,0.79,12.42,5341,5791,0.00,432865280
2026-09-10T00:02:45Z,1788998565077,26.92,27.06,22.38,1.77,13.80,5343,5770,0.00,433356800
2026-09-10T00:02:46Z,1788998566106,26.91,27.17,22.38,1.44,13.16,5349,5797,0.00,600506368
2026-09-10T00:02:47Z,1788998567144,26.94,27.23,22.38,2.30,14.82,5347,5773,0.00,433831936
2026-09-10T00:02:48Z,1788998568202,26.92,26.94,22.38,1.70,13.57,5348,5778,0.00,279674880
2026-09-10T00:02:49Z,1788998569276,26.91,26.97,22.38,1.81,14.16,5345,5775,0.00,433848320
2026-09-10T00:02:50Z,1788998570334,26.92,27.42,22.38,3.82,16.23,5346,5772,0.00,433045504
2026-09-10T00:02:51Z,1788998571370,27.12,28.33,22.38,3.85,15.74,5347,5781,0.00,433864704
2026-09-10T00:02:52Z,1788998572450,27.08,27.70,22.31,2.29,14.24,5343,5788,0.00,431996928
2026-09-10T00:02:53Z,1788998573509,26.98,27.27,22.31,1.02,12.72,5342,5782,0.00,283197440
2026-09-10T00:02:54Z,1788998574538,26.94,27.14,22.31,1.63,13.67,5341,5771,0.00,282902528
2026-09-10T00:02:55Z,1788998575590,26.92,26.83,22.31,1.16,13.04,5355,5765,0.00,284180480
2026-09-10T00:02:56Z,1788998576656,26.88,26.55,22.31,0.85,12.66,5355,5774,0.00,281165824
2026-09-10T00:02:57Z,1788998577691,26.81,26.31,22.31,1.67,13.68,5354,5778,0.00,282689536
2026-09-10T00:02:58Z,1788998578742,26.83,26.66,22.31,1.01,12.91,5348,5765,0.00,281198592
2026-09-10T00:02:59Z,1788998579819,26.84,26.98,22.31,1.41,13.30,5354,5775,0.00,435830784
2026-09-10T00:03:00Z,1788998580847,26.88,27.17,22.31,2.31,14.56,5341,5772,0.00,979058688
2026-09-10T00:03:01Z,1788998581892,26.89,27.19,22.31,2.02,13.91,5348,5774,0.00,667811840
2026-09-10T00:03:02Z,1788998582984,26.88,27.11,22.31,1.59,13.43,5347,5778,0.00,664715264
2026-09-10T00:03:04Z,1788998584068,26.89,27.28,22.31,1.96,14.47,5348,5790,0.00,281165824
2026-09-10T00:03:05Z,1788998585099,26.89,27.17,22.31,2.05,13.73,5342,5768,0.00,281165824
2026-09-10T00:03:06Z,1788998586187,26.86,27.12,22.31,1.67,13.58,5350,5779,0.00,281100288
2026-09-10T00:03:07Z,1788998587258,26.88,27.25,22.31,2.20,13.95,5346,5782,0.00,281133056
2026-09-10T00:03:08Z,1788998588352,26.88,27.16,22.25,1.40,13.12,5348,5775,0.00,281133056
2026-09-10T00:03:09Z,1788998589386,26.83,27.14,22.25,2.49,14.62,5350,5767,0.00,768983040
2026-09-10T00:03:10Z,1788998590421,26.84,27.03,22.25,1.85,13.76,5357,5775,0.00,281133056
2026-09-10T00:03:11Z,1788998591512,26.84,26.97,22.25,2.15,14.24,5348,5773,0.00,281165824
2026-09-10T00:03:12Z,1788998592578,26.88,27.19,22.25,1.95,13.71,5356,5778,0.00,281133056
2026-09-10T00:03:13Z,1788998593667,26.83,26.88,22.25,1.39,13.22,5345,5789,0.00,281133056
2026-09-10T00:03:14Z,1788998594719,26.88,26.92,22.25,3.24,15.80,5349,5773,0.00,281133056
2026-09-10T00:03:15Z,1788998595790,26.89,27.30,22.25,2.83,14.73,5356,5778,0.00,281133056
2026-09-10T00:03:16Z,1788998596818,26.91,27.28,22.25,2.41,14.82,5350,5776,0.00,605077504
2026-09-10T00:03:17Z,1788998597910,26.88,27.11,22.25,1.83,13.52,5355,5774,0.00,281133056
2026-09-10T00:03:18Z,1788998598972,26.86,26.88,22.25,1.58,13.45,5355,5781,0.00,281133056
2026-09-10T00:03:20Z,1788998600009,26.81,26.77,22.25,1.62,13.39,5353,5770,0.00,432914432
2026-09-10T00:03:21Z,1788998601099,26.78,26.69,22.25,1.57,13.51,5349,5777,0.00,432914432
2026-09-10T00:03:22Z,1788998602187,26.69,26.77,22.25,1.42,13.28,5343,5789,0.00,432914432
2026-09-10T00:03:23Z,1788998603273,26.67,26.83,22.25,1.39,13.19,5350,5793,0.00,432881664
2026-09-10T00:03:24Z,1788998604320,26.62,26.64,22.19,1.67,13.55,5338,5776,0.00,432914432
2026-09-10T00:03:25Z,1788998605378,26.61,26.64,22.19,1.37,13.11,5351,5780,0.00,432914432
2026-09-10T00:03:26Z,1788998606469,26.58,26.52,22.19,1.46,13.26,5344,5775,0.00,432881664
2026-09-10T00:03:27Z,1788998607554,26.55,26.50,22.19,1.60,13.43,5349,5780,0.00,432914432
2026-09-10T00:03:28Z,1788998608626,26.53,26.36,22.19,1.44,13.32,5339,5774,0.00,432881664
2026-09-10T00:03:29Z,1788998609689,26.53,26.31,22.19,1.73,13.91,5354,5775,0.00,432881664
2026-09-10T00:03:30Z,1788998610774,26.56,26.42,22.19,1.55,13.32,5349,5789,0.00,727564288
2026-09-10T00:03:31Z,1788998611863,26.52,26.28,22.19,1.79,13.74,5351,5790,0.00,432979968
2026-09-10T00:03:32Z,1788998612919,26.50,26.42,22.19,1.35,13.21,5345,5778,0.00,279609344
2026-09-10T00:03:33Z,1788998613952,26.48,26.19,22.19,1.33,13.12,5344,5784,0.00,281165824
2026-09-10T00:03:35Z,1788998615045,26.50,26.17,22.19,1.71,13.58,5349,5772,0.00,432947200
2026-09-10T00:03:36Z,1788998616075,26.48,26.17,22.19,1.47,13.34,5356,5785,0.00,281165824
2026-09-10T00:03:37Z,1788998617154,26.50,26.50,22.19,1.61,13.47,5338,5773,0.00,281165824
2026-09-10T00:03:38Z,1788998618195,26.52,26.48,22.12,1.54,13.26,5353,5781,0.00,281165824
2026-09-10T00:03:39Z,1788998619275,26.52,26.36,22.12,1.89,14.01,5352,5790,0.00,616546304
2026-09-10T00:03:40Z,1788998620366,26.50,26.14,22.12,1.73,13.81,5345,5779,0.00,281165824
2026-09-10T00:03:41Z,1788998621446,26.52,26.36,22.12,1.68,13.37,5349,5774,0.00,281100288
2026-09-10T00:03:42Z,1788998622539,26.48,26.03,22.12,1.42,13.20,5354,5779,0.00,281100288
2026-09-10T00:03:43Z,1788998623591,26.47,25.98,22.12,1.48,13.40,5348,5783,0.00,280526848
2026-09-10T00:03:44Z,1788998624687,26.47,25.98,22.12,1.74,13.70,5350,5774,0.00,281296896
2026-09-10T00:03:45Z,1788998625760,26.45,25.89,22.12,1.49,13.19,5350,5783,0.00,280559616
2026-09-10T00:03:46Z,1788998626788,26.45,25.91,22.12,1.67,13.50,5347,5775,0.00,602718208
2026-09-10T00:03:47Z,1788998627862,26.44,25.95,22.12,1.33,13.19,5339,5777,0.00,281100288
2026-09-10T00:03:48Z,1788998628908,26.44,26.00,22.12,1.31,13.13,5344,5776,0.00,281100288
2026-09-10T00:03:50Z,1788998630000,26.45,26.19,22.12,1.33,13.22,5352,5772,0.00,281067520
2026-09-10T00:03:51Z,1788998631094,26.42,25.97,22.12,1.71,13.67,5349,5770,0.00,281100288
2026-09-10T00:03:52Z,1788998632131,26.42,25.86,22.12,1.27,13.16,5350,5772,0.00,281100288
2026-09-10T00:03:53Z,1788998633187,26.42,25.81,22.12,1.36,13.27,5347,5778,0.00,281100288
2026-09-10T00:03:54Z,1788998634216,26.39,25.80,22.12,1.34,13.01,5349,5774,0.00,281067520
2026-09-10T00:03:55Z,1788998635301,26.41,25.80,22.12,1.82,13.91,5351,5778,0.00,283377664
2026-09-10T00:03:56Z,1788998636333,26.42,25.80,22.06,1.64,13.80,5347,5776,0.00,281100288
2026-09-10T00:03:57Z,1788998637410,26.41,25.86,22.06,1.46,13.34,5343,5775,0.00,279003136
2026-09-10T00:03:58Z,1788998638523,26.39,25.84,22.06,1.21,13.19,5349,5774,0.00,280051712
2026-09-10T00:03:59Z,1788998639577,26.38,25.78,22.06,1.35,13.24,5343,5770,0.00,280051712
2026-09-10T00:04:00Z,1788998640605,26.39,25.88,22.06,2.04,14.38,5354,5783,0.00,826081280
2026-09-10T00:04:01Z,1788998641674,26.42,26.20,22.06,2.42,14.18,5342,5775,0.00,523730944
2026-09-10T00:04:02Z,1788998642767,26.39,25.92,22.06,1.63,13.37,5353,5769,0.00,511950848
2026-09-10T00:04:03Z,1788998643798,26.39,25.81,22.06,1.51,13.39,5355,5781,0.00,280150016
2026-09-10T00:04:04Z,1788998644855,26.38,25.80,22.06,1.35,13.12,5345,5774,0.00,281640960
2026-09-10T00:04:05Z,1788998645951,26.36,25.78,22.06,1.40,13.38,5347,5785,0.00,280150016
2026-09-10T00:04:06Z,1788998646993,26.47,27.47,22.06,1.50,13.42,5352,5776,0.00,280150016
2026-09-10T00:04:08Z,1788998648079,26.52,26.72,22.06,4.24,17.28,5352,5778,0.00,280150016
2026-09-10T00:04:09Z,1788998649163,26.48,26.48,22.06,1.95,14.05,5343,5771,0.00,616120320
2026-09-10T00:04:10Z,1788998650196,26.47,26.36,22.00,2.15,14.21,5347,5776,0.00,280084480
2026-09-10T00:04:11Z,1788998651275,26.45,26.17,22.00,1.58,13.42,5353,5774,0.00,280084480
2026-09-10T00:04:12Z,1788998652361,26.45,25.98,22.06,1.53,13.46,5355,5772,0.00,280084480
2026-09-10T00:04:13Z,1788998653409,26.44,25.86,22.00,1.71,13.78,5339,5767,0.00,280084480
2026-09-10T00:04:14Z,1788998654447,26.50,26.20,22.00,3.96,17.84,5351,5790,0.00,281575424
2026-09-10T00:04:15Z,1788998655477,26.67,26.67,22.00,4.50,17.77,5350,5783,0.00,282591232
2026-09-10T00:04:16Z,1788998656542,26.77,26.81,22.00,4.66,17.96,5344,5772,0.00,605388800
2026-09-10T00:04:17Z,1788998657569,26.83,26.75,22.00,3.14,15.57,5342,5773,0.00,280297472
2026-09-10T00:04:18Z,1788998658617,26.81,26.77,22.00,5.78,18.66,5350,5779,0.00,281739264
2026-09-10T00:04:19Z,1788998659694,26.92,27.19,22.00,3.56,16.19,5341,5778,0.00,282525696
2026-09-10T00:04:20Z,1788998660721,26.92,27.23,22.00,4.03,17.07,5348,5773,0.00,284622848
2026-09-10T00:04:21Z,1788998661794,26.91,26.94,22.00,3.39,15.46,5346,5774,0.00,294912000
2026-09-10T00:04:22Z,1788998662815,26.91,26.98,22.00,3.06,15.52,5354,5779,0.00,294912000
2026-09-10T00:04:23Z,1788998663875,26.91,27.08,22.00,3.57,16.27,5351,5780,0.00,294912000
2026-09-10T00:04:24Z,1788998664955,26.97,28.17,22.00,3.28,16.40,5348,5779,0.00,294879232
2026-09-10T00:04:26Z,1788998666043,27.39,28.67,22.00,9.72,25.04,5349,5768,0.00,284590080
2026-09-10T00:04:27Z,1788998667121,27.17,27.80,22.00,3.99,15.45,5339,5778,0.00,282361856
2026-09-10T00:04:28Z,1788998668175,27.02,27.42,22.00,1.73,13.48,5351,5774,0.00,291274752
2026-09-10T00:04:29Z,1788998669227,26.97,27.30,21.94,3.21,15.99,5347,5771,0.00,295223296
2026-09-10T00:04:30Z,1788998670258,26.98,27.59,21.94,4.13,16.80,5358,5776,0.00,742031360
2026-09-10T00:04:31Z,1788998671336,27.00,27.39,21.94,3.46,16.37,5353,5779,0.00,434470912
2026-09-10T00:04:32Z,1788998672367,26.98,27.34,21.94,2.79,14.96,5350,5780,0.00,295092224
2026-09-10T00:04:33Z,1788998673462,26.94,27.33,21.94,3.41,15.74,5344,5784,0.00,289701888
2026-09-10T00:04:34Z,1788998674503,26.94,27.28,21.94,3.25,15.72,5350,5771,0.00,295026688
2026-09-10T00:04:35Z,1788998675563,26.94,27.23,21.94,3.22,15.52,5347,5776,0.00,284393472
2026-09-10T00:04:36Z,1788998676629,26.94,27.20,21.94,3.11,15.55,5349,5768,0.00,282116096
2026-09-10T00:04:37Z,1788998677707,26.97,27.47,21.94,4.17,16.80,5357,5774,0.00,295059456
2026-09-10T00:04:38Z,1788998678778,26.95,27.38,21.94,3.09,15.50,5349,5772,0.00,630571008
2026-09-10T00:04:39Z,1788998679818,26.94,27.36,21.94,3.58,15.91,5343,5782,0.00,282148864
2026-09-10T00:04:40Z,1788998680858,26.94,27.41,21.94,2.04,14.37,5350,5771,0.00,282181632
2026-09-10T00:04:41Z,1788998681907,26.92,27.39,21.94,2.02,13.87,5349,5774,0.00,282116096
2026-09-10T00:04:42Z,1788998682952,26.92,27.27,21.94,2.33,14.42,5347,5778,0.00,292749312
2026-09-10T00:04:43Z,1788998683983,26.91,27.12,21.94,1.83,13.95,5346,5770,0.00,282116096
2026-09-10T00:04:45Z,1788998685009,26.89,27.06,21.94,1.69,13.69,5352,5774,0.00,284393472
2026-09-10T00:04:46Z,1788998686060,26.84,27.00,21.94,1.62,13.63,5353,5780,0.00,605011968
2026-09-10T00:04:47Z,1788998687140,26.81,27.05,21.88,2.19,14.32,5350,5779,0.00,282116096
2026-09-10T00:04:48Z,1788998688206,26.78,27.11,21.88,2.22,14.41,5350,5773,0.00,282116096
2026-09-10T00:04:49Z,1788998689242,26.75,26.95,21.88,1.84,13.93,5342,5786,0.00,282116096
2026-09-10T00:04:50Z,1788998690321,26.75,27.05,21.88,1.92,13.83,5348,5767,0.00,284393472
2026-09-10T00:04:51Z,1788998691405,26.70,26.83,21.88,1.56,13.50,5349,5779,0.00,250413056
2026-09-10T00:04:52Z,1788998692493,26.66,26.61,21.88,1.54,13.33,5348,5770,0.00,292749312
2026-09-10T00:04:53Z,1788998693537,26.58,26.42,21.88,1.41,13.33,5352,5777,0.00,289210368
2026-09-10T00:04:54Z,1788998694613,26.55,26.27,21.88,1.53,13.42,5344,5776,0.00,295026688
2026-09-10T00:04:55Z,1788998695648,26.52,26.05,21.88,1.78,13.75,5350,5779,0.00,274923520
2026-09-10T00:04:56Z,1788998696678,26.52,26.17,21.88,3.24,15.68,5349,5772,0.00,282181632
2026-09-10T00:04:57Z,1788998697727,26.56,26.27,21.88,1.66,13.54,5351,5774,0.00,294436864
2026-09-10T00:04:58Z,1788998698814,26.50,26.06,21.88,1.71,13.81,5348,5781,0.00,292945920
2026-09-10T00:04:59Z,1788998699851,26.50,26.53,21.88,1.48,13.77,5352,5778,0.00,292880384
2026-09-10T00:05:00Z,1788998700904,26.53,26.41,21.88,2.60,14.70,5341,5774,0.00,838369280
2026-09-10T00:05:01Z,1788998701960,26.55,26.27,21.88,2.49,14.73,5353,5782,0.00,514588672
2026-09-10T00:05:02Z,1788998702988,26.50,26.02,21.88,1.65,13.42,5351,5773,0.00,524648448
2026-09-10T00:05:04Z,1788998704077,26.47,26.03,21.88,1.30,13.25,5354,5776,0.00,292913152
2026-09-10T00:05:05Z,1788998705129,26.45,25.95,21.88,1.61,13.61,5342,5784,0.00,292913152
2026-09-10T00:05:06Z,1788998706176,26.45,25.94,21.88,2.01,14.18,5345,5778,0.00,295124992
2026-09-10T00:05:07Z,1788998707266,26.47,26.39,21.81,2.78,15.27,5342,5785,0.00,282148864
2026-09-10T00:05:08Z,1788998708338,26.53,26.62,21.81,2.57,14.66,5352,5770,0.00,282181632
2026-09-10T00:05:09Z,1788998709425,26.52,26.42,21.81,2.42,14.82,5353,5790,0.00,615071744
2026-09-10T00:05:10Z,1788998710488,26.50,26.25,21.81,1.74,13.92,5344,5781,0.00,282181632
2026-09-10T00:05:11Z,1788998711580,26.48,26.23,21.81,1.57,13.32,5348,5771,0.00,284459008
2026-09-10T00:05:12Z,1788998712653,26.47,26.06,21.81,1.85,13.54,5350,5777,0.00,282116096
2026-09-10T00:05:13Z,1788998713701,26.45,26.14,21.81,1.92,13.91,5354,5772,0.00,283607040
2026-09-10T00:05:14Z,1788998714770,26.47,26.41,21.81,1.97,14.38,5352,5777,0.00,284426240
2026-09-10T00:05:15Z,1788998715861,26.47,26.20,21.81,2.79,15.47,5345,5783,0.00,561119232
2026-09-10T00:05:16Z,1788998716928,26.47,26.22,21.81,1.93,14.05,5349,5776,0.00,601980928
2026-09-10T00:05:18Z,1788998718024,26.45,26.09,21.81,2.04,14.05,5344,5789,0.00,282116096
2026-09-10T00:05:19Z,1788998719090,26.44,26.03,21.81,1.68,13.64,5355,5771,0.00,282116096
2026-09-10T00:05:20Z,1788998720135,26.42,26.17,21.81,1.51,13.52,5346,5781,0.00,282116096
2026-09-10T00:05:21Z,1788998721187,26.42,26.02,21.81,1.78,13.76,5350,5763,0.00,282116096
2026-09-10T00:05:22Z,1788998722270,26.50,27.03,21.81,4.01,16.64,5347,5774,0.00,284393472
2026-09-10T00:05:23Z,1788998723323,26.53,26.44,21.81,1.54,13.41,5345,5791,0.00,282148864
2026-09-10T00:05:24Z,1788998724384,26.47,26.03,21.81,1.45,13.33,5354,5791,0.00,282116096
2026-09-10T00:05:25Z,1788998725429,26.44,26.14,21.81,1.60,13.54,5354,5773,0.00,283607040
2026-09-10T00:05:26Z,1788998726477,26.41,25.97,21.75,1.30,13.15,5347,5774,0.00,434257920
2026-09-10T00:05:27Z,1788998727563,26.39,25.91,21.75,3.43,17.49,5349,5774,0.00,88192696320
2026-09-10T00:05:28Z,1788998728597,26.81,32.17,21.75,56.50,78.71,5374,5788,1.00,93492035584
2026-09-10T00:05:29Z,1788998729629,43.78,30.22,21.75,134.01,133.91,5355,5787,1.00,93460971520
2026-09-10T00:05:30Z,1788998730715,54.70,33.47,21.75,136.57,130.53,5368,5782,0.99,93351657472
2026-09-10T00:05:31Z,1788998731743,52.73,37.39,21.75,98.96,118.66,5349,5779,0.99,88805097472
2026-09-10T00:05:32Z,1788998732813,52.36,38.25,21.75,98.23,130.37,5361,5783,0.99,88793858048
2026-09-10T00:05:33Z,1788998733845,57.36,39.52,21.75,95.93,126.22,5308,5799,1.00,93384523776
2026-09-10T00:05:34Z,1788998734901,63.81,41.48,21.75,129.48,132.48,5354,5787,1.00,93334044672
2026-09-10T00:05:35Z,1788998735936,69.77,43.30,21.75,130.47,132.89,5349,5785,0.98,93181804544
2026-09-10T00:05:36Z,1788998736982,66.38,44.64,21.75,117.75,129.66,5350,5783,0.99,89108135936
2026-09-10T00:05:38Z,1788998738040,64.94,45.20,21.75,96.95,128.88,5348,5789,0.99,88872206336
2026-09-10T00:05:39Z,1788998739108,64.58,45.66,21.75,96.41,130.64,5352,5804,0.98,93720756224
2026-09-10T00:05:40Z,1788998740154,70.86,46.58,21.75,99.90,125.21,5363,5800,1.00,93349134336
2026-09-10T00:05:41Z,1788998741193,78.75,48.45,21.75,131.06,133.47,5355,5782,1.00,93350100992
2026-09-10T00:05:42Z,1788998742234,83.78,50.42,21.75,116.13,130.46,5352,5775,0.99,93189603328
2026-09-10T00:05:43Z,1788998743304,78.83,51.48,21.75,98.15,129.90,5361,5769,0.99,88884936704
2026-09-10T00:05:44Z,1788998744339,75.78,51.75,21.75,97.96,131.63,5344,5784,0.99,88886280192
2026-09-10T00:05:45Z,1788998745408,74.41,52.03,21.75,105.05,126.14,5326,5791,1.00,93393715200
2026-09-10T00:05:46Z,1788998746445,82.16,52.75,21.75,133.06,134.42,5349,5786,1.00,93698080768
2026-09-10T00:05:47Z,1788998747485,89.66,54.88,21.75,133.77,132.69,5341,5765,1.00,93373792256
2026-09-10T00:05:48Z,1788998748512,91.58,56.97,21.75,106.38,119.25,5356,5773,0.99,93187112960
2026-09-10T00:05:49Z,1788998749575,85.73,57.61,21.75,98.84,129.82,5350,5774,0.99,88886804480
2026-09-10T00:05:50Z,1788998750601,82.45,57.44,21.75,98.83,131.91,5348,5776,0.99,88886738944
2026-09-10T00:05:51Z,1788998751627,80.78,57.72,21.75,101.23,122.79,5346,5781,1.00,93403496448
2026-09-10T00:05:52Z,1788998752688,83.20,57.58,21.75,87.92,114.99,5345,5779,1.00,93363257344
2026-09-10T00:05:53Z,1788998753761,82.33,56.98,21.75,85.94,115.72,5349,5774,1.00,93361291264
2026-09-10T00:05:54Z,1788998754816,80.20,57.03,21.75,83.66,113.82,5352,5783,0.99,93198254080
2026-09-10T00:05:55Z,1788998755871,80.16,57.30,21.75,96.09,131.56,5346,5778,0.93,88895586304
2026-09-10T00:05:56Z,1788998756921,80.31,57.64,21.75,99.05,132.51,5363,5794,0.99,88895488000
2026-09-10T00:05:58Z,1788998758007,81.83,57.86,21.75,94.90,125.30,5353,5764,1.00,93408002048
2026-09-10T00:05:59Z,1788998759027,81.31,57.66,21.75,90.32,116.69,5349,5776,1.00,93364633600
2026-09-10T00:06:00Z,1788998760064,81.69,57.50,21.75,81.44,113.32,5364,5781,1.00,93618634752
2026-09-10T00:06:01Z,1788998761143,81.02,57.52,21.75,87.60,116.34,5364,5788,0.99,93749870592
2026-09-10T00:06:02Z,1788998762226,80.30,57.73,21.75,99.12,132.19,5340,5777,0.99,89126813696
2026-09-10T00:06:03Z,1788998763310,80.64,58.19,21.75,98.22,132.01,5369,5785,0.94,88895160320
2026-09-10T00:06:04Z,1788998764393,80.30,58.67,21.75,95.40,119.16,5349,5778,1.00,93417603072
2026-09-10T00:06:05Z,1788998765465,82.67,58.42,21.75,85.67,115.01,5349,5777,1.00,93371777024
2026-09-10T00:06:06Z,1788998766495,83.52,58.33,21.75,89.93,116.91,5355,5778,1.00,93369778176
2026-09-10T00:06:07Z,1788998767554,84.73,58.66,21.75,90.88,116.37,5350,5779,0.98,93206675456
2026-09-10T00:06:08Z,1788998768578,82.52,59.05,21.75,94.51,129.82,5349,5785,0.99,89247055872
2026-09-10T00:06:09Z,1788998769621,82.17,59.48,21.75,99.18,132.25,5347,5777,0.99,89247809536
2026-09-10T00:06:10Z,1788998770676,82.09,59.61,21.75,96.91,124.71,5344,5773,0.98,93418913792
2026-09-10T00:06:11Z,1788998771704,83.97,59.94,21.75,98.00,120.91,5338,5781,1.00,93373005824
2026-09-10T00:06:12Z,1788998772776,86.05,59.88,21.75,89.50,116.96,5368,5781,1.00,93382524928
2026-09-10T00:06:13Z,1788998773859,85.67,60.12,21.75,93.64,119.74,5350,5780,0.99,93208608768
2026-09-10T00:06:14Z,1788998774929,83.67,60.34,21.81,90.64,122.89,5352,5786,0.99,88901419008
2026-09-10T00:06:15Z,1788998775947,83.19,60.53,21.81,97.33,130.85,5353,5793,0.99,89225478144
2026-09-10T00:06:17Z,1788998777020,82.59,60.84,21.81,97.01,130.41,5352,5774,0.99,605700096
2026-09-10T00:06:18Z,1788998778037,71.62,62.38,21.81,62.84,78.66,5336,5772,0.95,93493624832
2026-09-10T00:06:19Z,1788998779120,83.22,59.72,21.81,62.04,83.20,5345,5793,1.00,93458726912
2026-09-10T00:06:20Z,1788998780203,90.20,60.55,21.81,112.12,127.28,5351,5775,0.99,93086072832
2026-09-10T00:06:21Z,1788998781232,88.92,61.55,21.81,94.32,128.53,5352,5790,0.99,93092249600
2026-09-10T00:06:22Z,1788998782315,86.58,61.75,21.81,102.63,135.34,5346,5779,0.99,88793874432
2026-09-10T00:06:23Z,1788998783347,85.55,61.91,21.81,97.23,127.46,5351,5784,0.98,93372973056
2026-09-10T00:06:24Z,1788998784433,86.77,61.69,21.81,97.93,120.43,5348,5778,1.00,93334077440
2026-09-10T00:06:25Z,1788998785495,87.23,61.50,21.81,89.83,117.61,5360,5772,1.00,93336666112
2026-09-10T00:06:26Z,1788998786566,88.38,62.09,21.81,98.60,121.23,5351,5779,0.98,93184393216
2026-09-10T00:06:27Z,1788998787595,85.27,62.17,21.88,85.43,122.49,5356,5788,0.99,88872157184
2026-09-10T00:06:28Z,1788998788652,83.62,61.98,21.88,99.02,132.70,5356,5790,0.99,88872124416
2026-09-10T00:06:29Z,1788998789739,84.52,62.41,21.88,95.99,131.27,5350,5778,0.98,93388865536
2026-09-10T00:06:30Z,1788998790763,86.28,62.17,21.88,96.16,117.20,5355,5768,1.00,93649371136
2026-09-10T00:06:31Z,1788998791819,87.41,62.08,21.88,91.64,118.68,5355,5779,1.00,93362962432
2026-09-10T00:06:32Z,1788998792885,86.11,62.22,21.88,92.62,120.43,5344,5782,0.99,93193568256
2026-09-10T00:06:33Z,1788998793904,83.33,62.09,21.88,84.19,116.21,5355,5783,0.99,88888492032
2026-09-10T00:06:34Z,1788998794931,83.56,62.27,21.88,97.75,132.41,5342,5777,0.99,88888492032
2026-09-10T00:06:35Z,1788998795954,82.89,62.45,21.88,97.24,131.54,5356,5778,0.98,93392945152
2026-09-10T00:06:37Z,1788998797012,86.23,62.34,21.94,94.92,120.19,5358,5775,1.00,93354688512
2026-09-10T00:06:38Z,1788998798095,87.06,62.53,21.94,94.69,121.03,5343,5800,1.00,93351837696
2026-09-10T00:06:39Z,1788998799179,87.45,62.44,21.94,90.27,117.93,5352,5771,0.99,93541924864
2026-09-10T00:06:40Z,1788998800221,84.19,62.55,21.94,94.50,130.72,5341,5791,0.99,88887525376
2026-09-10T00:06:41Z,1788998801290,84.30,62.81,21.94,98.98,132.28,5350,5787,0.99,88888098816
2026-09-10T00:06:42Z,1788998802342,84.66,63.05,21.94,95.43,125.63,5347,5788,0.98,93403267072
2026-09-10T00:06:43Z,1788998803370,86.56,63.16,21.94,98.73,121.33,5345,5775,1.00,93362110464
2026-09-10T00:06:44Z,1788998804432,87.75,63.39,21.94,91.25,119.30,5347,5778,1.00,93364371456
2026-09-10T00:06:45Z,1788998805470,87.81,63.27,22.00,88.66,117.90,5353,5772,0.99,93206265856
2026-09-10T00:06:46Z,1788998806543,85.86,63.33,22.00,89.09,124.26,5365,5790,0.99,89214844928
2026-09-10T00:06:47Z,1788998807567,84.81,63.70,22.00,99.14,132.23,5338,5774,0.99,88896602112
2026-09-10T00:06:48Z,1788998808644,84.91,63.67,22.00,96.57,131.09,5351,5796,1.00,93404299264
2026-09-10T00:06:49Z,1788998809669,85.17,64.22,22.00,95.74,118.97,5337,5776,1.00,93365469184
2026-09-10T00:06:50Z,1788998810757,87.53,63.30,22.00,88.75,115.97,5351,5783,1.00,93368025088
2026-09-10T00:06:51Z,1788998811843,88.44,63.36,22.06,93.46,120.46,5350,5769,1.00,93205708800
2026-09-10T00:06:52Z,1788998812869,85.02,63.44,22.06,88.71,115.08,5353,5774,0.99,93199335424
2026-09-10T00:06:53Z,1788998813890,85.17,63.75,22.06,96.47,131.55,5348,5782,0.99,88896208896
2026-09-10T00:06:54Z,1788998814920,85.27,63.95,22.06,99.84,132.53,5351,5785,0.99,88896208896
2026-09-10T00:06:55Z,1788998815975,86.36,63.78,22.06,93.69,123.25,5338,5785,0.99,93416275968
2026-09-10T00:06:57Z,1788998817001,87.81,63.69,22.06,94.33,119.67,5354,5770,1.00,93384785920
2026-09-10T00:06:58Z,1788998818133,87.92,63.62,22.06,91.18,118.40,5365,5768,1.00,93373071360
2026-09-10T00:06:59Z,1788998819197,86.67,63.84,22.12,88.09,121.18,5348,5783,0.99,93214621696
2026-09-10T00:07:00Z,1788998820254,85.47,64.03,22.12,100.97,133.72,5355,5776,0.00,89445416960
2026-09-10T00:07:01Z,1788998821283,85.84,64.47,22.12,99.14,132.26,5349,5794,0.99,89441320960
2026-09-10T00:07:02Z,1788998822312,84.91,65.47,22.12,99.48,122.11,5350,5778,0.98,93646913536
2026-09-10T00:07:03Z,1788998823395,87.47,64.73,22.12,87.74,117.53,5348,5783,1.00,93373743104
2026-09-10T00:07:04Z,1788998824437,87.91,64.42,22.12,88.61,116.89,5355,5780,0.00,93401481216
2026-09-10T00:07:05Z,1788998825525,87.97,64.30,22.19,88.04,116.74,5346,5764,0.99,93209542656
2026-09-10T00:07:06Z,1788998826611,86.06,64.45,22.19,91.38,128.38,5345,5794,1.00,88904663040
2026-09-10T00:07:07Z,1788998827674,86.03,64.64,22.19,101.00,133.24,5357,5774,0.99,88904630272
2026-09-10T00:07:08Z,1788998828748,81.34,68.02,22.19,99.59,132.64,5348,5774,0.99,88058249216
2026-09-10T00:07:09Z,1788998829816,79.95,65.36,22.19,27.80,39.65,5356,5789,1.00,93826875392
2026-09-10T00:07:10Z,1788998830894,90.45,65.11,22.25,117.89,130.88,5342,5776,1.00,93464264704
2026-09-10T00:07:11Z,1788998831934,94.09,65.83,22.25,118.76,129.83,5359,5778,0.99,93093199872
2026-09-10T00:07:12Z,1788998832960,90.23,66.23,22.25,100.82,121.65,5345,5782,0.99,88794890240
2026-09-10T00:07:13Z,1788998833978,89.23,66.59,22.25,104.61,134.34,5355,5779,0.99,88794857472
2026-09-10T00:07:14Z,1788998834998,87.34,66.88,22.25,101.61,134.76,5357,5774,0.98,93373923328
2026-09-10T00:07:16Z,1788998836066,89.12,66.31,22.25,95.40,122.34,5358,5777,1.00,93692395520
2026-09-10T00:07:17Z,1788998837120,89.03,65.92,22.25,86.62,117.21,5353,5768,1.00,93362831360
2026-09-10T00:07:18Z,1788998838151,89.48,65.69,22.31,91.00,118.43,5353,5777,1.00,93187506176
2026-09-10T00:07:19Z,1788998839185,86.28,65.78,22.31,85.85,116.30,5351,5788,0.99,88875302912
2026-09-10T00:07:20Z,1788998840233,86.62,65.94,22.31,100.52,133.33,5347,5782,0.99,88874762240
2026-09-10T00:07:21Z,1788998841314,86.67,66.11,22.31,94.76,124.42,5355,5764,1.00,93392224256
2026-09-10T00:07:22Z,1788998842336,87.69,65.94,22.31,92.45,119.32,5355,5777,1.00,93355524096
2026-09-10T00:07:23Z,1788998843406,88.62,65.78,22.31,88.24,118.79,5365,5776,1.00,93353426944
2026-09-10T00:07:24Z,1788998844429,89.22,65.70,22.38,91.83,118.31,5346,5768,0.99,93192388608
2026-09-10T00:07:25Z,1788998845494,86.94,65.91,22.38,88.16,124.89,5346,5787,0.99,88890032128
2026-09-10T00:07:26Z,1788998846517,86.52,65.98,22.38,101.32,133.70,5342,5769,0.99,88888279040
2026-09-10T00:07:27Z,1788998847595,86.98,66.25,22.38,99.34,132.59,5354,5779,1.00,93393289216
2026-09-10T00:07:28Z,1788998848653,87.44,66.16,22.38,91.92,117.37,5333,5776,1.00,93367451648
2026-09-10T00:07:29Z,1788998849728,89.38,66.44,22.38,90.05,118.40,5354,5778,1.00,93332570112
2026-09-10T00:07:30Z,1788998850763,88.36,66.22,22.44,92.19,120.54,5346,5786,0.99,93489119232
2026-09-10T00:07:31Z,1788998851802,86.25,66.12,22.44,82.56,116.21,5354,5774,0.99,88888033280
2026-09-10T00:07:32Z,1788998852845,87.03,66.28,22.44,99.25,133.26,5345,5774,0.99,88888000512
2026-09-10T00:07:33Z,1788998853885,87.27,66.44,22.44,99.27,132.91,5346,5771,0.96,93402513408
2026-09-10T00:07:34Z,1788998854906,88.75,66.56,22.50,97.34,122.31,5341,5783,1.00,93404856320
2026-09-10T00:07:35Z,1788998855967,89.61,66.22,22.50,89.57,116.91,5361,5763,1.00,93366173696
2026-09-10T00:07:37Z,1788998857011,90.23,66.73,22.50,89.06,118.68,5344,5759,1.00,93368762368
2026-09-10T00:07:38Z,1788998858045,87.69,66.53,22.50,92.28,117.16,5350,5777,0.96,93198794752
2026-09-10T00:07:39Z,1788998859068,87.62,66.58,22.50,91.50,128.48,5357,5771,0.99,88896094208
2026-09-10T00:07:40Z,1788998860096,87.70,66.72,22.50,100.94,133.55,5346,5772,0.99,89226002432
2026-09-10T00:07:41Z,1788998861128,88.94,67.08,22.50,99.69,133.16,5336,5775,0.99,93403856896
2026-09-10T00:07:42Z,1788998862210,89.94,66.72,22.56,86.51,116.98,5352,5789,1.00,93414031360
2026-09-10T00:07:43Z,1788998863230,89.91,66.42,22.56,89.21,118.46,5344,5777,1.00,93392945152
2026-09-10T00:07:44Z,1788998864313,89.62,66.42,22.56,86.20,117.04,5348,5795,0.99,93198794752
2026-09-10T00:07:45Z,1788998865396,87.22,66.58,22.56,99.37,132.23,5348,5768,0.99,88895799296
2026-09-10T00:07:46Z,1788998866453,87.83,66.78,22.56,99.95,132.65,5349,5782,0.99,89213665280
2026-09-10T00:07:47Z,1788998867472,88.00,66.97,22.62,96.98,123.08,5352,5775,1.00,93413457920
2026-09-10T00:07:48Z,1788998868540,90.05,66.89,22.62,94.53,119.82,5347,5778,1.00,93374627840
2026-09-10T00:07:49Z,1788998869558,90.20,66.80,22.62,89.18,117.78,5352,5773,1.00,93377183744
2026-09-10T00:07:50Z,1788998870633,90.94,67.75,22.62,96.25,120.93,5348,5777,0.99,93218766848
2026-09-10T00:07:51Z,1788998871683,88.77,67.88,22.62,87.36,124.84,5350,5774,0.99,88904695808
2026-09-10T00:07:52Z,1788998872762,87.98,67.17,22.69,99.06,132.53,5347,5775,0.99,88916099072
2026-09-10T00:07:53Z,1788998873792,88.05,67.17,22.69,95.95,130.80,5361,5789,1.00,93410541568
2026-09-10T00:07:54Z,1788998874827,89.25,66.81,22.69,92.71,116.74,5367,5788,1.00,93384015872
2026-09-10T00:07:55Z,1788998875853,89.80,66.75,22.69,87.83,116.51,5351,5789,1.00,93365108736
2026-09-10T00:07:56Z,1788998876934,91.28,66.77,22.69,91.41,118.78,5349,5778,0.99,93219848192
2026-09-10T00:07:57Z,1788998877964,88.39,66.92,22.69,90.53,118.51,5354,5775,0.99,88912625664
2026-09-10T00:07:59Z,1788998879047,88.50,67.09,22.75,96.77,131.33,5347,5779,0.99,88912592896
2026-09-10T00:08:00Z,1788998880065,88.50,67.31,22.75,99.23,132.36,5352,5778,0.76,1084653568
2026-09-10T00:08:01Z,1788998881148,80.23,66.95,22.75,88.82,110.62,5357,5781,0.00,821231616
2026-09-10T00:08:02Z,1788998882215,71.17,63.20,22.75,4.42,17.15,5345,5790,0.00,513507328
2026-09-10T00:08:03Z,1788998883252,65.14,59.83,22.75,3.82,16.74,5338,5774,0.00,293355520
2026-09-10T00:08:04Z,1788998884286,61.33,57.33,22.75,3.93,16.66,5352,5769,0.00,295632896
2026-09-10T00:08:05Z,1788998885377,58.50,55.47,22.75,4.19,17.18,5353,5764,0.00,283377664
2026-09-10T00:08:06Z,1788998886457,56.20,53.92,22.81,3.92,16.74,5347,5769,0.00,281100288
2026-09-10T00:08:07Z,1788998887514,54.58,52.88,22.81,5.81,19.33,5352,5772,0.00,283377664
2026-09-10T00:08:08Z,1788998888551,53.23,51.97,22.81,3.75,16.26,5341,5782,0.00,283377664
2026-09-10T00:08:09Z,1788998889621,52.14,50.52,22.81,4.48,17.52,5348,5779,0.00,283377664
2026-09-10T00:08:10Z,1788998890700,50.16,49.55,22.81,3.49,16.64,5343,5775,0.00,617005056
2026-09-10T00:08:11Z,1788998891840,49.28,47.95,22.88,3.74,15.54,5345,5768,0.00,281100288
2026-09-10T00:08:12Z,1788998892905,48.36,47.03,22.88,1.93,13.71,5345,5781,0.00,281100288
2026-09-10T00:08:13Z,1788998893933,47.50,46.31,22.88,1.74,13.78,5346,5776,0.00,281034752
2026-09-10T00:08:14Z,1788998894991,46.53,45.61,22.88,1.88,13.47,5353,5771,0.00,281067520
2026-09-10T00:08:16Z,1788998896039,45.91,45.05,22.88,1.59,13.48,5352,5788,0.00,602128384
2026-09-10T00:08:17Z,1788998897080,45.48,45.12,22.88,4.13,17.98,5346,5768,0.00,281001984
2026-09-10T00:08:18Z,1788998898166,44.86,44.12,22.88,2.40,13.95,5349,5776,0.00,281001984
2026-09-10T00:08:19Z,1788998899260,44.36,43.39,22.94,1.65,13.32,5348,5774,0.00,280969216
2026-09-10T00:08:20Z,1788998900310,43.83,43.08,22.94,2.01,13.91,5347,5771,0.00,280969216
2026-09-10T00:08:21Z,1788998901348,43.30,42.38,22.94,1.69,13.46,5349,5774,0.00,280969216
2026-09-10T00:08:22Z,1788998902442,42.77,41.91,22.94,1.60,13.36,5343,5774,0.00,280969216
2026-09-10T00:08:23Z,1788998903487,42.25,41.44,22.94,1.61,13.13,5348,5792,0.00,280969216
2026-09-10T00:08:24Z,1788998904529,41.75,40.92,22.94,1.54,13.15,5353,5781,0.00,283213824
2026-09-10T00:08:25Z,1788998905562,41.31,40.73,22.94,1.74,13.48,5346,5763,0.00,280969216
2026-09-10T00:08:26Z,1788998906640,40.89,40.41,23.00,1.65,13.36,5349,5769,0.00,280969216
2026-09-10T00:08:27Z,1788998907706,40.45,40.06,23.00,2.20,13.99,5347,5779,0.00,280969216
2026-09-10T00:08:28Z,1788998908794,39.73,39.39,23.00,1.55,13.15,5350,5778,0.00,280969216
2026-09-10T00:08:29Z,1788998909851,39.36,39.02,23.00,1.69,13.31,5351,5785,0.00,280936448
2026-09-10T00:08:30Z,1788998910901,39.12,38.84,23.00,1.67,13.93,5345,5773,0.00,577142784
2026-09-10T00:08:31Z,1788998911946,38.91,38.64,23.00,2.22,13.46,5347,5776,0.00,280969216
2026-09-10T00:08:33Z,1788998913024,38.64,38.53,23.00,2.22,13.92,5352,5782,0.00,283246592
2026-09-10T00:08:34Z,1788998914069,38.39,38.45,23.00,3.50,15.61,5345,5775,0.00,280969216
2026-09-10T00:08:35Z,1788998915100,38.00,37.77,23.00,1.35,12.99,5347,5781,0.00,280395776
2026-09-10T00:08:36Z,1788998916138,37.67,37.36,23.06,1.58,13.22,5350,5772,0.00,295223296
2026-09-10T00:08:37Z,1788998917184,37.47,37.59,23.06,1.50,13.22,5350,5784,0.00,295223296
2026-09-10T00:08:38Z,1788998918251,37.25,37.45,23.06,1.79,13.15,5347,5781,0.00,292945920
2026-09-10T00:08:39Z,1788998919292,37.05,37.16,23.06,2.90,14.94,5349,5765,0.00,280428544
2026-09-10T00:08:40Z,1788998920377,36.86,36.84,23.06,3.06,15.18,5344,5782,0.00,281362432
2026-09-10T00:08:41Z,1788998921466,36.72,36.67,23.06,3.39,14.95,5353,5774,0.00,628654080
2026-09-10T00:08:42Z,1788998922606,36.52,36.36,23.06,1.97,13.54,5349,5772,0.00,281362432
2026-09-10T00:08:43Z,1788998923646,36.25,35.89,23.06,1.57,13.42,5339,5775,0.00,280428544
2026-09-10T00:08:44Z,1788998924700,36.02,35.67,23.12,1.58,13.09,5347,5767,0.00,281362432
2026-09-10T00:08:45Z,1788998925761,35.59,35.42,23.12,1.49,13.02,5346,5784,0.00,602046464
2026-09-10T00:08:46Z,1788998926792,35.44,35.45,23.12,2.02,14.02,5352,5773,0.00,614121472
2026-09-10T00:08:47Z,1788998927841,35.20,35.33,23.12,1.98,13.66,5345,5782,0.00,280428544
2026-09-10T00:08:48Z,1788998928908,34.97,35.03,23.12,1.53,13.13,5347,5773,0.00,281362432
2026-09-10T00:08:49Z,1788998929972,34.78,34.73,23.12,1.54,13.13,5342,5778,0.00,433029120
2026-09-10T00:08:50Z,1788998930996,34.62,34.78,23.12,1.93,13.83,5345,5770,0.00,444645376
2026-09-10T00:08:52Z,1788998932075,34.42,34.39,23.12,1.85,13.25,5343,5773,0.00,292945920
2026-09-10T00:08:53Z,1788998933103,34.31,34.25,23.12,1.74,13.34,5344,5779,0.00,281362432
2026-09-10T00:08:54Z,1788998934132,34.19,34.53,23.12,1.60,13.46,5344,5766,0.00,280428544
2026-09-10T00:08:55Z,1788998935221,34.23,35.67,23.12,5.16,17.11,5340,5781,0.00,281362432
2026-09-10T00:08:56Z,1788998936315,34.09,34.69,23.12,1.56,13.08,5350,5773,0.00,292945920
2026-09-10T00:08:57Z,1788998937413,33.94,34.03,23.12,1.82,13.59,5355,5777,0.00,281165824
2026-09-10T00:08:58Z,1788998938495,33.81,33.92,23.12,1.56,13.05,5349,5780,0.00,280969216
2026-09-10T00:08:59Z,1788998939586,33.62,33.81,23.12,4.61,18.51,5352,5761,0.00,293126144
2026-09-10T00:09:00Z,1788998940652,33.78,35.72,23.12,3.99,15.83,5343,5781,0.00,826097664
2026-09-10T00:09:01Z,1788998941716,33.42,34.33,23.12,2.12,13.72,5355,5772,0.00,512950272
2026-09-10T00:09:02Z,1788998942806,33.30,33.62,23.12,1.88,13.55,5341,5785,0.00,512737280
2026-09-10T00:09:03Z,1788998943865,33.17,33.39,23.12,1.81,13.62,5354,5774,0.00,280969216
2026-09-10T00:09:04Z,1788998944954,33.05,33.36,23.12,2.35,14.44,5356,5767,0.00,283246592
2026-09-10T00:09:06Z,1788998946021,32.86,33.03,23.12,2.09,13.63,5352,5776,0.00,280969216
2026-09-10T00:09:07Z,1788998947051,32.78,33.08,23.12,1.71,13.64,5341,5779,0.00,280969216
2026-09-10T00:09:08Z,1788998948145,32.64,32.94,23.12,2.92,15.07,5330,5781,0.00,280969216
2026-09-10T00:09:09Z,1788998949185,32.58,32.48,23.12,1.65,13.08,5349,5775,0.00,280395776
2026-09-10T00:09:10Z,1788998950247,32.55,32.41,23.12,3.19,15.37,5352,5770,0.00,281460736
2026-09-10T00:09:11Z,1788998951329,32.50,32.42,23.12,3.38,14.89,5349,5773,0.00,629161984
2026-09-10T00:09:12Z,1788998952410,32.41,32.44,23.12,1.88,13.54,5350,5769,0.00,283738112
2026-09-10T00:09:13Z,1788998953443,32.27,32.27,23.12,1.69,13.29,5349,5774,0.00,280526848
2026-09-10T00:09:14Z,1788998954500,32.16,32.20,23.12,1.61,13.28,5351,5768,0.00,281198592
2026-09-10T00:09:15Z,1788998955554,32.11,32.17,23.12,1.81,13.32,5347,5775,0.00,281919488
2026-09-10T00:09:16Z,1788998956617,32.06,32.14,23.12,2.03,13.60,5352,5785,0.00,602521600
2026-09-10T00:09:17Z,1788998957656,31.98,32.22,23.12,1.73,13.29,5346,5777,0.00,293289984
2026-09-10T00:09:18Z,1788998958709,31.88,32.11,23.12,1.93,13.63,5357,5772,0.00,280969216
2026-09-10T00:09:19Z,1788998959793,31.66,31.95,23.12,1.62,13.11,5346,5787,0.00,280969216
2026-09-10T00:09:20Z,1788998960859,31.58,31.81,23.12,1.73,13.50,5345,5791,0.00,280969216
2026-09-10T00:09:21Z,1788998961953,31.44,31.72,23.12,1.49,13.13,5349,5766,0.00,280969216
2026-09-10T00:09:23Z,1788998963038,31.33,31.48,23.12,1.71,13.47,5350,5785,0.00,280395776
2026-09-10T00:09:24Z,1788998964116,31.23,31.30,23.12,1.87,13.32,5336,5769,0.00,281165824
2026-09-10T00:09:25Z,1788998965202,31.17,31.09,23.12,1.58,13.11,5345,5763,0.00,282640384
2026-09-10T00:09:26Z,1788998966240,31.12,31.05,23.12,1.58,13.26,5345,5775,0.00,281067520
2026-09-10T00:09:27Z,1788998967298,31.06,31.03,23.12,1.42,13.01,5349,5779,0.00,280363008
2026-09-10T00:09:28Z,1788998968337,31.00,30.98,23.12,1.88,13.61,5345,5775,0.00,281100288
2026-09-10T00:09:29Z,1788998969429,30.94,30.91,23.12,1.47,12.97,5350,5774,0.00,280330240
2026-09-10T00:09:30Z,1788998970484,30.83,30.73,23.12,1.69,13.65,5344,5784,0.00,575782912
2026-09-10T00:09:31Z,1788998971576,30.81,30.84,23.12,2.13,13.61,5357,5780,0.00,280936448
2026-09-10T00:09:32Z,1788998972607,30.75,30.78,23.12,1.55,13.17,5342,5770,0.00,280903680
2026-09-10T00:09:33Z,1788998973664,30.70,30.83,23.12,3.58,15.99,5344,5773,0.00,280903680
2026-09-10T00:09:34Z,1788998974752,30.91,31.59,23.12,5.20,17.65,5349,5771,0.00,280969216
2026-09-10T00:09:35Z,1788998975802,30.75,30.92,23.12,1.69,13.29,5351,5771,0.00,280969216
2026-09-10T00:09:36Z,1788998976834,30.83,32.09,23.12,1.56,13.11,5351,5776,0.00,283246592
2026-09-10T00:09:37Z,1788998977912,30.75,31.28,23.06,4.33,16.82,5347,5774,0.00,280969216
2026-09-10T00:09:38Z,1788998978984,30.64,30.81,23.06,2.12,13.75,5343,5776,0.00,280969216
2026-09-10T00:09:40Z,1788998980066,30.55,30.62,23.06,2.42,14.32,5345,5774,0.00,280969216
2026-09-10T00:09:41Z,1788998981135,30.55,30.64,23.06,2.88,15.20,5347,5779,0.00,616660992
2026-09-10T00:09:42Z,1788998982173,30.45,30.62,23.06,3.06,14.53,5350,5776,0.00,280903680
2026-09-10T00:09:43Z,1788998983250,30.31,30.58,23.06,1.72,13.46,5344,5790,0.00,280363008
2026-09-10T00:09:44Z,1788998984325,30.25,30.55,23.06,1.58,13.21,5343,5776,0.00,281100288
2026-09-10T00:09:45Z,1788998985392,30.20,30.50,23.06,1.60,13.21,5347,5785,0.00,280363008
2026-09-10T00:09:46Z,1788998986485,30.12,30.45,23.06,2.13,14.08,5348,5777,0.00,606257152
2026-09-10T00:09:47Z,1788998987535,30.14,30.61,23.06,2.82,14.66,5347,5778,0.00,280903680
2026-09-10T00:09:48Z,1788998988619,30.17,30.91,23.06,2.48,14.11,5341,5779,0.00,280870912
2026-09-10T00:09:49Z,1788998989694,30.06,30.48,23.06,1.59,13.20,5349,5774,0.00,280903680
2026-09-10T00:09:50Z,1788998990748,29.94,30.39,23.06,2.51,14.70,5344,5793,0.00,280903680
2026-09-10T00:09:51Z,1788998991816,29.89,30.45,23.00,2.03,13.49,5334,5776,0.00,280363008
2026-09-10T00:09:52Z,1788998992853,29.86,30.52,23.00,2.48,14.30,5351,5780,0.00,281821184
2026-09-10T00:09:53Z,1788998993916,29.83,30.39,23.00,2.14,13.96,5356,5777,0.00,281083904
2026-09-10T00:09:54Z,1788998994958,29.78,30.30,23.00,2.21,14.07,5352,5779,0.00,281100288
2026-09-10T00:09:55Z,1788998995999,29.77,30.23,23.00,2.33,14.39,5346,5788,0.00,280903680
2026-09-10T00:09:57Z,1788998997054,29.75,30.28,23.00,2.18,13.80,5348,5775,0.00,280903680
2026-09-10T00:09:58Z,1788998998143,29.77,30.34,23.00,2.79,15.62,5353,5768,0.00,280903680
2026-09-10T00:09:59Z,1788998999179,29.80,30.47,23.00,4.33,16.13,5353,5776,0.00,282607616
2026-09-10T00:10:00Z,1788999000211,29.75,30.45,23.00,2.82,15.05,5350,5776,0.08,650444800
2026-09-10T00:10:01Z,1788999001241,29.75,30.38,23.00,3.07,14.94,5352,5777,0.00,823525376
2026-09-10T00:10:02Z,1788999002290,29.72,30.16,23.00,2.09,13.45,5352,5782,0.00,492421120
2026-09-10T00:10:03Z,1788999003319,29.58,29.94,23.00,2.51,14.48,5350,5773,0.00,292356096
2026-09-10T00:10:04Z,1788999004385,29.62,30.33,23.00,2.81,14.90,5349,5774,0.00,292290560
2026-09-10T00:10:05Z,1788999005413,29.62,30.23,22.94,2.25,13.93,5355,5776,0.00,433405952
2026-09-10T00:10:06Z,1788999006483,29.56,29.97,23.00,2.82,14.96,5340,5789,0.00,436043776
2026-09-10T00:10:07Z,1788999007552,29.45,30.00,22.94,2.27,14.23,5351,5780,0.00,433487872
2026-09-10T00:10:08Z,1788999008582,29.45,30.61,22.94,3.46,15.73,5347,5776,0.00,292306944
2026-09-10T00:10:09Z,1788999009665,29.50,30.48,22.94,3.72,15.95,5345,5792,0.00,444088320
2026-09-10T00:10:10Z,1788999010741,29.47,29.94,22.94,4.18,16.54,5340,5772,0.00,770064384
2026-09-10T00:10:11Z,1788999011833,29.42,30.27,22.94,2.87,14.42,5350,5779,0.00,434061312
2026-09-10T00:10:12Z,1788999012900,29.38,29.86,22.94,3.35,15.24,5351,5781,0.00,433471488
2026-09-10T00:10:13Z,1788999013950,29.33,29.73,22.94,1.97,13.89,5338,5777,0.00,433487872
2026-09-10T00:10:14Z,1788999014986,29.30,30.08,22.94,2.11,13.78,5350,5769,0.00,433766400
2026-09-10T00:10:16Z,1788999016053,29.28,29.62,22.94,2.66,14.49,5353,5779,0.00,756613120
2026-09-10T00:10:17Z,1788999017082,29.28,30.05,22.94,2.67,14.81,5360,5772,0.00,435552256
2026-09-10T00:10:18Z,1788999018165,29.27,30.06,22.94,2.48,14.00,5344,5789,0.00,433717248
2026-09-10T00:10:19Z,1788999019202,29.27,29.81,22.94,2.34,14.37,5351,5779,0.00,443858944
2026-09-10T00:10:20Z,1788999020293,29.27,30.27,22.94,2.86,14.75,5344,5784,0.00,433176576
2026-09-10T00:10:21Z,1788999021358,29.25,29.61,22.88,2.06,13.89,5346,5780,0.00,279855104
2026-09-10T00:10:22Z,1788999022454,29.23,29.84,22.88,3.21,15.61,5345,5774,0.00,281985024
2026-09-10T00:10:23Z,1788999023529,29.25,29.88,22.88,1.99,13.55,5346,5781,0.00,433209344
2026-09-10T00:10:24Z,1788999024609,29.20,29.67,22.88,2.92,14.93,5355,5777,0.00,434323456
2026-09-10T00:10:25Z,1788999025679,29.20,29.72,22.88,2.57,14.43,5339,5779,0.00,434356224
2026-09-10T00:10:26Z,1788999026758,29.12,29.44,22.88,2.05,13.91,5346,5773,0.00,434241536
2026-09-10T00:10:27Z,1788999027830,29.14,29.70,22.88,2.54,14.80,5349,5781,0.00,280936448
2026-09-10T00:10:28Z,1788999028917,29.02,29.22,22.88,2.56,14.19,5351,5778,0.00,280870912
2026-09-10T00:10:30Z,1788999030003,28.98,29.30,22.88,2.02,14.02,5343,5767,0.00,281395200
2026-09-10T00:10:31Z,1788999031093,29.02,29.80,22.88,2.67,14.63,5340,5766,0.00,727891968
2026-09-10T00:10:32Z,1788999032131,28.94,29.30,22.88,2.83,14.55,5348,5778,0.00,283181056
2026-09-10T00:10:33Z,1788999033216,28.91,29.50,22.88,2.42,14.06,5346,5766,0.00,432717824
2026-09-10T00:10:34Z,1788999034281,28.83,29.05,22.88,1.72,13.61,5352,5770,0.00,434323456
2026-09-10T00:10:35Z,1788999035361,28.91,29.61,22.81,3.33,15.23,5348,5786,0.00,432685056
2026-09-10T00:10:36Z,1788999036442,28.81,29.09,22.81,2.17,14.07,5352,5770,0.00,434323456
2026-09-10T00:10:37Z,1788999037489,28.81,29.34,22.81,2.96,14.82,5344,5783,0.00,432717824
2026-09-10T00:10:38Z,1788999038581,28.77,29.23,22.81,1.80,13.44,5350,5778,0.00,281395200
2026-09-10T00:10:39Z,1788999039669,28.73,29.28,22.81,3.57,16.06,5356,5777,0.00,280330240
2026-09-10T00:10:40Z,1788999040761,29.00,30.23,22.81,4.44,17.01,5342,5768,0.00,616906752
2026-09-10T00:10:41Z,1788999041803,28.92,29.28,22.81,5.79,17.70,5357,5774,0.00,280363008
2026-09-10T00:10:42Z,1788999042862,28.75,29.05,22.81,1.47,13.10,5351,5779,0.00,281427968
2026-09-10T00:10:43Z,1788999043960,28.61,28.97,22.81,1.59,13.12,5347,5772,0.00,280330240
2026-09-10T00:10:45Z,1788999045001,28.53,28.95,22.81,1.85,13.60,5353,5776,0.00,281395200
2026-09-10T00:10:46Z,1788999046077,28.56,29.03,22.81,1.95,13.88,5348,5776,0.00,602341376
2026-09-10T00:10:47Z,1788999047136,28.48,28.97,22.75,2.56,14.31,5349,5780,0.00,281395200
2026-09-10T00:10:48Z,1788999048220,28.39,28.89,22.75,1.73,13.37,5349,5773,0.00,280363008
2026-09-10T00:10:49Z,1788999049310,28.34,28.77,22.75,1.43,13.12,5344,5779,0.00,282640384
2026-09-10T00:10:50Z,1788999050375,28.30,28.64,22.75,1.96,13.97,5349,5776,0.00,282607616
2026-09-10T00:10:51Z,1788999051464,28.28,28.78,22.75,1.85,13.21,5348,5777,0.00,281395200
2026-09-10T00:10:52Z,1788999052523,28.20,28.55,22.75,1.43,13.03,5348,5774,0.00,280330240
2026-09-10T00:10:53Z,1788999053568,28.11,28.47,22.75,1.49,13.15,5347,5779,0.00,282886144
2026-09-10T00:10:54Z,1788999054603,28.06,28.33,22.75,1.69,13.36,5357,5767,0.00,280330240
2026-09-10T00:10:55Z,1788999055693,28.02,28.25,22.75,1.75,13.54,5347,5778,0.00,283148288
2026-09-10T00:10:56Z,1788999056764,27.95,28.05,22.69,1.52,13.17,5344,5785,0.00,280330240
2026-09-10T00:10:57Z,1788999057792,27.92,27.92,22.69,1.53,13.20,5348,5779,0.00,280870912
2026-09-10T00:10:58Z,1788999058849,28.00,28.50,22.69,1.97,13.99,5348,5775,0.00,282607616
2026-09-10T00:10:59Z,1788999059925,27.94,28.36,22.69,2.00,13.71,5350,5770,0.00,280870912
2026-09-10T00:11:01Z,1788999061029,27.92,28.25,22.69,2.21,14.36,5353,5785,0.00,825753600
2026-09-10T00:11:02Z,1788999062123,27.91,28.00,22.69,1.92,13.45,5352,5770,0.00,529055744
2026-09-10T00:11:03Z,1788999063153,27.88,27.81,22.69,1.49,13.12,5347,5775,0.00,280739840
2026-09-10T00:11:04Z,1788999064218,27.86,27.72,22.69,1.59,13.09,5345,5779,0.00,280739840
2026-09-10T00:11:05Z,1788999065306,27.84,27.72,22.69,1.55,13.40,5349,5773,0.00,281952256
2026-09-10T00:11:06Z,1788999066342,27.84,27.89,22.69,2.16,13.90,5344,5783,0.00,282230784
2026-09-10T00:11:07Z,1788999067409,27.84,28.00,22.69,3.17,15.69,5352,5788,0.00,280739840
2026-09-10T00:11:08Z,1788999068437,27.89,28.25,22.69,1.87,13.52,5354,5773,0.00,280674304
2026-09-10T00:11:09Z,1788999069501,27.86,27.94,22.62,2.58,14.92,5345,5774,0.00,280674304
2026-09-10T00:11:10Z,1788999070603,27.84,27.73,22.62,3.46,15.61,5349,5779,0.00,280674304
2026-09-10T00:11:11Z,1788999071665,27.86,28.02,22.62,3.10,14.81,5343,5772,0.00,616693760
2026-09-10T00:11:12Z,1788999072773,27.83,28.00,22.62,2.06,13.87,5352,5774,0.00,280674304
2026-09-10T00:11:13Z,1788999073871,27.78,27.83,22.62,1.72,13.35,5347,5774,0.00,280674304
2026-09-10T00:11:14Z,1788999074950,27.77,27.84,22.62,1.75,13.67,5345,5781,0.00,280608768
2026-09-10T00:11:16Z,1788999076036,27.73,27.70,22.62,1.61,13.40,5346,5770,0.00,604635136
2026-09-10T00:11:17Z,1788999077077,27.72,27.75,22.62,2.17,14.13,5353,5788,0.00,282951680
2026-09-10T00:11:18Z,1788999078165,27.64,27.61,22.62,1.71,13.56,5353,5770,0.00,280674304
2026-09-10T00:11:19Z,1788999079257,27.59,27.50,22.62,1.52,13.20,5340,5775,0.00,280674304
2026-09-10T00:11:20Z,1788999080307,27.58,27.83,22.62,2.00,13.91,5348,5768,0.00,249184256
2026-09-10T00:11:21Z,1788999081386,27.61,27.77,22.62,1.93,13.57,5349,5769,0.00,291307520
2026-09-10T00:11:22Z,1788999082421,27.53,27.52,22.56,1.64,13.26,5342,5780,0.00,280674304
2026-09-10T00:11:23Z,1788999083466,27.47,27.41,22.62,1.36,12.94,5348,5779,0.00,280674304
2026-09-10T00:11:24Z,1788999084525,27.44,27.38,22.56,1.36,12.99,5353,5787,0.00,282165248
2026-09-10T00:11:25Z,1788999085557,27.42,27.47,22.56,1.95,13.92,5351,5774,0.00,280674304
2026-09-10T00:11:26Z,1788999086694,27.41,27.41,22.56,1.72,13.35,5341,5771,0.00,292765696
2026-09-10T00:11:27Z,1788999087734,27.39,27.44,22.56,1.30,13.03,5347,5774,0.00,291553280
2026-09-10T00:11:28Z,1788999088779,27.38,27.39,22.56,1.27,12.89,5353,5777,0.00,291553280
2026-09-10T00:11:29Z,1788999089858,27.38,27.38,22.56,1.35,12.98,5343,5790,0.00,280264704
2026-09-10T00:11:30Z,1788999090884,27.41,27.94,22.56,1.78,14.09,5353,5775,0.00,577060864
2026-09-10T00:11:31Z,1788999091938,27.41,27.55,22.56,3.01,14.97,5350,5781,0.00,280297472
2026-09-10T00:11:32Z,1788999092989,27.39,27.42,22.50,1.76,13.31,5342,5770,0.00,290521088
2026-09-10T00:11:34Z,1788999094034,27.38,27.36,22.50,1.35,13.10,5349,5779,0.00,280805376
2026-09-10T00:11:35Z,1788999095093,27.36,27.36,22.50,1.33,12.99,5350,5775,0.00,281755648
2026-09-10T00:11:36Z,1788999096179,27.34,27.34,22.50,1.37,13.21,5353,5766,0.00,280805376
2026-09-10T00:11:37Z,1788999097212,27.34,27.62,22.50,2.04,13.91,5344,5773,0.00,280264704
2026-09-10T00:11:38Z,1788999098258,27.34,27.45,22.50,1.33,12.92,5346,5772,0.00,280870912
2026-09-10T00:11:39Z,1788999099292,27.31,27.38,22.50,2.18,14.06,5352,5782,0.00,280264704
2026-09-10T00:11:40Z,1788999100330,27.31,27.34,22.50,2.93,15.28,5355,5773,0.00,280805376
2026-09-10T00:11:41Z,1788999101382,27.34,27.48,22.50,5.12,17.80,5349,5793,0.00,768114688
2026-09-10T00:11:42Z,1788999102409,27.45,27.61,22.50,1.89,13.56,5347,5788,0.00,432766976
2026-09-10T00:11:43Z,1788999103459,27.39,27.45,22.50,1.61,13.25,5351,5771,0.00,280707072
2026-09-10T00:11:44Z,1788999104563,27.36,27.38,22.50,2.45,15.64,5346,5780,0.00,280674304
2026-09-10T00:11:45Z,1788999105641,27.42,28.00,22.50,2.79,13.36,5351,5778,0.00,280674304
2026-09-10T00:11:46Z,1788999106735,27.36,27.53,22.44,1.91,14.08,5345,5778,0.00,602259456
2026-09-10T00:11:47Z,1788999107768,27.33,27.44,22.44,1.79,13.22,5347,5769,0.00,280674304
2026-09-10T00:11:48Z,1788999108802,27.30,27.38,22.44,1.38,13.14,5344,5771,0.00,280674304
2026-09-10T00:11:49Z,1788999109854,27.27,27.34,22.44,1.38,13.12,5346,5779,0.00,280641536
2026-09-10T00:11:50Z,1788999110917,27.28,27.52,22.44,1.76,13.86,5343,5783,0.00,282951680
2026-09-10T00:11:51Z,1788999111988,27.31,27.42,22.44,2.26,13.69,5349,5793,0.00,280674304
2026-09-10T00:11:53Z,1788999113094,27.34,27.42,22.44,2.45,14.19,5345,5778,0.00,280674304
2026-09-10T00:11:54Z,1788999114155,27.34,27.38,22.44,2.35,13.96,5352,5783,0.00,280641536
2026-09-10T00:11:55Z,1788999115249,27.33,27.34,22.44,2.01,13.66,5350,5773,0.00,280674304
2026-09-10T00:11:56Z,1788999116326,27.31,27.36,22.38,2.21,13.98,5349,5785,0.00,281886720
2026-09-10T00:11:57Z,1788999117442,27.30,27.36,22.38,2.46,14.55,5350,5774,0.00,280674304
2026-09-10T00:11:58Z,1788999118481,27.30,27.36,22.38,1.91,13.40,5350,5778,0.00,280674304
2026-09-10T00:11:59Z,1788999119528,27.25,27.38,22.38,1.53,13.24,5348,5774,0.00,280641536
2026-09-10T00:12:00Z,1788999120619,27.20,27.48,22.38,2.08,13.90,5352,5772,0.00,826310656
2026-09-10T00:12:01Z,1788999121710,27.19,27.44,22.38,2.32,14.14,5354,5784,0.00,529743872
2026-09-10T00:12:02Z,1788999122747,27.17,27.50,22.38,1.98,13.77,5351,5764,0.00,512376832
2026-09-10T00:12:03Z,1788999123783,27.20,27.50,22.38,2.27,14.47,5361,5766,0.00,280674304
2026-09-10T00:12:04Z,1788999124864,27.14,27.41,22.38,1.68,13.39,5340,5779,0.00,280674304
2026-09-10T00:12:05Z,1788999125937,27.05,27.36,22.38,1.52,13.33,5341,5787,0.00,280674304
2026-09-10T00:12:06Z,1788999126986,27.06,27.66,22.31,1.39,13.46,5353,5777,0.00,280723456
2026-09-10T00:12:08Z,1788999128056,27.08,27.47,22.31,2.62,14.67,5350,5778,0.00,280887296
2026-09-10T00:12:09Z,1788999129105,27.12,27.44,22.31,1.79,13.87,5341,5789,0.00,280723456
2026-09-10T00:12:10Z,1788999130210,27.11,27.39,22.31,3.12,15.52,5349,5773,0.00,281444352
2026-09-10T00:12:11Z,1788999131264,27.16,27.47,22.31,3.07,14.71,5344,5779,0.00,769179648
2026-09-10T00:12:12Z,1788999132318,27.17,27.47,22.31,2.60,14.78,5347,5780,0.00,280674304
2026-09-10T00:12:13Z,1788999133417,27.19,27.47,22.31,1.79,13.56,5347,5783,0.00,281247744
2026-09-10T00:12:14Z,1788999134487,27.09,27.41,22.31,1.51,13.36,5345,5776,0.00,280674304
2026-09-10T00:12:15Z,1788999135549,27.03,27.38,22.31,1.49,13.36,5347,5779,0.00,280674304
2026-09-10T00:12:16Z,1788999136639,26.98,27.34,22.31,1.85,13.76,5346,5769,0.00,605667328
2026-09-10T00:12:17Z,1788999137692,26.97,27.42,22.31,1.94,13.90,5347,5781,0.00,282951680
2026-09-10T00:12:18Z,1788999138737,27.12,27.59,22.25,2.48,15.17,5345,5770,0.00,282951680
2026-09-10T00:12:19Z,1788999139832,27.20,27.70,22.25,4.40,16.40,5350,5776,0.00,282951680
2026-09-10T00:12:20Z,1788999140873,27.23,27.42,22.25,3.78,16.20,5336,5773,0.00,280674304
2026-09-10T00:12:21Z,1788999141983,27.22,27.38,22.25,3.28,15.40,5353,5767,0.00,283017216
2026-09-10T00:12:23Z,1788999143126,27.25,27.39,22.25,3.39,15.72,5346,5767,0.00,282984448
2026-09-10T00:12:24Z,1788999144169,27.30,27.50,22.25,3.47,15.83,5351,5788,0.00,280707072
2026-09-10T00:12:25Z,1788999145276,27.30,27.41,22.25,3.22,15.33,5344,5781,0.00,282198016
2026-09-10T00:12:26Z,1788999146316,27.30,27.36,22.25,3.07,15.18,5360,5779,0.00,282984448
2026-09-10T00:12:27Z,1788999147413,27.30,27.36,22.25,4.22,17.00,5344,5782,0.00,280707072
2026-09-10T00:12:28Z,1788999148438,27.34,27.36,22.25,3.52,15.42,5352,5782,0.00,282984448
2026-09-10T00:12:29Z,1788999149479,27.34,27.36,22.25,3.39,15.53,5348,5775,0.00,282984448
2026-09-10T00:12:30Z,1788999150576,27.33,27.50,22.25,3.95,17.06,5349,5773,0.00,576438272
2026-09-10T00:12:31Z,1788999151615,27.38,27.75,22.25,4.81,17.23,5335,5780,0.00,280707072
2026-09-10T00:12:32Z,1788999152683,27.39,27.56,22.25,3.77,15.47,5351,5763,0.00,280707072
2026-09-10T00:12:33Z,1788999153752,27.33,27.48,22.19,1.73,13.52,5359,5795,0.00,280707072
2026-09-10T00:12:34Z,1788999154835,27.33,27.45,22.19,2.23,14.22,5347,5777,0.00,280707072
2026-09-10T00:12:35Z,1788999155892,27.33,27.38,22.19,3.61,16.09,5344,5776,0.00,282984448
2026-09-10T00:12:36Z,1788999156941,27.36,27.52,22.19,3.54,15.81,5355,5776,0.00,282984448
2026-09-10T00:12:37Z,1788999157997,27.36,27.52,22.19,4.23,16.55,5349,5774,0.00,280707072
2026-09-10T00:12:39Z,1788999159073,27.34,27.42,22.19,3.11,15.07,5344,5773,0.00,282984448
2026-09-10T00:12:40Z,1788999160127,27.36,27.38,22.19,4.04,16.90,5345,5792,0.00,280707072
2026-09-10T00:12:41Z,1788999161203,27.44,27.52,22.19,4.50,16.09,5343,5774,0.00,616235008
2026-09-10T00:12:42Z,1788999162247,27.41,27.44,22.19,3.42,15.76,5345,5780,0.00,282984448
2026-09-10T00:12:43Z,1788999163308,27.39,27.44,22.19,3.60,15.59,5351,5770,0.00,282198016
2026-09-10T00:12:44Z,1788999164399,27.38,27.38,22.19,3.48,15.74,5348,5781,0.00,293650432
2026-09-10T00:12:45Z,1788999165440,27.38,27.38,22.19,3.12,15.30,5352,5771,0.00,282984448
2026-09-10T00:12:46Z,1788999166464,27.38,27.42,22.19,4.07,16.23,5348,5772,0.00,617824256
2026-09-10T00:12:47Z,1788999167514,27.38,27.44,22.12,4.62,16.85,5341,5778,0.00,282984448
2026-09-10T00:12:48Z,1788999168604,27.38,27.41,22.12,2.54,15.86,5341,5767,0.00,282984448
2026-09-10T00:12:49Z,1788999169637,27.44,28.11,22.12,2.49,13.27,5356,5779,0.00,280707072
2026-09-10T00:12:50Z,1788999170681,27.38,27.88,22.12,2.35,14.61,5350,5780,0.00,280707072
2026-09-10T00:12:51Z,1788999171723,27.31,27.48,22.12,2.32,13.91,5349,5781,0.00,280707072
2026-09-10T00:12:52Z,1788999172789,27.23,27.41,22.12,1.82,13.61,5347,5790,0.00,283017216
2026-09-10T00:12:53Z,1788999173835,27.12,27.38,22.12,1.72,13.52,5347,5771,0.00,280707072
2026-09-10T00:12:54Z,1788999174870,27.12,27.44,22.12,1.61,13.60,5351,5779,0.00,280707072
2026-09-10T00:12:55Z,1788999175903,27.11,27.42,22.12,2.43,14.37,5343,5778,0.00,280707072
2026-09-10T00:12:56Z,1788999176993,27.02,27.38,22.12,1.63,13.32,5354,5782,0.00,280707072
2026-09-10T00:12:58Z,1788999178054,26.98,27.36,22.12,1.79,13.69,5358,5769,0.00,280707072
2026-09-10T00:12:59Z,1788999179121,26.97,27.33,22.06,1.76,13.60,5339,5774,0.00,280707072
2026-09-10T00:13:00Z,1788999180161,26.94,27.41,22.12,1.42,13.25,5363,5782,0.00,826753024
2026-09-10T00:13:01Z,1788999181179,27.28,28.33,22.06,3.28,17.56,5335,5782,0.00,1127825408
2026-09-10T00:13:02Z,1788999182247,27.36,28.38,22.06,4.52,17.07,5354,5782,0.00,815890432
2026-09-10T00:13:03Z,1788999183276,27.38,28.17,22.06,3.18,14.48,5344,5784,0.00,581189632
2026-09-10T00:13:04Z,1788999184326,27.28,27.67,22.06,3.99,16.77,5358,5777,0.00,582549504
2026-09-10T00:13:05Z,1788999185366,27.39,28.28,22.06,3.40,15.09,5348,5768,0.00,583761920
2026-09-10T00:13:06Z,1788999186452,27.41,28.38,22.06,7.50,21.64,5352,5772,0.00,581484544
2026-09-10T00:13:07Z,1788999187523,27.72,29.45,22.06,4.86,17.35,5344,5776,0.00,582549504
2026-09-10T00:13:08Z,1788999188612,27.62,28.80,22.06,5.90,20.19,5348,5775,0.00,581189632
2026-09-10T00:13:09Z,1788999189691,27.98,29.78,22.06,6.46,17.94,5341,5776,0.00,280707072
2026-09-10T00:13:10Z,1788999190718,27.53,28.53,22.06,3.60,16.22,5352,5785,0.00,616644608
2026-09-10T00:13:11Z,1788999191751,27.42,27.64,22.06,3.12,14.80,5346,5774,0.00,616644608
2026-09-10T00:13:12Z,1788999192800,27.34,27.47,22.06,2.03,14.00,5345,5793,0.00,280707072
2026-09-10T00:13:13Z,1788999193893,27.25,27.39,22.00,1.53,13.27,5352,5783,0.00,280707072
2026-09-10T00:13:14Z,1788999194950,27.17,27.39,22.00,1.66,13.53,5347,5775,0.00,280707072
2026-09-10T00:13:16Z,1788999196055,27.08,27.38,22.00,1.55,13.43,5345,5777,0.00,604356608
2026-09-10T00:13:17Z,1788999197089,27.03,27.41,22.00,1.89,13.90,5349,5769,0.00,280707072
2026-09-10T00:13:18Z,1788999198179,26.98,27.34,22.00,1.57,13.38,5355,5781,0.00,280707072
2026-09-10T00:13:19Z,1788999199221,26.95,27.31,22.00,1.93,14.43,5347,5783,0.00,282984448
2026-09-10T00:13:20Z,1788999200307,27.05,27.69,22.00,2.96,14.62,5349,5773,0.00,280707072
2026-09-10T00:13:21Z,1788999201350,26.98,27.47,22.00,1.56,13.53,5351,5768,0.00,280707072
2026-09-10T00:13:22Z,1788999202457,26.95,27.39,22.00,2.04,14.05,5346,5777,0.00,280707072
2026-09-10T00:13:23Z,1788999203526,26.94,27.36,22.00,1.51,13.29,5336,5773,0.00,280707072
2026-09-10T00:13:24Z,1788999204571,26.94,27.33,22.00,1.65,13.51,5349,5778,0.00,280707072
2026-09-10T00:13:25Z,1788999205639,26.92,27.23,22.00,1.36,13.29,5338,5771,0.00,280674304
2026-09-10T00:13:26Z,1788999206688,26.92,27.12,21.94,1.64,13.40,5337,5791,0.00,280707072
2026-09-10T00:13:27Z,1788999207732,26.91,27.02,21.94,1.45,13.26,5352,5772,0.00,280707072
2026-09-10T00:13:28Z,1788999208795,26.92,27.20,22.00,1.80,13.80,5360,5782,0.00,280707072
2026-09-10T00:13:29Z,1788999209885,26.91,27.14,21.94,1.99,13.93,5348,5781,0.00,280707072
2026-09-10T00:13:30Z,1788999210946,26.91,27.36,21.94,1.58,13.83,5349,5774,0.00,576438272
2026-09-10T00:13:32Z,1788999212049,26.91,27.20,21.94,2.43,14.29,5353,5782,0.00,282984448
2026-09-10T00:13:33Z,1788999213110,26.89,27.09,21.94,1.71,13.69,5346,5780,0.00,280707072
2026-09-10T00:13:34Z,1788999214192,26.86,27.05,21.94,1.44,13.28,5355,5772,0.00,280707072
2026-09-10T00:13:35Z,1788999215273,26.88,27.14,21.94,1.84,14.01,5348,5767,0.00,280707072
2026-09-10T00:13:36Z,1788999216314,26.88,27.22,21.94,1.94,13.81,5343,5778,0.00,281919488
2026-09-10T00:13:37Z,1788999217354,26.88,27.19,21.94,2.52,14.48,5347,5776,0.00,280707072
2026-09-10T00:13:38Z,1788999218379,26.86,27.09,21.94,1.37,13.16,5357,5786,0.00,280707072
2026-09-10T00:13:39Z,1788999219467,26.78,26.84,21.94,2.28,14.44,5348,5788,0.00,280707072
2026-09-10T00:13:40Z,1788999220568,26.80,26.84,21.94,3.06,15.71,5354,5769,0.00,280674304
2026-09-10T00:13:41Z,1788999221617,26.86,27.22,21.94,3.60,15.38,5339,5768,0.00,616349696
2026-09-10T00:13:42Z,1788999222726,26.86,27.09,21.94,1.78,13.66,5348,5768,0.00,432521216
2026-09-10T00:13:43Z,1788999223786,26.80,26.95,21.94,1.43,13.28,5338,5780,0.00,280936448
2026-09-10T00:13:44Z,1788999224824,26.78,27.02,21.88,1.74,13.71,5351,5769,0.00,280395776
2026-09-10T00:13:45Z,1788999225858,26.72,26.94,21.94,1.53,13.38,5360,5788,0.00,605405184
2026-09-10T00:13:46Z,1788999226899,26.80,27.34,21.88,2.26,14.53,5348,5779,0.00,756744192
2026-09-10T00:13:47Z,1788999227953,26.83,27.30,21.88,2.51,14.83,5350,5776,0.00,280739840
2026-09-10T00:13:49Z,1788999229013,26.78,27.14,21.88,1.87,13.68,5354,5779,0.00,280739840
2026-09-10T00:13:50Z,1788999230101,26.75,27.31,21.88,1.56,13.63,5356,5776,0.00,280739840
2026-09-10T00:13:51Z,1788999231147,26.84,27.44,21.88,3.69,16.18,5350,5783,0.00,280707072
2026-09-10T00:13:52Z,1788999232208,26.77,26.98,21.88,1.35,13.24,5350,5768,0.00,280739840
2026-09-10T00:13:53Z,1788999233238,26.72,26.88,21.88,2.09,14.13,5352,5777,0.00,280739840
2026-09-10T00:13:54Z,1788999234272,26.75,27.11,21.88,1.69,13.60,5357,5780,0.00,280739840
2026-09-10T00:13:55Z,1788999235370,26.77,27.20,21.88,2.53,14.65,5352,5782,0.00,280739840
2026-09-10T00:13:56Z,1788999236440,26.73,27.06,21.88,1.29,13.19,5345,5776,0.00,280739840
2026-09-10T00:13:57Z,1788999237532,26.64,26.81,21.88,1.41,13.41,5353,5775,0.00,280707072
2026-09-10T00:13:58Z,1788999238573,26.59,26.69,21.88,1.39,13.23,5344,5770,0.00,280739840
2026-09-10T00:13:59Z,1788999239667,26.55,26.45,21.88,1.46,13.29,5347,5778,0.00,280739840
2026-09-10T00:14:00Z,1788999240723,26.56,26.77,21.88,2.14,14.25,5355,5785,0.00,826294272
2026-09-10T00:14:01Z,1788999241807,26.55,26.64,21.81,2.22,14.19,5348,5769,0.00,512507904
2026-09-10T00:14:02Z,1788999242850,26.53,26.58,21.81,1.65,13.69,5348,5773,0.00,512442368
2026-09-10T00:14:03Z,1788999243896,26.50,26.55,21.81,1.62,13.43,5348,5781,0.00,280707072
2026-09-10T00:14:04Z,1788999244988,26.50,26.45,21.81,1.45,13.29,5346,5780,0.00,280739840
2026-09-10T00:14:06Z,1788999246063,26.48,26.34,21.81,1.85,13.78,5345,5771,0.00,280707072
2026-09-10T00:14:07Z,1788999247153,26.48,26.66,21.81,1.43,13.53,5341,5764,0.00,280739840
2026-09-10T00:14:08Z,1788999248205,26.53,26.94,21.81,2.02,14.37,5346,5784,0.00,280739840
2026-09-10T00:14:09Z,1788999249242,26.64,27.14,21.81,4.03,16.28,5352,5780,0.00,280739840
2026-09-10T00:14:10Z,1788999250330,26.69,27.05,21.81,3.79,16.76,5343,5775,0.00,248315904
2026-09-10T00:14:11Z,1788999251374,26.77,27.25,21.81,3.24,14.99,5362,5778,0.00,616759296
2026-09-10T00:14:12Z,1788999252447,26.75,27.12,21.81,1.93,14.00,5352,5780,0.00,280739840
2026-09-10T00:14:13Z,1788999253504,26.64,26.92,21.81,1.43,13.42,5354,5778,0.00,282230784
2026-09-10T00:14:14Z,1788999254548,26.56,26.86,21.81,1.42,13.29,5347,5774,0.00,283017216
2026-09-10T00:14:15Z,1788999255610,26.52,26.48,21.81,1.59,13.62,5350,5769,0.00,280739840
2026-09-10T00:14:16Z,1788999256673,26.50,26.42,21.81,1.90,13.84,5353,5776,0.00,603471872
2026-09-10T00:14:17Z,1788999257749,26.50,26.50,21.81,1.64,13.54,5345,5774,0.00,293715968
2026-09-10T00:14:18Z,1788999258776,26.53,26.89,21.81,2.36,14.40,5344,5780,0.00,280739840
2026-09-10T00:14:19Z,1788999259868,26.50,26.78,21.75,1.79,13.69,5353,5777,0.00,248315904
2026-09-10T00:14:20Z,1788999260964,26.47,26.53,21.75,1.92,13.93,5347,5771,0.00,291438592
2026-09-10T00:14:22Z,1788999262003,26.47,26.36,21.75,1.43,13.25,5360,5773,0.00,280739840
2026-09-10T00:14:23Z,1788999263063,26.45,26.34,21.75,1.68,13.62,5351,5773,0.00,280707072
2026-09-10T00:14:24Z,1788999264154,26.44,26.30,21.75,1.53,13.53,5352,5773,0.00,248315904
2026-09-10T00:14:25Z,1788999265190,26.48,26.61,21.75,1.55,13.46,5345,5775,0.00,282198016
2026-09-10T00:14:26Z,1788999266222,26.59,26.97,21.75,2.25,13.87,5350,5770,0.00,280739840
2026-09-10T00:14:27Z,1788999267253,26.52,26.70,21.75,1.95,14.01,5347,5769,0.00,283017216
2026-09-10T00:14:28Z,1788999268329,26.52,26.89,21.75,1.92,13.71,5344,5786,0.00,280739840
2026-09-10T00:14:29Z,1788999269422,26.48,26.66,21.75,2.18,14.41,5354,5780,0.00,280739840
2026-09-10T00:14:30Z,1788999270480,26.50,26.77,21.75,1.95,14.57,5344,5786,0.00,580468736
2026-09-10T00:14:31Z,1788999271569,26.52,26.88,21.75,2.36,13.69,5343,5777,0.00,291438592
2026-09-10T00:14:32Z,1788999272636,26.48,26.53,21.75,1.83,14.00,5345,5777,0.00,291438592
2026-09-10T00:14:33Z,1788999273686,26.48,26.83,21.75,2.28,14.31,5352,5775,0.00,280739840
2026-09-10T00:14:34Z,1788999274762,26.45,26.30,21.75,1.63,13.47,5339,5768,0.00,291438592
2026-09-10T00:14:35Z,1788999275822,26.44,26.42,21.75,1.69,13.54,5351,5774,0.00,293715968
2026-09-10T00:14:36Z,1788999276909,26.44,26.39,21.75,1.63,13.67,5345,5776,0.00,293715968
2026-09-10T00:14:37Z,1788999277962,26.44,26.36,21.75,1.93,13.76,5347,5773,0.00,280739840
2026-09-10T00:14:38Z,1788999278990,26.45,26.47,21.75,2.17,14.30,5340,5781,0.00,280739840
2026-09-10T00:14:40Z,1788999280046,26.45,26.31,21.69,2.54,14.72,5344,5777,0.00,280739840
2026-09-10T00:14:41Z,1788999281134,26.48,26.45,21.69,2.87,15.54,5352,5781,0.00,626966528
2026-09-10T00:14:42Z,1788999282196,26.47,26.27,21.69,1.63,13.47,5351,5776,0.00,280739840
2026-09-10T00:14:43Z,1788999283272,26.45,26.20,21.69,1.44,13.45,5348,5798,0.00,280739840
2026-09-10T00:14:44Z,1788999284361,26.45,26.44,21.69,2.13,14.11,5350,5766,0.00,280739840
2026-09-10T00:14:45Z,1788999285408,26.45,26.38,21.69,1.61,13.46,5339,5774,0.00,291438592
2026-09-10T00:14:46Z,1788999286442,26.47,26.72,21.69,2.97,15.12,5341,5779,0.00,615350272
2026-09-10T00:14:47Z,1788999287471,26.47,26.55,21.69,1.42,13.32,5352,5775,0.00,283017216
2026-09-10T00:14:48Z,1788999288524,26.44,26.36,21.69,1.35,13.05,5340,5789,0.00,280739840
2026-09-10T00:14:49Z,1788999289603,26.41,26.42,21.69,2.06,14.30,5354,5776,0.00,280739840
2026-09-10T00:14:50Z,1788999290693,26.42,26.52,21.69,3.10,16.14,5356,5784,0.00,291438592
2026-09-10T00:14:51Z,1788999291776,26.52,26.69,21.69,3.24,14.55,5348,5782,0.00,280739840
2026-09-10T00:14:52Z,1788999292841,26.47,26.56,21.69,1.61,13.76,5350,5786,0.00,280739840
2026-09-10T00:14:53Z,1788999293871,26.50,27.20,21.69,2.00,14.12,5347,5765,0.00,283017216
2026-09-10T00:14:54Z,1788999294959,26.56,27.16,21.69,4.20,16.43,5349,5777,0.00,280739840
2026-09-10T00:14:56Z,1788999296053,26.52,26.98,21.69,1.72,13.62,5351,5793,0.00,280739840
2026-09-10T00:14:57Z,1788999297141,26.64,27.34,21.69,2.95,15.28,5354,5775,0.00,280739840
2026-09-10T00:14:58Z,1788999298202,26.55,26.83,21.69,1.57,13.34,5350,5770,0.00,283017216
2026-09-10T00:14:59Z,1788999299253,26.48,26.47,21.62,1.57,13.34,5347,5784,0.00,280739840
2026-09-10T00:15:00Z,1788999300321,26.45,26.33,21.69,2.20,14.38,5347,5782,0.00,827490304
2026-09-10T00:15:01Z,1788999301390,26.56,26.88,21.62,3.98,16.42,5344,5772,0.00,820215808
2026-09-10T00:15:02Z,1788999302472,26.56,27.14,21.62,2.44,14.35,5349,5786,0.00,512901120
2026-09-10T00:15:03Z,1788999303511,26.52,26.69,21.62,1.56,13.54,5348,5779,0.00,280739840
2026-09-10T00:15:04Z,1788999304598,26.47,26.41,21.62,2.70,15.19,5356,5775,0.00,283017216
2026-09-10T00:15:05Z,1788999305685,26.50,26.70,21.62,2.37,14.62,5354,5779,0.00,280739840
2026-09-10T00:15:06Z,1788999306752,26.45,26.17,21.62,1.89,14.13,5348,5771,0.00,283017216
2026-09-10T00:15:07Z,1788999307805,26.45,26.38,21.62,1.73,13.56,5353,5783,0.00,280739840
2026-09-10T00:15:08Z,1788999308870,26.47,26.34,21.62,2.95,15.07,5349,5786,0.00,280739840
2026-09-10T00:15:09Z,1788999309941,26.45,26.06,21.62,2.32,14.45,5348,5778,0.00,280739840
2026-09-10T00:15:10Z,1788999310986,26.47,26.02,21.62,2.87,15.45,5345,5770,0.00,584302592
2026-09-10T00:15:12Z,1788999312012,26.55,26.97,21.62,3.14,14.81,5343,5781,0.00,291438592
2026-09-10T00:15:13Z,1788999313101,26.58,26.53,21.62,3.94,16.50,5351,5775,0.00,283017216
2026-09-10T00:15:14Z,1788999314145,26.55,26.70,21.62,2.24,14.90,5347,5776,0.00,280739840
2026-09-10T00:15:15Z,1788999315237,26.52,26.41,21.62,2.03,13.87,5347,5790,0.00,280739840
2026-09-10T00:15:16Z,1788999316296,26.47,26.22,21.62,2.07,14.07,5349,5776,0.00,603602944
2026-09-10T00:15:17Z,1788999317350,26.47,26.28,21.62,1.86,13.62,5352,5782,0.00,280739840
2026-09-10T00:15:18Z,1788999318412,26.44,26.14,21.62,1.43,13.38,5365,5774,0.00,280739840
2026-09-10T00:15:19Z,1788999319446,26.41,26.02,21.56,1.80,13.88,5344,5785,0.00,280739840
2026-09-10T00:15:20Z,1788999320528,26.41,26.25,21.56,1.77,14.12,5345,5774,0.00,280739840
2026-09-10T00:15:21Z,1788999321568,26.42,26.25,21.56,1.87,13.50,5345,5781,0.00,280739840
2026-09-10T00:15:22Z,1788999322660,26.41,26.09,21.56,1.73,13.61,5347,5773,0.00,280739840
2026-09-10T00:15:23Z,1788999323755,26.34,25.83,21.56,1.47,13.46,5353,5777,0.00,282984448
2026-09-10T00:15:24Z,1788999324842,26.33,25.86,21.56,1.81,13.78,5353,5779,0.00,280739840
2026-09-10T00:15:25Z,1788999325935,26.30,25.80,21.56,1.69,13.49,5352,5782,0.00,280739840
2026-09-10T00:15:27Z,1788999327006,26.27,25.80,21.56,1.41,13.25,5353,5771,0.00,280707072
2026-09-10T00:15:28Z,1788999328096,26.23,25.86,21.56,1.60,13.49,5350,5772,0.00,280739840
2026-09-10T00:15:29Z,1788999329163,26.17,25.80,21.56,1.25,13.13,5341,5782,0.00,280739840
2026-09-10T00:15:30Z,1788999330195,26.20,25.98,21.56,2.01,14.71,5345,5778,0.00,280772608
2026-09-10T00:15:31Z,1788999331242,26.27,26.20,21.56,2.03,13.77,5349,5779,0.00,575422464
2026-09-10T00:15:32Z,1788999332271,26.30,26.45,21.56,2.96,15.22,5344,5775,0.00,280739840
2026-09-10T00:15:33Z,1788999333344,26.34,26.39,21.56,1.89,13.81,5356,5772,0.00,280739840
2026-09-10T00:15:34Z,1788999334385,26.27,26.06,21.56,1.34,13.25,5356,5783,0.00,280739840
2026-09-10T00:15:35Z,1788999335476,26.19,25.97,21.56,1.61,13.57,5351,5776,0.00,280739840
2026-09-10T00:15:36Z,1788999336568,26.17,25.89,21.56,1.53,13.31,5349,5773,0.00,280739840
2026-09-10T00:15:37Z,1788999337650,26.17,26.08,21.56,2.55,15.07,5353,5771,0.00,280739840
2026-09-10T00:15:38Z,1788999338722,26.23,25.97,21.50,2.05,13.83,5348,5779,0.00,280739840
2026-09-10T00:15:39Z,1788999339750,26.23,25.91,21.50,2.49,14.72,5354,5772,0.00,280739840
2026-09-10T00:15:40Z,1788999340789,26.31,26.03,21.50,2.91,15.64,5343,5782,0.00,616497152
2026-09-10T00:15:41Z,1788999341831,26.33,25.98,21.50,2.90,14.58,5348,5770,0.00,616497152
2026-09-10T00:15:42Z,1788999342872,26.30,25.89,21.50,1.90,13.91,5347,5778,0.00,283017216
2026-09-10T00:15:43Z,1788999343944,26.22,25.84,21.50,1.38,13.25,5345,5780,0.00,280739840
2026-09-10T00:15:45Z,1788999345005,26.25,26.00,21.50,1.71,13.65,5345,5782,0.00,280739840
2026-09-10T00:15:46Z,1788999346087,26.28,26.06,21.50,2.23,14.28,5346,5782,0.00,602619904
2026-09-10T00:15:47Z,1788999347118,26.25,26.06,21.50,2.08,14.09,5344,5776,0.00,280739840
2026-09-10T00:15:48Z,1788999348175,26.22,26.16,21.50,1.78,13.83,5343,5774,0.00,280739840
2026-09-10T00:15:49Z,1788999349269,26.25,26.19,21.50,2.02,14.01,5353,5773,0.00,280739840
2026-09-10T00:15:50Z,1788999350314,26.17,25.89,21.50,1.60,13.70,5346,5779,0.00,280739840
2026-09-10T00:15:51Z,1788999351409,26.17,25.98,21.50,1.78,13.49,5348,5777,0.00,280739840
2026-09-10T00:15:52Z,1788999352490,26.17,26.28,21.50,2.43,14.89,5350,5786,0.00,280739840
2026-09-10T00:15:53Z,1788999353583,26.25,26.23,21.50,1.78,13.35,5352,5776,0.00,280739840
2026-09-10T00:15:54Z,1788999354615,26.16,25.94,21.50,1.55,13.43,5356,5777,0.00,280739840
2026-09-10T00:15:55Z,1788999355704,26.11,25.80,21.50,1.52,13.33,5346,5774,0.00,282984448
2026-09-10T00:15:56Z,1788999356731,26.02,25.80,21.50,1.41,13.21,5345,5767,0.00,280707072
2026-09-10T00:15:57Z,1788999357769,26.23,27.16,21.50,1.67,13.79,5353,5775,0.00,280739840
2026-09-10T00:15:58Z,1788999358863,26.31,26.70,21.44,4.47,16.92,5343,5781,0.00,280739840
2026-09-10T00:15:59Z,1788999359919,26.20,26.28,21.50,1.77,13.58,5344,5795,0.00,280739840
2026-09-10T00:16:00Z,1788999360986,26.19,26.05,21.44,1.77,13.99,5350,5775,0.00,828375040
2026-09-10T00:16:02Z,1788999362011,26.22,26.25,21.44,2.09,14.22,5343,5773,0.00,513081344
2026-09-10T00:16:03Z,1788999363081,26.25,26.36,21.44,2.47,14.16,5342,5774,0.00,280739840
2026-09-10T00:16:04Z,1788999364169,26.17,26.03,21.44,2.05,14.15,5355,5785,0.00,280739840
2026-09-10T00:16:05Z,1788999365275,26.09,25.91,21.44,1.92,13.62,5353,5775,0.00,280739840
2026-09-10T00:16:06Z,1788999366357,26.06,25.86,21.44,1.44,13.29,5347,5793,0.00,280707072
2026-09-10T00:16:07Z,1788999367408,26.08,26.06,21.44,2.10,14.60,5353,5782,0.00,280739840
2026-09-10T00:16:08Z,1788999368511,26.16,26.28,21.44,2.60,14.67,5350,5791,0.00,280739840
2026-09-10T00:16:09Z,1788999369553,26.20,26.38,21.44,3.20,15.83,5348,5764,0.00,280739840
2026-09-10T00:16:10Z,1788999370605,26.33,26.55,21.44,4.47,17.65,5354,5772,0.00,280870912
2026-09-10T00:16:11Z,1788999371704,26.41,26.80,21.44,3.51,14.95,5342,5777,0.00,583417856
2026-09-10T00:16:12Z,1788999372792,26.41,27.22,21.44,2.72,14.75,5345,5777,0.00,291569664
2026-09-10T00:16:13Z,1788999373828,26.59,27.31,21.44,5.90,19.38,5346,5776,0.00,280707072
2026-09-10T00:16:14Z,1788999374920,26.75,28.42,21.44,2.46,15.62,5356,5767,0.00,280772608
2026-09-10T00:16:16Z,1788999376002,26.61,27.05,21.44,5.17,16.80,5349,5786,0.00,607027200
2026-09-10T00:16:17Z,1788999377095,26.78,29.23,21.44,1.94,14.52,5344,5778,0.00,280772608
2026-09-10T00:16:18Z,1788999378139,27.78,33.38,21.44,13.17,31.65,5352,5771,0.00,280772608
2026-09-10T00:16:19Z,1788999379172,28.00,31.27,21.38,14.08,29.58,5348,5770,0.00,283049984
2026-09-10T00:16:20Z,1788999380202,27.70,30.72,21.44,5.62,16.97,5350,5771,0.00,279724032
2026-09-10T00:16:21Z,1788999381294,27.28,28.41,21.44,1.60,13.87,5343,5768,0.00,280772608
2026-09-10T00:16:22Z,1788999382370,27.33,30.44,21.44,13.30,30.90,5359,5779,0.00,280772608
2026-09-10T00:16:23Z,1788999383413,28.14,33.06,21.44,12.16,27.04,0,0,0.00,88207065088
2026-09-10T00:16:24Z,1788999384448,28.70,36.83,21.38,28.95,48.38,0,0,0.98,93646176256
2026-09-10T00:16:25Z,1788999385489,41.11,32.39,21.38,134.38,133.23,0,0,1.00,93609623552
2026-09-10T00:16:26Z,1788999386539,53.36,36.52,21.38,143.77,134.79,0,0,0.98,93089841152
2026-09-10T00:16:27Z,1788999387623,57.14,41.61,21.38,113.15,114.97,0,0,0.96,88945836032
2026-09-10T00:16:28Z,1788999388647,54.45,40.97,21.38,99.05,118.83,0,0,0.99,88945393664
2026-09-10T00:16:29Z,1788999389673,53.89,40.84,21.38,98.52,123.89,0,0,0.98,93372383232
2026-09-10T00:16:30Z,1788999390706,57.23,42.11,21.38,120.49,128.63,0,0,1.00,93778313216
2026-09-10T00:16:31Z,1788999391725,69.22,46.23,21.38,130.95,130.91,0,0,1.00,93333979136
2026-09-10T00:16:32Z,1788999392800,65.98,47.97,21.38,116.51,123.05,0,0,0.96,93329080320
2026-09-10T00:16:33Z,1788999393840,64.94,49.12,21.38,96.93,124.10,0,0,0.99,88874418176
2026-09-10T00:16:34Z,1788999394924,65.22,50.41,21.38,96.79,127.49,0,0,0.99,89025019904
2026-09-10T00:16:35Z,1788999395964,68.86,52.02,21.38,93.64,121.70,0,0,0.99,93545857024
2026-09-10T00:16:37Z,1788999397018,74.28,54.03,21.38,127.83,131.61,0,0,1.00,93352509440
2026-09-10T00:16:38Z,1788999398037,75.11,55.14,21.38,107.00,120.04,0,0,1.00,93502930944
2026-09-10T00:16:39Z,1788999399072,73.31,56.56,21.38,100.91,119.72,0,0,0.99,93190782976
2026-09-10T00:16:40Z,1788999400153,72.42,57.86,21.38,97.83,128.76,0,0,0.99,89039093760
2026-09-10T00:16:41Z,1788999401184,72.56,59.48,21.38,97.95,130.37,0,0,0.96,92528148480
2026-09-10T00:16:42Z,1788999402201,76.55,60.62,21.38,116.93,127.32,0,0,1.00,93550854144
2026-09-10T00:16:43Z,1788999403235,79.86,61.83,21.38,102.58,120.48,0,0,1.00,93503717376
2026-09-10T00:16:44Z,1788999404294,81.58,63.11,21.38,101.83,119.07,0,0,0.99,93351510016
2026-09-10T00:16:45Z,1788999405352,80.73,64.53,21.38,97.56,129.77,0,0,0.99,91193327616
2026-09-10T00:16:46Z,1788999406433,80.02,66.14,21.38,99.64,130.92,0,0,0.99,89341968384
2026-09-10T00:16:47Z,1788999407453,80.53,67.12,21.38,100.10,131.61,0,0,0.98,93552820224
2026-09-10T00:16:48Z,1788999408522,83.52,68.12,21.38,106.03,118.18,0,0,1.00,93514612736
2026-09-10T00:16:49Z,1788999409608,86.34,69.03,21.38,95.89,118.18,0,0,1.00,93365075968
2026-09-10T00:16:50Z,1788999410689,87.62,70.06,21.38,96.60,119.25,0,0,0.99,93354868736
2026-09-10T00:16:51Z,1788999411743,86.98,72.55,21.38,94.30,124.27,0,0,0.99,89034735616
2026-09-10T00:16:52Z,1788999412769,87.64,73.47,21.44,100.91,132.15,0,0,0.99,89047089152
2026-09-10T00:16:53Z,1788999413827,88.03,75.23,21.38,100.78,132.53,1238,1242,0.98,93555310592
2026-09-10T00:16:54Z,1788999414868,90.84,75.20,21.44,100.28,119.38,1383,1550,1.00,93514350592
2026-09-10T00:16:55Z,1788999415958,91.66,75.36,21.38,90.94,116.06,1352,1461,1.00,93512974336
2026-09-10T00:16:57Z,1788999417013,92.45,75.47,21.44,91.56,115.72,1350,1458,0.41,93351952384
2026-09-10T00:16:58Z,1788999418084,90.86,75.84,21.44,90.11,116.49,1352,1465,0.14,88880758784
2026-09-10T00:16:59Z,1788999419104,91.00,76.41,21.44,99.77,130.80,1354,1464,0.04,89044533248
2026-09-10T00:17:00Z,1788999420131,91.33,76.94,21.44,100.29,132.26,1349,1454,0.16,93812506624
2026-09-10T00:17:01Z,1788999421162,93.23,77.56,21.44,97.94,124.73,1344,1452,1.00,94116200448
2026-09-10T00:17:02Z,1788999422191,93.97,78.19,21.44,95.85,118.61,1357,1468,1.00,93795008512
2026-09-10T00:17:03Z,1788999423254,94.47,78.06,21.44,89.65,116.48,1415,1529,1.00,93549346816
2026-09-10T00:17:04Z,1788999424330,93.70,78.25,21.44,89.16,120.11,1458,1577,0.23,93360504832
2026-09-10T00:17:05Z,1788999425353,93.42,78.80,21.44,101.08,132.30,1502,1616,0.25,89043419136
2026-09-10T00:17:06Z,1788999426387,93.88,79.33,21.44,98.84,130.66,1541,1670,0.36,89053315072
2026-09-10T00:17:07Z,1788999427443,93.80,81.05,21.44,97.61,119.19,1596,1722,0.91,93564092416
2026-09-10T00:17:08Z,1788999428486,95.52,80.39,21.44,88.12,113.51,1652,1783,1.00,93526294528
2026-09-10T00:17:09Z,1788999429573,96.22,80.23,21.50,88.14,116.35,1691,1829,1.00,93526540288
2026-09-10T00:17:10Z,1788999430639,97.05,80.28,21.50,88.34,115.00,1743,1883,0.49,93213016064
2026-09-10T00:17:11Z,1788999431679,95.17,80.39,21.50,96.20,129.33,1789,1939,0.15,89053413376
2026-09-10T00:17:12Z,1788999432727,95.27,80.91,21.50,99.95,131.04,1855,1991,0.14,89042649088
2026-09-10T00:17:13Z,1788999433753,91.20,82.45,21.50,97.02,128.82,1894,2039,0.13,88054595584
2026-09-10T00:17:14Z,1788999434814,91.66,83.44,21.50,22.44,25.85,1937,2099,0.98,93488611328
2026-09-10T00:17:15Z,1788999435843,97.12,80.78,21.50,99.76,124.05,1985,2142,1.00,93880877056
2026-09-10T00:17:16Z,1788999436888,99.39,81.05,21.50,107.86,128.27,2035,2194,0.97,93568548864
2026-09-10T00:17:17Z,1788999437949,97.58,81.20,21.50,104.70,129.31,2094,2265,0.09,93089939456
2026-09-10T00:17:19Z,1788999439001,96.97,81.34,21.56,104.82,135.33,2162,2327,0.18,88933482496
2026-09-10T00:17:20Z,1788999440034,96.39,81.86,21.56,105.03,135.26,2213,2394,0.46,93370531840
2026-09-10T00:17:21Z,1788999441098,98.44,81.61,21.56,102.48,124.16,2287,2467,1.00,93482401792
2026-09-10T00:17:22Z,1788999442153,98.42,81.38,21.56,97.93,121.42,2346,2529,1.00,93360734208
2026-09-10T00:17:23Z,1788999443210,98.94,81.22,21.56,85.77,111.31,2399,2589,0.66,93179559936
2026-09-10T00:17:24Z,1788999444257,95.41,81.02,21.62,95.31,128.80,2459,2682,0.26,88874762240
2026-09-10T00:17:25Z,1788999445296,95.03,81.00,21.56,97.96,130.14,2519,2718,0.18,89026576384
2026-09-10T00:17:26Z,1788999446353,94.59,80.66,21.62,93.10,123.08,2548,2756,1.00,93387849728
2026-09-10T00:17:27Z,1788999447437,95.75,80.53,21.62,95.32,118.48,2573,2779,1.00,93499359232
2026-09-10T00:17:28Z,1788999448510,96.59,80.23,21.62,90.51,116.63,2605,2816,1.00,93351723008
2026-09-10T00:17:29Z,1788999449582,96.75,80.00,21.62,89.78,115.04,2631,2841,0.69,93346496512
2026-09-10T00:17:30Z,1788999450664,94.27,79.75,21.62,84.96,118.06,2656,2865,0.19,89177931776
2026-09-10T00:17:31Z,1788999451744,92.98,79.41,21.69,98.38,130.14,2687,2896,0.01,88884625408
2026-09-10T00:17:32Z,1788999452797,93.53,79.20,21.69,95.93,128.56,2711,2922,1.00,93389635584
2026-09-10T00:17:33Z,1788999453832,94.61,78.80,21.69,94.26,114.02,2735,2957,1.00,93350379520
2026-09-10T00:17:34Z,1788999454918,94.33,78.58,21.69,86.80,116.57,2762,2991,1.00,93352968192
2026-09-10T00:17:35Z,1788999455970,94.95,78.39,21.75,83.94,111.81,2786,3012,0.77,93342187520
2026-09-10T00:17:37Z,1788999457032,92.30,78.23,21.75,89.00,116.02,2810,3038,0.00,89036144640
2026-09-10T00:17:38Z,1788999458122,92.02,78.20,21.75,99.03,131.72,2850,3070,0.02,89035292672
2026-09-10T00:17:39Z,1788999459153,91.62,78.16,21.75,97.63,129.96,2863,3090,0.33,93397827584
2026-09-10T00:17:40Z,1788999460191,93.34,77.91,21.75,95.61,121.36,2893,3127,1.00,93512450048
2026-09-10T00:17:41Z,1788999461218,94.36,77.66,21.81,92.63,117.52,2922,3148,1.00,93511106560
2026-09-10T00:17:42Z,1788999462295,94.41,77.53,21.81,90.59,114.54,2945,3182,0.92,93352378368
2026-09-10T00:17:43Z,1788999463363,91.53,77.33,21.81,84.84,119.60,2980,3218,0.25,89044205568
2026-09-10T00:17:44Z,1788999464439,91.00,77.28,21.81,99.67,131.69,3005,3242,0.69,89044336640
2026-09-10T00:17:45Z,1788999465507,90.88,77.20,21.81,97.66,130.65,3028,3280,0.64,93552017408
2026-09-10T00:17:46Z,1788999466592,91.09,77.12,21.88,96.51,117.04,3047,3297,1.00,93836263424
2026-09-10T00:17:47Z,1788999467679,92.55,76.89,21.88,86.87,113.94,3028,3270,1.00,93539663872
2026-09-10T00:17:48Z,1788999468763,93.08,76.42,21.88,91.42,116.51,2997,3236,0.91,93335044096
2026-09-10T00:17:49Z,1788999469819,89.84,76.22,21.94,86.26,112.64,2973,3206,0.58,88904335360
2026-09-10T00:17:50Z,1788999470853,89.91,76.34,21.94,96.04,129.90,2944,3185,0.41,89058066432
2026-09-10T00:17:51Z,1788999471918,89.58,76.39,21.94,98.79,130.92,2923,3157,0.40,89058295808
2026-09-10T00:17:52Z,1788999472992,91.31,76.33,21.94,93.84,122.87,2895,3111,1.00,93583507456
2026-09-10T00:17:54Z,1788999474074,91.59,76.20,21.94,92.84,116.76,2867,3088,1.00,93376675840
2026-09-10T00:17:55Z,1788999475153,92.02,76.30,22.00,87.58,114.14,2840,3056,1.00,93524557824
2026-09-10T00:17:56Z,1788999476232,90.31,76.23,22.00,84.93,117.91,2805,3028,0.57,93361340416
2026-09-10T00:17:57Z,1788999477260,89.89,76.28,22.00,101.37,133.05,2778,3001,0.37,89055543296
2026-09-10T00:17:58Z,1788999478295,90.19,76.47,22.00,98.49,130.58,2761,2973,0.64,89064652800
2026-09-10T00:17:59Z,1788999479318,89.69,76.64,22.06,96.46,119.40,2733,2939,1.00,93580623872
2026-09-10T00:18:00Z,1788999480399,91.94,76.73,22.06,86.09,114.78,2696,2918,1.00,94085644288
2026-09-10T00:18:01Z,1788999481471,91.47,76.64,22.06,86.08,115.77,2675,2888,1.00,93781377024
2026-09-10T00:18:02Z,1788999482495,92.50,76.73,22.06,92.99,116.97,2651,2860,0.70,93603479552
2026-09-10T00:18:03Z,1788999483517,90.92,76.88,22.12,92.06,126.58,2633,2849,0.77,89061916672
2026-09-10T00:18:04Z,1788999484550,91.00,77.16,22.12,100.42,131.61,2647,2855,0.82,89063358464
2026-09-10T00:18:05Z,1788999485633,91.09,77.39,22.12,99.33,131.28,2665,2872,0.99,445005824
2026-09-10T00:18:06Z,1788999486678,88.75,81.02,22.19,33.85,39.99,2672,2892,0.97,93653680128
2026-09-10T00:18:07Z,1788999487730,95.89,79.33,22.19,105.03,121.89,2655,2883,1.00,93624434688
2026-09-10T00:18:08Z,1788999488809,98.02,78.83,22.19,117.44,129.21,2635,2852,1.00,93625810944
2026-09-10T00:18:09Z,1788999489831,94.03,78.62,22.19,102.75,122.64,2602,2815,0.04,93253271552
2026-09-10T00:18:10Z,1788999490879,93.25,78.73,22.25,102.18,133.43,2579,2789,0.07,88952733696
2026-09-10T00:18:11Z,1788999491920,92.75,78.84,22.25,99.62,131.79,2563,2763,0.40,93533077504
2026-09-10T00:18:13Z,1788999493009,94.55,78.91,22.25,95.37,121.71,2596,2787,1.00,93493067776
2026-09-10T00:18:14Z,1788999494052,94.98,78.83,22.31,85.73,112.23,2614,2827,1.00,93343563776
2026-09-10T00:18:15Z,1788999495074,95.62,78.91,22.31,87.01,115.19,2632,2842,0.88,93199646720
2026-09-10T00:18:16Z,1788999496110,92.69,79.12,22.31,84.36,110.57,2656,2874,0.16,93501669376
2026-09-10T00:18:17Z,1788999497153,92.80,79.27,22.31,92.79,128.42,2684,2899,0.01,89032900608
2026-09-10T00:18:18Z,1788999498188,92.86,79.33,22.38,99.69,131.65,2708,2914,0.16,91813593088
2026-09-10T00:18:19Z,1788999499234,94.64,79.42,22.38,93.30,119.67,2737,2956,1.00,93510221824
2026-09-10T00:18:20Z,1788999500323,95.14,79.33,22.38,83.52,113.42,2754,2982,1.00,93511204864
2026-09-10T00:18:21Z,1788999501385,95.59,79.25,22.44,86.41,114.89,2789,3003,1.00,93313351680
2026-09-10T00:18:22Z,1788999502440,93.95,79.30,22.44,87.19,118.75,2818,3040,0.10,93352902656
2026-09-10T00:18:23Z,1788999503483,93.19,79.36,22.44,100.54,132.19,2804,3025,0.14,89046089728
2026-09-10T00:18:24Z,1788999504554,93.08,79.47,22.44,97.57,130.28,2821,3036,0.27,89044549632
2026-09-10T00:18:25Z,1788999505611,92.92,79.89,22.50,94.43,118.24,2841,3054,1.00,93551673344
2026-09-10T00:18:26Z,1788999506696,95.14,79.41,22.50,86.10,115.38,2871,3098,1.00,93506076672
2026-09-10T00:18:27Z,1788999507764,96.20,79.23,22.56,90.14,116.68,2896,3121,1.00,93533798400
2026-09-10T00:18:28Z,1788999508789,92.95,79.14,22.56,84.63,111.06,2920,3147,0.06,93346119680
2026-09-10T00:18:29Z,1788999509868,92.92,79.25,22.56,95.01,129.48,2948,3176,0.05,89044697088
2026-09-10T00:18:30Z,1788999510904,92.88,79.45,22.62,98.64,130.78,2961,3188,0.12,89338314752
2026-09-10T00:18:31Z,1788999511935,94.50,79.31,22.62,93.63,122.83,2984,3213,1.00,93562191872
2026-09-10T00:18:32Z,1788999512961,94.94,79.05,22.62,93.61,115.59,2993,3244,1.00,93517824000
2026-09-10T00:18:34Z,1788999514050,95.41,78.91,22.62,86.69,114.43,3050,3283,1.00,93518069760
2026-09-10T00:18:35Z,1788999515118,93.66,78.88,22.69,91.28,115.56,3067,3311,0.21,93355409408
2026-09-10T00:18:36Z,1788999516163,92.55,78.88,22.69,85.08,117.87,3064,3310,0.23,88887246848
2026-09-10T00:18:37Z,1788999517232,92.52,78.86,22.69,97.08,129.27,3050,3293,0.19,89052495872
2026-09-10T00:18:38Z,1788999518261,92.00,79.41,22.69,96.72,119.17,3091,3338,0.98,93409443840
2026-09-10T00:18:39Z,1788999519285,94.47,78.81,22.75,88.86,116.09,3113,3362,1.00,93381230592
2026-09-10T00:18:40Z,1788999520369,94.83,78.72,22.75,85.33,114.48,3152,3406,1.00,93369761792
2026-09-10T00:18:41Z,1788999521455,94.84,78.67,22.81,86.55,110.83,3189,3437,0.46,93210312704
2026-09-10T00:18:42Z,1788999522509,92.25,78.53,22.81,94.45,129.83,3225,3474,0.18,88900288512
2026-09-10T00:18:43Z,1788999523553,92.09,78.53,22.81,99.09,130.85,3249,3511,0.04,88900288512
2026-09-10T00:18:44Z,1788999524640,91.91,78.50,22.81,95.96,126.75,3286,3542,0.59,93418078208
2026-09-10T00:18:45Z,1788999525714,93.06,78.61,22.88,90.70,112.21,3318,3583,1.00,93614276608
2026-09-10T00:18:46Z,1788999526797,94.67,78.05,22.88,90.51,117.18,3292,3573,1.00,93707157504
2026-09-10T00:18:47Z,1788999527819,93.97,77.95,22.88,91.71,117.05,3307,3575,0.79,93214113792
2026-09-10T00:18:48Z,1788999528900,91.62,77.77,22.94,84.25,114.98,3329,3589,0.13,88909135872
2026-09-10T00:18:49Z,1788999529930,91.45,77.73,22.94,99.84,132.15,3303,3564,0.11,88909135872
2026-09-10T00:18:51Z,1788999531018,91.34,77.75,23.00,97.76,130.44,3292,3552,0.19,93419487232
2026-09-10T00:18:52Z,1788999532055,93.41,78.09,23.00,95.43,121.24,3321,3586,1.00,93375578112
2026-09-10T00:18:53Z,1788999533119,93.75,77.70,23.00,91.19,116.27,3353,3622,1.00,93377822720
2026-09-10T00:18:54Z,1788999534185,94.12,77.55,23.00,90.53,117.73,3389,3665,1.00,93384966144
2026-09-10T00:18:55Z,1788999535273,91.83,77.44,23.00,84.34,116.60,3430,3707,0.20,93211361280
2026-09-10T00:18:56Z,1788999536330,90.77,77.41,23.06,98.60,130.28,3445,3722,0.11,88908611584
2026-09-10T00:18:57Z,1788999537368,90.75,77.36,23.06,96.71,129.21,3456,3722,0.14,88908578816
2026-09-10T00:18:58Z,1788999538441,89.41,79.72,23.06,45.35,51.76,3825,3986,0.00,290570240
2026-09-10T00:18:59Z,1788999539505,82.48,76.61,23.06,1.54,12.54,4981,5331,0.00,288800768
2026-09-10T00:19:00Z,1788999540530,77.98,73.98,23.12,1.73,13.34,5167,5560,0.00,834306048
2026-09-10T00:19:01Z,1788999541598,74.72,71.70,23.19,1.55,13.59,5260,5651,0.00,523255808
2026-09-10T00:19:02Z,1788999542691,71.95,69.36,23.19,1.18,13.24,5312,5716,0.00,521043968
2026-09-10T00:19:03Z,1788999543778,67.70,65.36,23.25,1.00,13.06,5334,5748,0.00,288931840
2026-09-10T00:19:04Z,1788999544855,65.89,63.53,23.25,1.29,13.39,5338,5776,0.00,288931840
2026-09-10T00:19:05Z,1788999545943,64.08,61.89,23.25,1.06,12.94,5347,5770,0.00,290340864
2026-09-10T00:19:07Z,1788999547025,62.50,60.39,23.31,1.01,13.01,5355,5773,0.00,288964608
2026-09-10T00:19:08Z,1788999548106,61.03,58.89,23.31,1.18,12.95,5350,5776,0.00,288833536
2026-09-10T00:19:09Z,1788999549194,59.84,57.66,23.31,2.88,15.11,5349,5774,0.00,288800768
2026-09-10T00:19:10Z,1788999550276,58.61,56.75,23.31,1.12,12.88,5351,5776,0.00,288800768
2026-09-10T00:19:11Z,1788999551355,57.33,55.56,23.38,1.05,12.62,5354,5789,0.00,291078144
2026-09-10T00:19:12Z,1788999552445,56.20,54.45,23.38,1.14,12.75,5346,5788,0.00,303202304
2026-09-10T00:19:13Z,1788999553547,55.09,53.41,23.38,0.94,12.48,5351,5778,0.00,292634624
2026-09-10T00:19:14Z,1788999554581,54.03,52.44,23.44,1.12,12.69,5353,5775,0.00,288768000
2026-09-10T00:19:15Z,1788999555663,53.12,51.55,23.44,0.87,12.44,5355,5791,0.00,288768000
2026-09-10T00:19:16Z,1788999556740,51.66,50.00,23.50,1.16,12.93,5349,5787,0.00,623427584
2026-09-10T00:19:17Z,1788999557819,50.92,49.31,23.50,0.89,12.53,5357,5764,0.00,300793856
2026-09-10T00:19:18Z,1788999558858,50.12,48.66,23.50,1.03,12.82,5348,5777,0.00,288735232
2026-09-10T00:19:19Z,1788999559940,49.45,48.00,23.50,1.03,12.71,5350,5783,0.00,288735232
2026-09-10T00:19:21Z,1788999561011,48.88,47.44,23.50,1.15,13.14,5354,5778,0.00,300793856
2026-09-10T00:19:22Z,1788999562099,48.23,46.78,23.56,0.89,12.36,5346,5783,0.00,288735232
2026-09-10T00:19:23Z,1788999563190,47.58,46.23,23.56,0.80,12.31,5351,5781,0.00,288702464
2026-09-10T00:19:24Z,1788999564245,46.97,45.70,23.56,0.92,12.39,5356,5775,0.00,288669696
2026-09-10T00:19:25Z,1788999565340,46.28,45.20,23.56,0.81,12.33,5349,5786,0.00,302153728
2026-09-10T00:19:26Z,1788999566378,45.83,44.72,23.56,1.16,12.72,5351,5779,0.00,288669696
2026-09-10T00:19:27Z,1788999567435,45.44,44.34,23.62,0.71,12.12,5351,5782,0.00,288636928
2026-09-10T00:19:28Z,1788999568486,45.02,43.95,23.62,0.80,12.16,5352,5775,0.00,290947072
2026-09-10T00:19:29Z,1788999569576,44.66,43.48,23.62,1.11,12.48,5352,5772,0.00,288636928
2026-09-10T00:19:30Z,1788999570668,44.31,43.11,23.69,0.90,12.38,5349,5775,0.00,583352320
2026-09-10T00:19:31Z,1788999571714,43.55,42.75,23.69,0.92,12.15,5354,5788,0.00,290947072
2026-09-10T00:19:32Z,1788999572804,43.16,41.92,23.69,0.76,12.14,5354,5771,0.00,290947072
2026-09-10T00:19:33Z,1788999573872,42.75,41.73,23.69,0.78,12.15,5346,5774,0.00,292503552
2026-09-10T00:19:34Z,1788999574911,42.33,41.41,23.69,0.86,12.22,5358,5775,0.00,290947072
2026-09-10T00:19:35Z,1788999575985,42.03,41.06,23.69,0.83,12.19,5340,5788,0.00,290947072
2026-09-10T00:19:37Z,1788999577052,41.67,40.62,23.75,0.87,12.36,5354,5780,0.00,290947072
2026-09-10T00:19:38Z,1788999578126,41.33,40.31,23.75,1.02,12.25,5350,5779,0.00,288669696
2026-09-10T00:19:39Z,1788999579156,41.02,40.19,23.75,0.83,12.15,5350,5774,0.00,290947072
2026-09-10T00:19:40Z,1788999580286,40.70,40.00,23.75,0.84,12.10,5346,5775,0.00,290947072
2026-09-10T00:19:41Z,1788999581327,40.44,39.66,23.81,0.87,12.19,5352,5765,0.00,291799040
2026-09-10T00:19:42Z,1788999582383,40.14,39.30,23.81,0.73,12.02,5345,5772,0.00,290947072
2026-09-10T00:19:43Z,1788999583475,39.81,38.88,23.81,0.72,12.11,5351,5771,0.00,288636928
2026-09-10T00:19:44Z,1788999584564,39.52,38.66,23.81,0.86,12.08,5352,5773,0.00,290193408
2026-09-10T00:19:45Z,1788999585643,39.27,38.58,23.81,0.94,12.23,5358,5774,0.00,290979840
2026-09-10T00:19:46Z,1788999586684,39.08,38.48,23.81,1.17,12.51,5352,5786,0.00,611336192
2026-09-10T00:19:47Z,1788999587771,38.75,38.03,23.81,0.89,12.18,5341,5770,0.00,288735232
2026-09-10T00:19:48Z,1788999588859,38.52,37.77,23.88,0.78,12.05,5341,5782,0.00,287178752
2026-09-10T00:19:49Z,1788999589952,38.25,37.41,23.88,0.75,12.03,5349,5775,0.00,288768000
2026-09-10T00:19:51Z,1788999591014,38.02,37.16,23.88,0.92,12.20,5343,5779,0.00,288768000
2026-09-10T00:19:52Z,1788999592106,37.80,37.03,23.88,0.88,12.34,5347,5775,0.00,288997376
2026-09-10T00:19:53Z,1788999593148,37.58,36.97,23.88,0.94,12.11,5348,5781,0.00,288997376
2026-09-10T00:19:54Z,1788999594212,37.36,36.92,23.88,0.90,12.28,5359,5776,0.00,288964608
2026-09-10T00:19:55Z,1788999595296,37.17,36.81,23.88,0.99,12.24,5341,5768,0.00,288997376
2026-09-10T00:19:56Z,1788999596389,36.97,36.50,23.88,0.79,12.06,5347,5775,0.00,288997376
2026-09-10T00:19:57Z,1788999597439,36.78,36.34,23.88,1.21,12.57,5347,5778,0.00,288997376
2026-09-10T00:19:58Z,1788999598485,36.62,35.97,23.88,0.74,12.01,5351,5770,0.00,288997376
2026-09-10T00:19:59Z,1788999599565,36.42,35.69,23.88,0.87,12.08,5349,5782,0.00,288489472
2026-09-10T00:20:00Z,1788999600609,36.25,35.50,23.88,0.92,12.35,5343,5776,0.00,839024640
2026-09-10T00:20:01Z,1788999601690,36.11,35.45,23.88,1.30,12.74,5346,5774,0.00,526319616
2026-09-10T00:20:02Z,1788999602747,35.83,35.38,23.88,1.30,12.59,5348,5774,0.00,520765440
2026-09-10T00:20:03Z,1788999603840,35.69,35.34,23.94,1.19,12.61,5344,5782,0.00,288997376
2026-09-10T00:20:04Z,1788999604888,35.53,35.28,23.94,0.74,12.01,5348,5777,0.00,290701312
2026-09-10T00:20:05Z,1788999605918,35.38,35.11,23.94,0.82,12.15,5344,5773,0.00,291241984
2026-09-10T00:20:07Z,1788999607014,35.19,34.94,23.94,0.82,12.24,5344,5773,0.00,288423936
2026-09-10T00:20:08Z,1788999608106,34.97,34.66,23.94,1.01,12.34,5345,5773,0.00,291176448
2026-09-10T00:20:09Z,1788999609156,34.80,34.41,23.94,0.82,12.12,5355,5778,0.00,288931840
2026-09-10T00:20:10Z,1788999610252,34.66,34.16,23.94,0.86,12.17,5352,5785,0.00,288931840
2026-09-10T00:20:11Z,1788999611314,34.50,34.03,23.94,1.07,12.42,5345,5770,0.00,291176448
2026-09-10T00:20:12Z,1788999612353,34.44,33.97,23.94,1.24,12.47,5342,5781,0.00,288866304
2026-09-10T00:20:13Z,1788999613386,34.34,34.02,23.94,2.57,14.02,5345,5785,0.00,288866304
2026-09-10T00:20:14Z,1788999614476,34.27,34.11,23.94,0.79,12.07,5342,5784,0.00,288292864
2026-09-10T00:20:15Z,1788999615559,34.14,33.89,23.94,0.81,12.14,5347,5780,0.00,288833536
2026-09-10T00:20:16Z,1788999616641,34.05,33.81,23.94,1.29,12.96,5344,5777,0.00,611188736
2026-09-10T00:20:17Z,1788999617713,33.92,33.83,23.94,0.88,12.11,5355,5771,0.00,291176448
2026-09-10T00:20:18Z,1788999618793,33.70,33.70,23.88,0.81,12.19,5344,5778,0.00,288899072
2026-09-10T00:20:19Z,1788999619843,33.61,33.55,23.94,0.77,12.16,5350,5769,0.00,288866304
2026-09-10T00:20:20Z,1788999620876,33.52,33.39,23.88,1.03,12.65,5343,5785,0.00,291110912
2026-09-10T00:20:21Z,1788999621944,33.44,33.23,23.88,0.86,12.26,5354,5775,0.00,288866304
2026-09-10T00:20:23Z,1788999623017,33.33,33.06,23.88,0.84,12.30,5345,5778,0.00,290324480
2026-09-10T00:20:24Z,1788999624068,33.23,32.94,23.88,0.74,12.11,5338,5777,0.00,291110912
2026-09-10T00:20:25Z,1788999625139,33.12,32.77,23.88,0.73,12.09,5348,5786,0.00,288833536
2026-09-10T00:20:26Z,1788999626207,33.00,32.67,23.88,0.90,12.29,5367,5770,0.00,305610752
2026-09-10T00:20:27Z,1788999627270,32.92,32.45,23.88,0.77,12.03,5353,5778,0.00,288260096
2026-09-10T00:20:28Z,1788999628373,32.81,32.33,23.88,0.80,12.04,5345,5782,0.00,288833536
2026-09-10T00:20:29Z,1788999629439,32.70,32.23,23.88,0.75,12.02,5345,5767,0.00,288260096
2026-09-10T00:20:30Z,1788999630528,32.61,32.19,23.88,0.77,12.06,5352,5777,0.00,587939840
2026-09-10T00:20:31Z,1788999631565,32.56,32.23,23.88,1.06,12.34,5350,5775,0.00,288260096
2026-09-10T00:20:32Z,1788999632612,32.52,32.30,23.88,0.76,12.05,5345,5778,0.00,288735232
2026-09-10T00:20:33Z,1788999633651,32.41,32.30,23.88,0.74,12.02,5350,5768,0.00,289718272
2026-09-10T00:20:34Z,1788999634738,32.25,32.16,23.88,0.82,12.15,5355,5774,0.00,291045376
2026-09-10T00:20:35Z,1788999635807,32.17,32.11,23.88,0.82,12.14,5345,5781,0.00,288227328
2026-09-10T00:20:36Z,1788999636862,32.09,32.08,23.88,0.90,12.30,5343,5770,0.00,288997376
2026-09-10T00:20:37Z,1788999637907,32.05,31.95,23.88,0.97,12.18,5349,5772,0.00,288325632
2026-09-10T00:20:38Z,1788999638954,32.02,31.81,23.88,0.80,12.14,5356,5775,0.00,288833536
2026-09-10T00:20:40Z,1788999640014,31.95,31.70,23.88,0.76,12.09,5346,5772,0.00,291110912
2026-09-10T00:20:41Z,1788999641098,31.88,31.59,23.88,0.80,12.16,5356,5773,0.00,289669120
2026-09-10T00:20:42Z,1788999642190,31.77,31.53,23.81,0.84,12.17,5346,5772,0.00,401915904
2026-09-10T00:20:43Z,1788999643280,31.67,31.33,23.81,1.00,12.46,5347,5779,0.00,442941440
2026-09-10T00:20:44Z,1788999644369,31.61,31.23,23.81,0.94,12.24,5354,5774,0.00,440156160
2026-09-10T00:20:45Z,1788999645461,31.53,31.16,23.81,0.84,12.20,5351,5777,0.00,439418880
2026-09-10T00:20:46Z,1788999646500,31.44,31.02,23.81,1.20,12.70,5347,5772,0.00,763740160
2026-09-10T00:20:47Z,1788999647551,31.39,31.06,23.81,0.84,12.12,5347,5778,0.00,442499072
2026-09-10T00:20:48Z,1788999648642,31.28,30.84,23.81,0.71,12.03,5350,5771,0.00,290881536
2026-09-10T00:20:49Z,1788999649725,31.16,30.67,23.81,0.81,12.11,5356,5775,0.00,288636928
2026-09-10T00:20:50Z,1788999650756,31.09,30.62,23.81,0.77,12.05,5349,5774,0.00,443662336
2026-09-10T00:20:51Z,1788999651845,31.06,30.61,23.81,1.07,12.55,5348,5769,0.00,441925632
2026-09-10T00:20:52Z,1788999652938,30.98,30.56,23.81,0.81,12.10,5350,5782,0.00,441139200
2026-09-10T00:20:54Z,1788999654015,30.89,30.56,23.81,0.72,12.04,5347,5782,0.00,441253888
2026-09-10T00:20:55Z,1788999655104,30.83,30.55,23.81,0.81,12.14,5341,5774,0.00,442466304
2026-09-10T00:20:56Z,1788999656155,30.77,30.55,23.81,1.02,12.37,5346,5777,0.00,441417728
2026-09-10T00:20:57Z,1788999657258,30.72,30.55,23.75,0.85,12.15,5351,5775,0.00,442466304
2026-09-10T00:20:58Z,1788999658317,30.69,30.55,23.75,0.73,12.04,5342,5772,0.00,289603584
2026-09-10T00:20:59Z,1788999659398,30.66,30.53,23.75,0.97,12.26,5342,5777,0.00,258801664
2026-09-10T00:21:00Z,1788999660467,30.62,30.53,23.75,1.31,12.44,5349,5774,0.00,832208896
2026-09-10T00:21:01Z,1788999661502,30.59,30.55,23.75,1.47,12.65,5345,5771,0.00,677675008
2026-09-10T00:21:02Z,1788999662588,30.55,30.53,23.75,1.06,12.44,5351,5785,0.00,523567104
2026-09-10T00:21:03Z,1788999663655,30.45,30.52,23.75,0.75,12.08,5354,5777,0.00,290340864
2026-09-10T00:21:04Z,1788999664741,30.28,30.41,23.75,0.90,12.29,5344,5772,0.00,301727744
2026-09-10T00:21:05Z,1788999665791,30.23,30.33,23.75,0.81,12.11,5353,5776,0.00,258801664
2026-09-10T00:21:06Z,1788999666812,30.22,30.33,23.75,0.80,12.30,5354,5780,0.00,290619392
2026-09-10T00:21:07Z,1788999667840,30.17,30.23,23.75,1.23,12.60,5349,5772,0.00,288030720
2026-09-10T00:21:08Z,1788999668866,30.14,30.12,23.75,0.89,12.23,5347,5766,0.00,289636352
2026-09-10T00:21:09Z,1788999669937,30.06,30.05,23.69,0.82,12.23,5347,5771,0.00,288063488
2026-09-10T00:21:11Z,1788999671016,30.22,30.84,23.69,3.49,15.58,5350,5767,0.00,291405824
2026-09-10T00:21:12Z,1788999672106,30.11,30.36,23.69,0.85,12.16,5354,5773,0.00,276889600
2026-09-10T00:21:13Z,1788999673159,29.97,30.03,23.69,0.96,12.39,5346,5775,0.00,301793280
2026-09-10T00:21:14Z,1788999674252,29.88,29.72,23.69,0.74,12.12,5347,5781,0.00,454459392
2026-09-10T00:21:15Z,1788999675322,29.81,29.55,23.69,0.69,12.07,5343,5770,0.00,291471360
2026-09-10T00:21:16Z,1788999676410,29.77,29.48,23.69,1.17,12.55,5348,5774,0.00,610123776
2026-09-10T00:21:17Z,1788999677440,29.78,29.66,23.69,2.61,14.38,5351,5776,0.00,452395008
2026-09-10T00:21:18Z,1788999678526,29.83,29.86,23.62,0.77,12.13,5347,5776,0.00,300023808
2026-09-10T00:21:19Z,1788999679614,29.77,29.47,23.62,0.78,12.13,5349,5773,0.00,290881536
2026-09-10T00:21:20Z,1788999680659,29.73,29.25,23.62,0.83,12.31,5353,5780,0.00,291454976
2026-09-10T00:21:21Z,1788999681700,29.67,29.11,23.62,0.81,12.46,5352,5761,0.00,288620544
2026-09-10T00:21:22Z,1788999682792,29.53,29.03,23.62,1.25,12.70,5342,5772,0.00,299581440
2026-09-10T00:21:23Z,1788999683852,29.44,28.98,23.62,0.78,12.25,5341,5795,0.00,299581440
2026-09-10T00:21:24Z,1788999684904,29.36,28.97,23.62,0.75,12.20,5343,5775,0.00,443695104
2026-09-10T00:21:25Z,1788999685967,29.31,28.95,23.62,0.73,12.17,5348,5778,0.00,443695104
2026-09-10T00:21:27Z,1788999687018,29.30,28.95,23.56,0.71,12.09,5354,5776,0.00,291913728
2026-09-10T00:21:28Z,1788999688065,29.28,28.95,23.56,0.87,12.37,5340,5763,0.00,302268416
2026-09-10T00:21:29Z,1788999689149,29.27,28.95,23.56,0.74,12.13,5354,5771,0.00,291946496
2026-09-10T00:21:30Z,1788999690228,29.27,28.95,23.56,0.79,12.18,5342,5776,0.00,443695104
2026-09-10T00:21:31Z,1788999691318,29.27,28.98,23.56,1.09,12.56,5348,5774,0.00,585842688
2026-09-10T00:21:32Z,1788999692362,29.27,28.97,23.56,0.88,12.31,5347,5775,0.00,289177600
2026-09-10T00:21:33Z,1788999693429,29.25,28.95,23.56,0.76,12.11,5350,5787,0.00,289177600
2026-09-10T00:21:34Z,1788999694461,29.23,28.95,23.56,0.77,12.15,5347,5774,0.00,289144832
2026-09-10T00:21:35Z,1788999695530,29.22,28.95,23.56,0.82,12.16,5354,5793,0.00,290865152
2026-09-10T00:21:36Z,1788999696622,29.17,28.95,23.50,0.79,12.26,5350,5777,0.00,289144832
2026-09-10T00:21:37Z,1788999697689,29.14,28.95,23.50,1.01,12.40,5345,5768,0.00,441466880
2026-09-10T00:21:38Z,1788999698750,29.03,28.94,23.50,0.99,12.36,5355,5793,0.00,443219968
2026-09-10T00:21:39Z,1788999699789,28.95,28.92,23.50,0.76,12.13,5349,5783,0.00,441679872
2026-09-10T00:21:40Z,1788999700876,28.91,28.94,23.50,0.74,12.12,5345,5786,0.00,291078144
2026-09-10T00:21:41Z,1788999701939,28.88,28.92,23.50,0.93,12.34,5344,5771,0.00,290717696
2026-09-10T00:21:43Z,1788999703013,28.84,28.92,23.50,0.85,12.26,5349,5766,0.00,443154432
2026-09-10T00:21:44Z,1788999704090,28.81,28.88,23.50,1.11,12.55,5346,5775,0.00,443187200
2026-09-10T00:21:45Z,1788999705165,28.80,28.89,23.44,0.72,12.15,5353,5775,0.00,441335808
2026-09-10T00:21:46Z,1788999706240,28.78,28.81,23.44,0.93,12.40,5343,5784,0.00,608436224
2026-09-10T00:21:47Z,1788999707321,28.77,28.73,23.44,0.78,12.14,5346,5775,0.00,442499072
2026-09-10T00:21:48Z,1788999708391,28.73,28.75,23.44,0.98,12.40,5350,5774,0.00,290144256
2026-09-10T00:21:49Z,1788999709461,28.69,28.58,23.44,0.73,12.17,5348,5768,0.00,440107008
2026-09-10T00:21:50Z,1788999710534,28.59,28.39,23.44,0.79,12.25,5351,5777,0.00,287866880
2026-09-10T00:21:51Z,1788999711607,28.55,28.36,23.44,0.85,12.10,5335,5783,0.00,290422784
2026-09-10T00:21:52Z,1788999712673,28.48,28.31,23.44,0.73,12.10,5351,5777,0.00,288505856
2026-09-10T00:21:53Z,1788999713732,28.41,28.20,23.44,0.92,12.26,5341,5765,0.00,443056128
2026-09-10T00:21:54Z,1788999714815,28.38,28.12,23.38,0.76,12.17,5343,5794,0.00,427540480
2026-09-10T00:21:55Z,1788999715895,28.34,28.06,23.38,0.76,12.18,5346,5779,0.00,278921216
2026-09-10T00:21:56Z,1788999716949,28.31,27.97,23.38,0.81,12.20,5350,5774,0.00,279560192
2026-09-10T00:21:58Z,1788999718039,28.30,27.83,23.38,0.76,12.20,5348,5773,0.00,429113344
2026-09-10T00:21:59Z,1788999719131,28.27,27.78,23.38,0.82,12.27,5341,5780,0.00,429522944
2026-09-10T00:22:00Z,1788999720163,28.23,27.86,23.38,0.82,12.21,5341,5778,0.08,679477248
2026-09-10T00:22:01Z,1788999721213,28.22,27.73,23.38,1.05,12.47,5342,5774,0.00,960233472
2026-09-10T00:22:02Z,1788999722299,28.17,27.62,23.38,0.88,12.36,5349,5784,0.00,662339584
2026-09-10T00:22:03Z,1788999723332,28.12,27.61,23.38,0.88,12.32,5353,5780,0.00,429572096
2026-09-10T00:22:04Z,1788999724426,28.08,27.59,23.38,0.80,12.22,5352,5775,0.00,431357952
2026-09-10T00:22:05Z,1788999725482,28.02,27.55,23.31,0.85,12.22,5347,5777,0.00,429096960
2026-09-10T00:22:06Z,1788999726516,27.98,27.48,23.31,0.83,12.43,5348,5774,0.00,430800896
2026-09-10T00:22:07Z,1788999727552,27.97,27.47,23.31,0.96,12.38,5352,5778,0.00,279052288
2026-09-10T00:22:08Z,1788999728607,27.95,27.53,23.31,0.92,12.35,5345,5771,0.00,428556288
2026-09-10T00:22:09Z,1788999729651,27.94,27.56,23.31,0.97,12.35,5359,5782,0.00,276742144
2026-09-10T00:22:10Z,1788999730740,27.89,27.42,23.31,0.77,12.19,5349,5769,0.00,428883968
2026-09-10T00:22:11Z,1788999731832,27.88,27.42,23.31,0.84,12.27,5341,5775,0.00,276742144
2026-09-10T00:22:12Z,1788999732925,27.88,27.39,23.25,0.86,12.30,5349,5781,0.00,276774912
2026-09-10T00:22:13Z,1788999733983,27.86,27.36,23.25,0.83,12.31,5350,5770,0.00,278151168
2026-09-10T00:22:15Z,1788999735055,27.86,27.36,23.25,0.90,12.22,5350,5776,0.00,430800896
2026-09-10T00:22:16Z,1788999736146,27.84,27.34,23.25,0.77,12.20,5351,5774,0.00,601653248
2026-09-10T00:22:17Z,1788999737197,27.84,27.39,23.25,0.78,12.22,5349,5778,0.00,279052288
2026-09-10T00:22:18Z,1788999738285,27.84,27.38,23.25,0.94,12.32,5341,5777,0.00,276709376
2026-09-10T00:22:19Z,1788999739410,27.83,27.38,23.25,1.38,13.03,5348,5781,0.00,276709376
2026-09-10T00:22:20Z,1788999740458,27.83,27.34,23.25,0.76,12.26,5352,5772,0.00,276676608
2026-09-10T00:22:21Z,1788999741499,27.89,28.03,23.25,2.50,14.42,5353,5784,0.00,276709376
2026-09-10T00:22:22Z,1788999742592,27.86,27.77,23.19,0.87,12.38,5336,5767,0.00,276709376
2026-09-10T00:22:23Z,1788999743626,27.81,27.50,23.19,0.99,12.68,5345,5772,0.00,278085632
2026-09-10T00:22:24Z,1788999744692,27.77,27.41,23.19,0.86,12.46,5343,5771,0.00,276676608
2026-09-10T00:22:25Z,1788999745727,27.67,27.34,23.19,0.78,12.32,5341,5772,0.00,428425216
2026-09-10T00:22:26Z,1788999746792,27.62,27.34,23.19,0.77,12.29,5353,5766,0.00,276643840
2026-09-10T00:22:27Z,1788999747824,27.61,27.34,23.19,0.81,12.33,5345,5766,0.00,428490752
2026-09-10T00:22:28Z,1788999748917,27.55,27.34,23.19,0.79,12.21,5346,5781,0.00,278953984
2026-09-10T00:22:29Z,1788999749962,27.50,27.34,23.12,0.81,12.32,5348,5775,0.00,278953984
2026-09-10T00:22:31Z,1788999751037,27.48,27.38,23.12,0.77,12.26,5343,5776,0.00,573587456
2026-09-10T00:22:32Z,1788999752093,27.47,27.34,23.12,1.04,12.45,5353,5780,0.00,278986752
2026-09-10T00:22:33Z,1788999753138,27.44,27.34,23.12,0.74,12.24,5351,5781,0.00,278953984
2026-09-10T00:22:34Z,1788999754227,27.42,27.34,23.12,0.81,12.29,5344,5772,0.00,276643840
2026-09-10T00:22:35Z,1788999755305,27.41,27.34,23.12,0.80,12.24,5355,5779,0.00,276676608
2026-09-10T00:22:36Z,1788999756405,27.41,27.33,23.12,0.95,12.50,5348,5775,0.00,277921792
2026-09-10T00:22:37Z,1788999757497,27.39,27.33,23.12,1.03,12.38,5346,5781,0.00,276676608
2026-09-10T00:22:38Z,1788999758549,27.38,27.33,23.06,0.79,12.26,5346,5780,0.00,428457984
2026-09-10T00:22:39Z,1788999759637,27.38,27.33,23.06,0.79,12.25,5342,5769,0.00,278167552
2026-09-10T00:22:40Z,1788999760672,27.38,27.33,23.06,0.80,12.25,5344,5787,0.00,430735360
2026-09-10T00:22:41Z,1788999761701,27.36,27.33,23.06,0.88,12.42,5348,5763,0.00,431833088
2026-09-10T00:22:42Z,1788999762778,27.34,27.33,23.06,0.85,12.26,5349,5774,0.00,429162496
2026-09-10T00:22:43Z,1788999763868,27.33,27.33,23.06,0.71,12.20,5353,5789,0.00,429670400
2026-09-10T00:22:44Z,1788999764916,27.33,27.31,23.06,0.83,12.37,5348,5772,0.00,431931392
2026-09-10T00:22:46Z,1788999766002,27.31,27.31,23.06,0.87,12.33,5358,5774,0.00,752238592
2026-09-10T00:22:47Z,1788999767095,27.30,27.34,23.06,1.14,12.57,5348,5785,0.00,429703168
2026-09-10T00:22:48Z,1788999768181,27.28,27.33,23.00,0.80,12.21,5346,5789,0.00,431898624
2026-09-10T00:22:49Z,1788999769217,27.25,27.30,23.00,0.75,12.28,5365,5776,0.00,431931392
2026-09-10T00:22:50Z,1788999770306,27.25,27.30,23.00,0.83,12.31,5348,5781,0.00,429703168
2026-09-10T00:22:51Z,1788999771368,27.22,27.28,23.00,0.89,12.46,5349,5775,0.00,432324608
2026-09-10T00:22:52Z,1788999772418,27.20,27.28,23.00,0.72,12.20,5345,5779,0.00,428048384
2026-09-10T00:22:53Z,1788999773452,27.16,27.28,23.00,0.72,12.22,5344,5779,0.00,429015040
2026-09-10T00:22:54Z,1788999774527,27.11,27.28,23.00,0.69,12.30,5347,5772,0.00,427786240
2026-09-10T00:22:55Z,1788999775598,27.11,27.31,23.00,0.97,12.40,5351,5774,0.00,278921216
2026-09-10T00:22:56Z,1788999776660,27.06,27.23,22.94,0.76,12.31,5346,5782,0.00,430735360
2026-09-10T00:22:57Z,1788999777738,27.02,27.23,22.94,0.77,12.33,5346,5783,0.00,428752896
2026-09-10T00:22:58Z,1788999778822,27.00,27.23,22.94,0.75,12.27,5356,5774,0.00,278560768
2026-09-10T00:22:59Z,1788999779919,26.98,27.22,22.94,0.78,12.29,5339,5776,0.00,431259648
2026-09-10T00:23:00Z,1788999780960,26.98,27.27,22.94,0.83,12.45,5348,5775,0.00,976125952
2026-09-10T00:23:02Z,1788999782020,26.97,27.25,22.94,0.95,12.49,5352,5788,0.00,662142976
2026-09-10T00:23:03Z,1788999783103,26.95,27.22,22.94,0.85,12.43,5357,5773,0.00,661553152
2026-09-10T00:23:04Z,1788999784162,26.95,27.20,22.94,0.76,12.34,5342,5776,0.00,275578880
2026-09-10T00:23:05Z,1788999785201,26.94,27.16,22.94,0.81,12.38,5346,5773,0.00,276496384
2026-09-10T00:23:06Z,1788999786226,26.94,27.11,22.88,0.77,12.40,5350,5766,0.00,431669248
2026-09-10T00:23:07Z,1788999787278,26.94,27.08,22.88,0.96,12.46,5349,5777,0.00,431095808
2026-09-10T00:23:08Z,1788999788368,26.94,26.98,22.88,0.78,12.36,5345,5764,0.00,277250048
2026-09-10T00:23:09Z,1788999789450,26.94,26.89,22.88,0.71,12.24,5353,5772,0.00,431177728
2026-09-10T00:23:10Z,1788999790532,26.94,26.89,22.88,0.78,12.35,5339,5769,0.00,444579840
2026-09-10T00:23:11Z,1788999791597,26.94,26.95,22.88,0.67,12.25,5346,5774,0.00,280821760
2026-09-10T00:23:12Z,1788999792676,26.94,26.92,22.88,0.87,12.50,5348,5766,0.00,291848192
2026-09-10T00:23:13Z,1788999793736,26.92,26.86,22.88,0.79,12.34,5350,5783,0.00,279674880
2026-09-10T00:23:14Z,1788999794776,26.92,26.92,22.81,0.70,12.27,5347,5780,0.00,432488448
2026-09-10T00:23:15Z,1788999795879,26.92,26.94,22.81,0.80,12.40,5350,5769,0.00,610582528
2026-09-10T00:23:16Z,1788999796968,26.92,26.97,22.81,0.97,12.76,5343,5790,0.00,761921536
2026-09-10T00:23:18Z,1788999798053,26.92,26.89,22.81,0.78,12.39,5343,5777,0.00,278036480
2026-09-10T00:23:19Z,1788999799153,26.92,26.80,22.81,0.70,12.25,5349,5774,0.00,279117824
2026-09-10T00:23:20Z,1788999800236,26.92,26.67,22.81,0.81,12.32,5352,5770,0.00,278364160
2026-09-10T00:23:21Z,1788999801311,26.92,26.66,22.81,0.85,12.48,5345,5777,0.00,280592384
2026-09-10T00:23:22Z,1788999802352,26.92,26.67,22.81,0.68,12.27,5348,5766,0.00,278003712
2026-09-10T00:23:23Z,1788999803395,26.92,26.58,22.81,0.85,12.55,5348,5772,0.00,280510464
2026-09-10T00:23:24Z,1788999804457,26.91,26.58,22.75,2.20,15.04,5348,5778,0.00,435847168
2026-09-10T00:23:25Z,1788999805521,26.94,27.16,22.75,1.47,12.67,5344,5792,0.00,279511040
2026-09-10T00:23:26Z,1788999806607,26.94,27.52,22.75,7.10,21.52,5345,5771,0.00,403570688
2026-09-10T00:23:27Z,1788999807679,27.25,28.06,22.75,1.43,12.67,5357,5773,0.00,23298048
2026-09-10T00:23:28Z,1788999808735,26.98,27.25,22.75,1.14,12.80,5352,5777,0.00,291651584
2026-09-10T00:23:29Z,1788999809823,26.95,27.06,22.75,0.72,12.33,5348,5780,0.00,279543808
2026-09-10T00:23:30Z,1788999810917,26.94,27.09,22.75,0.84,12.57,5348,5761,0.00,574078976
2026-09-10T00:23:31Z,1788999811993,26.92,26.97,22.75,1.01,12.61,5352,5772,0.00,429850624
2026-09-10T00:23:33Z,1788999813076,26.92,26.78,22.75,0.68,12.31,5353,5779,0.00,435929088
2026-09-10T00:23:34Z,1788999814153,26.91,26.72,22.69,0.60,12.25,5351,5775,0.00,281427968
2026-09-10T00:23:35Z,1788999815250,26.91,26.67,22.69,0.71,12.35,5354,5779,0.00,433700864
2026-09-10T00:23:36Z,1788999816381,26.91,26.61,22.69,0.88,12.56,5349,5781,0.00,433192960
2026-09-10T00:23:37Z,1788999817450,26.91,26.56,22.69,0.89,12.44,5343,5773,0.00,281559040
2026-09-10T00:23:38Z,1788999818512,26.91,26.44,22.69,0.69,12.29,5349,5769,0.00,435568640
2026-09-10T00:23:39Z,1788999819594,26.88,26.34,22.69,0.69,12.29,5347,5769,0.00,280739840
2026-09-10T00:23:40Z,1788999820690,26.86,26.42,22.69,0.91,12.56,5346,5779,0.00,283000832
2026-09-10T00:23:41Z,1788999821749,26.81,26.36,22.69,0.82,12.43,5358,5779,0.00,280969216
2026-09-10T00:23:42Z,1788999822823,26.78,26.25,22.69,0.71,12.31,5347,5775,0.00,434339840
2026-09-10T00:23:43Z,1788999823896,26.77,26.14,22.69,0.90,12.58,5351,5783,0.00,434257920
2026-09-10T00:23:44Z,1788999824959,26.73,26.19,22.69,0.74,12.39,5344,5778,0.00,281165824
2026-09-10T00:23:46Z,1788999826035,26.72,26.23,22.62,0.82,12.42,5347,5777,0.00,758038528
2026-09-10T00:23:47Z,1788999827146,26.70,26.22,22.62,1.06,12.75,5347,5770,0.00,433405952
2026-09-10T00:23:48Z,1788999828201,26.67,26.11,22.62,0.69,12.23,5348,5778,0.00,282001408
2026-09-10T00:23:49Z,1788999829305,26.64,26.05,22.62,0.88,12.47,5342,5772,0.00,281657344
2026-09-10T00:23:50Z,1788999830346,26.61,25.94,22.62,0.75,12.42,5354,5780,0.00,281493504
2026-09-10T00:23:51Z,1788999831449,26.59,25.89,22.62,0.80,12.41,5351,5770,0.00,434372608
2026-09-10T00:23:52Z,1788999832554,26.56,25.89,22.62,0.70,12.32,5349,5775,0.00,281952256
2026-09-10T00:23:53Z,1788999833659,26.55,25.91,22.62,0.76,12.36,5343,5776,0.00,434339840
2026-09-10T00:23:54Z,1788999834747,26.53,25.94,22.62,0.84,12.41,5356,5791,0.00,281952256
2026-09-10T00:23:55Z,1788999835801,26.52,25.94,22.62,0.86,12.44,5342,5773,0.00,284147712
2026-09-10T00:23:56Z,1788999836886,26.48,25.94,22.56,0.72,12.37,5350,5768,0.00,284147712
2026-09-10T00:23:57Z,1788999837943,26.48,25.84,22.56,0.74,12.34,5347,5781,0.00,435929088
2026-09-10T00:23:59Z,1788999839032,26.47,25.83,22.56,0.78,12.39,5353,5775,0.00,292241408
2026-09-10T00:24:00Z,1788999840122,26.47,25.83,22.56,0.79,12.40,5344,5775,0.00,696893440
2026-09-10T00:24:01Z,1788999841214,26.47,25.91,22.56,1.10,12.75,5353,5770,0.00,811876352
2026-09-10T00:24:02Z,1788999842282,26.47,25.88,22.56,0.81,12.45,5351,5784,0.00,679460864
2026-09-10T00:24:03Z,1788999843372,26.47,25.81,22.56,0.66,12.26,5338,5778,0.00,293486592
2026-09-10T00:24:04Z,1788999844415,26.45,25.83,22.56,0.70,12.31,5350,5770,0.00,293486592
2026-09-10T00:24:05Z,1788999845507,26.45,25.81,22.50,1.45,13.24,5346,5775,0.00,281690112
2026-09-10T00:24:06Z,1788999846586,26.45,25.80,22.56,0.94,12.71,5345,5779,0.00,281690112
2026-09-10T00:24:07Z,1788999847621,26.45,25.88,22.50,0.97,12.42,5335,5778,0.00,291979264
2026-09-10T00:24:08Z,1788999848671,26.45,25.88,22.50,0.94,12.62,5345,5784,0.00,291979264
2026-09-10T00:24:09Z,1788999849707,26.44,25.80,22.50,0.69,12.28,5348,5781,0.00,290160640
2026-09-10T00:24:10Z,1788999850730,26.42,25.77,22.50,0.76,12.35,5350,5773,0.00,250413056
2026-09-10T00:24:11Z,1788999851819,26.42,25.80,22.50,0.67,12.26,5352,5786,0.00,293421056
2026-09-10T00:24:12Z,1788999852864,26.42,25.80,22.50,0.91,12.53,5343,5782,0.00,291979264
2026-09-10T00:24:13Z,1788999853908,26.42,25.77,22.50,0.74,12.34,5344,5783,0.00,291979264
2026-09-10T00:24:14Z,1788999854995,26.42,25.75,22.50,0.70,12.33,5348,5785,0.00,436600832
2026-09-10T00:24:16Z,1788999856065,26.41,25.73,22.50,0.69,12.32,5351,5775,0.00,605700096
2026-09-10T00:24:17Z,1788999857117,26.41,25.81,22.44,0.90,12.65,5352,5771,0.00,282558464
2026-09-10T00:24:18Z,1788999858209,26.41,25.78,22.44,0.70,12.33,5346,5776,0.00,293912576
2026-09-10T00:24:19Z,1788999859295,26.38,25.73,22.44,0.73,12.35,5348,5777,0.00,435126272
2026-09-10T00:24:20Z,1788999860324,26.38,25.72,22.44,0.71,12.34,5339,5782,0.00,283623424
2026-09-10T00:24:21Z,1788999861415,26.36,25.72,22.44,0.68,12.43,5346,5782,0.00,433029120
2026-09-10T00:24:22Z,1788999862485,26.34,25.72,22.44,0.76,12.41,5349,5774,0.00,430768128
2026-09-10T00:24:23Z,1788999863583,26.33,25.72,22.44,0.74,12.36,5347,5779,0.00,280428544
2026-09-10T00:24:24Z,1788999864653,26.31,25.72,22.44,0.89,12.50,5349,5765,0.00,280494080
2026-09-10T00:24:25Z,1788999865680,26.31,25.72,22.44,1.17,13.17,5354,5775,0.00,278986752
2026-09-10T00:24:26Z,1788999866708,26.34,25.78,22.44,1.14,13.04,5347,5794,0.00,279986176
2026-09-10T00:24:27Z,1788999867764,26.31,25.97,22.38,0.95,12.71,5348,5775,0.00,281247744
2026-09-10T00:24:28Z,1788999868842,26.39,26.28,22.38,2.38,14.58,5350,5781,0.00,278544384
2026-09-10T00:24:29Z,1788999869868,26.34,26.09,22.38,0.69,12.40,5356,5775,0.00,279199744
2026-09-10T00:24:30Z,1788999870902,26.33,25.95,22.38,0.79,12.73,5340,5782,0.00,725942272
2026-09-10T00:24:31Z,1788999871952,26.30,25.80,22.38,0.92,12.37,5343,5778,0.00,279199744
2026-09-10T00:24:32Z,1788999872987,26.30,25.77,22.38,0.84,12.50,5353,5787,0.00,280969216
2026-09-10T00:24:34Z,1788999874046,26.31,25.80,22.38,1.20,13.07,5350,5771,0.00,250413056
2026-09-10T00:24:35Z,1788999875092,26.33,25.75,22.38,1.22,14.17,5337,5773,0.00,446300160
2026-09-10T00:24:36Z,1788999876125,26.28,25.73,22.38,0.85,12.52,5345,5773,0.00,293912576
2026-09-10T00:24:37Z,1788999877153,26.28,25.75,22.38,0.93,12.83,5338,5774,0.00,283705344
2026-09-10T00:24:38Z,1788999878201,26.28,25.72,22.38,0.71,12.31,5345,5774,0.00,281755648
2026-09-10T00:24:39Z,1788999879253,26.25,25.72,22.31,0.69,12.28,5344,5770,0.00,286539776
2026-09-10T00:24:40Z,1788999880319,26.22,25.72,22.31,0.66,12.28,5357,5774,0.00,294715392
2026-09-10T00:24:41Z,1788999881347,26.19,25.72,22.31,0.72,12.32,5350,5765,0.00,284229632
2026-09-10T00:24:42Z,1788999882423,26.16,25.72,22.31,0.86,12.45,5345,5784,0.00,294518784
2026-09-10T00:24:43Z,1788999883451,26.14,25.72,22.31,0.72,12.28,5358,5767,0.00,284229632
2026-09-10T00:24:44Z,1788999884537,26.11,25.72,22.31,0.74,12.34,5352,5785,0.00,283688960
2026-09-10T00:24:45Z,1788999885565,26.11,25.73,22.31,0.90,12.54,5351,5771,0.00,283721728
2026-09-10T00:24:46Z,1788999886653,26.08,25.73,22.31,1.18,12.86,5352,5772,0.00,617627648
2026-09-10T00:24:47Z,1788999887744,26.06,25.83,22.31,0.70,12.40,5353,5781,0.00,281493504
2026-09-10T00:24:48Z,1788999888836,26.05,25.75,22.25,0.78,12.36,5353,5781,0.00,282902528
2026-09-10T00:24:49Z,1788999889923,26.02,25.73,22.25,0.62,12.30,5350,5784,0.00,281460736
2026-09-10T00:24:50Z,1788999890992,26.05,25.80,22.25,0.97,12.91,5350,5773,0.00,281460736
2026-09-10T00:24:52Z,1788999892065,26.03,25.75,22.25,0.80,12.39,5354,5770,0.00,281493504
2026-09-10T00:24:53Z,1788999893151,26.00,25.72,22.25,0.83,12.59,5352,5773,0.00,281804800
2026-09-10T00:24:54Z,1788999894200,25.98,25.72,22.25,0.81,12.46,5355,5778,0.00,283721728
2026-09-10T00:24:55Z,1788999895288,25.98,25.72,22.25,0.70,12.28,5348,5780,0.00,283721728
2026-09-10T00:24:56Z,1788999896379,25.97,25.72,22.25,0.81,12.40,5342,5775,0.00,433160192
2026-09-10T00:24:57Z,1788999897440,25.95,25.70,22.25,0.68,12.36,5347,5791,0.00,281034752
2026-09-10T00:24:58Z,1788999898545,25.94,25.72,22.25,0.75,12.32,5356,5786,0.00,282804224
2026-09-10T00:24:59Z,1788999899601,25.94,25.72,22.25,0.94,12.85,5345,5783,0.00,281264128
2026-09-10T00:25:00Z,1788999900642,25.94,25.72,22.25,1.11,12.75,5352,5768,0.00,825294848
2026-09-10T00:25:01Z,1788999901716,25.94,25.75,22.25,1.15,13.11,5356,5775,0.00,513064960
2026-09-10T00:25:02Z,1788999902766,25.94,25.72,22.19,1.05,12.73,5351,5774,0.00,512704512
2026-09-10T00:25:03Z,1788999903852,25.92,25.72,22.19,1.12,12.70,5349,5786,0.00,435716096
2026-09-10T00:25:04Z,1788999904913,25.91,25.72,22.19,0.72,12.36,5345,5776,0.00,280936448
2026-09-10T00:25:06Z,1788999906005,25.89,25.72,22.19,0.79,12.43,5348,5777,0.00,283705344
2026-09-10T00:25:07Z,1788999907090,25.88,25.70,22.19,0.73,12.52,5350,5777,0.00,281444352
2026-09-10T00:25:08Z,1788999908115,25.88,25.70,22.19,0.87,12.52,5351,5779,0.00,435486720
2026-09-10T00:25:09Z,1788999909206,25.88,25.72,22.19,0.71,12.37,5354,5771,0.00,283131904
2026-09-10T00:25:10Z,1788999910277,25.84,25.72,22.19,0.81,12.49,5351,5776,0.00,280870912
2026-09-10T00:25:11Z,1788999911358,25.81,25.72,22.19,0.68,12.30,5340,5783,0.00,280903680
2026-09-10T00:25:12Z,1788999912394,25.80,25.73,22.19,0.95,12.61,5343,5779,0.00,280838144
2026-09-10T00:25:13Z,1788999913471,25.80,25.72,22.19,0.78,12.38,5346,5785,0.00,282345472
2026-09-10T00:25:14Z,1788999914502,25.78,25.78,22.19,0.68,12.34,5348,5770,0.00,433225728
2026-09-10T00:25:15Z,1788999915587,25.75,25.81,22.12,0.67,12.33,5355,5781,0.00,280707072
2026-09-10T00:25:16Z,1788999916676,25.72,25.81,22.12,1.00,12.72,5350,5773,0.00,603373568
2026-09-10T00:25:17Z,1788999917704,25.72,25.78,22.12,0.72,12.37,5349,5787,0.00,282935296
2026-09-10T00:25:18Z,1788999918733,25.70,25.72,22.12,0.87,12.49,5353,5769,0.00,435093504
2026-09-10T00:25:19Z,1788999919796,25.70,25.72,22.12,0.83,12.51,5344,5780,0.00,433831936
2026-09-10T00:25:20Z,1788999920850,25.69,25.70,22.12,0.87,12.46,5351,5766,0.00,436486144
2026-09-10T00:25:21Z,1788999921898,25.66,25.70,22.12,0.70,12.34,5347,5776,0.00,434257920
2026-09-10T00:25:22Z,1788999922954,25.64,25.70,22.12,0.71,12.36,5348,5770,0.00,436453376
2026-09-10T00:25:23Z,1788999923995,25.64,25.70,22.12,0.70,12.41,5350,5771,0.00,436453376
2026-09-10T00:25:25Z,1788999925088,25.62,25.70,22.12,0.75,12.34,5346,5777,0.00,436453376
2026-09-10T00:25:26Z,1788999926129,25.61,25.70,22.12,0.78,12.42,5351,5776,0.00,433307648
2026-09-10T00:25:27Z,1788999927230,25.59,25.70,22.12,1.10,12.89,5353,5775,0.00,247267328
2026-09-10T00:25:28Z,1788999928296,25.58,25.70,22.06,1.15,12.77,5343,5780,0.00,292864000
2026-09-10T00:25:29Z,1788999929377,25.59,25.70,22.06,0.90,12.70,5344,5775,0.00,280379392
2026-09-10T00:25:30Z,1788999930419,25.59,25.70,22.06,0.71,12.37,5355,5781,0.00,726646784
2026-09-10T00:25:31Z,1788999931498,25.59,25.72,22.06,1.79,14.85,5359,5777,0.00,704823296
2026-09-10T00:25:32Z,1788999932575,25.78,26.03,22.06,1.83,12.40,5342,5773,0.00,298729472
2026-09-10T00:25:33Z,1788999933668,25.70,25.83,22.06,0.68,12.35,5349,5782,0.00,434388992
2026-09-10T00:25:34Z,1788999934728,25.59,25.72,22.06,0.75,12.47,5348,5779,0.00,434388992
2026-09-10T00:25:35Z,1788999935816,25.61,25.72,22.06,1.14,13.00,5351,5779,0.00,432160768
2026-09-10T00:25:36Z,1788999936888,25.59,25.70,22.06,0.85,12.73,5354,5771,0.00,434077696
2026-09-10T00:25:37Z,1788999937961,25.58,25.70,22.06,1.01,12.59,5348,5771,0.00,281165824
2026-09-10T00:25:39Z,1788999939039,25.58,25.70,22.06,0.76,12.43,5354,5780,0.00,433520640
2026-09-10T00:25:40Z,1788999940120,25.58,25.70,22.06,1.08,12.82,5339,5782,0.00,281870336
2026-09-10T00:25:41Z,1788999941158,25.58,25.70,22.00,0.94,12.55,5340,5778,0.00,278740992
2026-09-10T00:25:42Z,1788999942200,25.56,25.70,22.00,0.89,12.52,5353,5777,0.00,435093504
2026-09-10T00:25:43Z,1788999943260,25.55,25.69,22.00,0.70,12.32,5355,5778,0.00,435159040
2026-09-10T00:25:44Z,1788999944351,25.53,25.70,22.00,0.77,12.38,5347,5787,0.00,283492352
2026-09-10T00:25:45Z,1788999945446,25.53,25.70,22.00,0.73,12.37,5353,5770,0.00,282345472
2026-09-10T00:25:46Z,1788999946475,25.55,25.73,22.00,1.30,13.13,5341,5782,0.00,757874688
2026-09-10T00:25:47Z,1788999947550,25.55,25.72,22.00,0.76,12.41,5340,5772,0.00,435306496
2026-09-10T00:25:48Z,1788999948612,25.53,25.70,22.00,0.75,12.35,5355,5778,0.00,436715520
2026-09-10T00:25:49Z,1788999949660,25.53,25.69,22.00,0.92,12.50,5346,5782,0.00,434487296
2026-09-10T00:25:50Z,1788999950708,25.53,25.69,22.00,0.84,12.47,5345,5774,0.00,437075968
2026-09-10T00:25:51Z,1788999951767,25.53,25.69,22.00,0.70,12.29,5348,5778,0.00,438534144
2026-09-10T00:25:52Z,1788999952859,25.53,25.66,21.94,0.67,12.28,5349,5787,0.00,433897472
2026-09-10T00:25:53Z,1788999953940,25.52,25.64,21.94,0.68,12.33,5352,5780,0.00,284147712
2026-09-10T00:25:55Z,1788999955043,25.52,25.66,21.94,0.73,12.41,5355,5772,0.00,437927936
2026-09-10T00:25:56Z,1788999956135,25.52,25.67,21.94,0.73,12.39,5342,5780,0.00,437927936
2026-09-10T00:25:57Z,1788999957205,25.52,25.66,21.94,0.65,12.30,5359,5772,0.00,286146560
2026-09-10T00:25:58Z,1788999958294,25.52,25.62,21.94,0.77,12.46,5344,5773,0.00,437927936
2026-09-10T00:25:59Z,1788999959372,25.52,25.66,21.94,0.76,12.43,5353,5774,0.00,435699712
2026-09-10T00:26:00Z,1788999960420,25.52,25.66,21.94,0.85,12.65,5347,5773,0.00,980500480
2026-09-10T00:26:01Z,1788999961498,25.52,25.69,21.94,0.96,12.45,5347,5777,0.00,680558592
2026-09-10T00:26:02Z,1788999962579,25.52,25.66,21.94,0.93,12.55,5358,5775,0.00,512278528
2026-09-10T00:26:03Z,1788999963643,25.52,25.64,21.94,0.75,12.39,5347,5770,0.00,439173120
2026-09-10T00:26:04Z,1788999964686,25.52,25.64,21.94,0.69,12.34,5350,5777,0.00,280608768
2026-09-10T00:26:05Z,1788999965770,25.52,25.62,21.88,0.85,12.50,5348,5777,0.00,434503680
2026-09-10T00:26:06Z,1788999966802,25.52,25.58,21.88,0.81,12.67,5351,5775,0.00,279986176
2026-09-10T00:26:07Z,1788999967886,25.52,25.55,21.88,1.07,12.63,5342,5780,0.00,435748864
2026-09-10T00:26:08Z,1788999968933,25.52,25.55,21.88,0.75,12.44,5344,5775,0.00,433471488
2026-09-10T00:26:10Z,1788999970017,25.50,25.58,21.88,0.70,12.33,5345,5780,0.00,434077696
2026-09-10T00:26:11Z,1788999971110,25.50,25.53,21.88,0.74,12.34,5349,5776,0.00,433979392
2026-09-10T00:26:12Z,1788999972189,25.50,25.58,21.88,0.67,12.29,5351,5779,0.00,284884992
2026-09-10T00:26:13Z,1788999973266,25.50,25.56,21.88,0.67,12.29,5344,5770,0.00,283918336
2026-09-10T00:26:14Z,1788999974330,25.48,25.56,21.88,0.71,12.38,5348,5770,0.00,284524544
2026-09-10T00:26:15Z,1788999975353,25.48,25.61,21.88,0.79,12.50,5347,5777,0.00,434044928
2026-09-10T00:26:16Z,1788999976456,25.48,25.61,21.88,1.01,12.78,5349,5777,0.00,755253248
2026-09-10T00:26:17Z,1788999977502,25.48,25.61,21.88,0.86,12.53,5348,5773,0.00,434126848
2026-09-10T00:26:18Z,1788999978576,25.48,25.62,21.88,0.73,12.39,5353,5777,0.00,434241536
2026-09-10T00:26:19Z,1788999979635,25.48,25.61,21.88,0.67,12.31,5347,5775,0.00,281886720
2026-09-10T00:26:20Z,1788999980724,25.45,25.45,21.88,0.80,12.48,5348,5768,0.00,284606464
2026-09-10T00:26:21Z,1788999981812,25.44,25.44,21.88,0.76,12.36,5350,5772,0.00,284606464
2026-09-10T00:26:22Z,1788999982879,25.42,25.48,21.81,0.67,12.30,5345,5779,0.00,281919488
2026-09-10T00:26:23Z,1788999983925,25.42,25.50,21.81,0.81,12.49,5344,5791,0.00,288309248
2026-09-10T00:26:25Z,1788999985010,25.42,25.48,21.81,0.67,12.32,5347,5785,0.00,293666816
2026-09-10T00:26:26Z,1788999986038,25.41,25.44,21.81,0.76,12.43,5343,5768,0.00,292175872
2026-09-10T00:26:27Z,1788999987125,25.41,25.34,21.81,0.71,12.30,5347,5781,0.00,283377664
2026-09-10T00:26:28Z,1788999988153,25.39,25.34,21.81,0.70,12.44,5345,5776,0.00,434700288
2026-09-10T00:26:29Z,1788999989204,25.38,25.44,21.81,0.66,12.45,5351,5777,0.00,392970240
2026-09-10T00:26:30Z,1788999990247,25.38,25.52,21.81,0.76,12.58,5343,5781,0.00,292913152
2026-09-10T00:26:31Z,1788999991316,25.39,25.56,21.81,0.82,12.57,5353,5774,0.00,587563008
2026-09-10T00:26:32Z,1788999992408,25.38,25.56,21.81,0.71,12.39,5345,5773,0.00,283639808
2026-09-10T00:26:33Z,1788999993478,25.36,25.55,21.81,0.64,12.31,5342,5775,0.00,281395200
2026-09-10T00:26:34Z,1788999994542,25.34,25.50,21.81,0.76,12.42,5350,5771,0.00,283885568
2026-09-10T00:26:35Z,1788999995637,25.34,25.52,21.81,2.90,14.74,5350,5771,0.00,281493504
2026-09-10T00:26:36Z,1788999996730,25.47,25.69,21.75,1.08,12.75,5343,5777,0.00,282148864
2026-09-10T00:26:37Z,1788999997768,25.42,25.66,21.75,0.89,12.49,5349,5773,0.00,281493504
2026-09-10T00:26:38Z,1788999998835,25.41,25.62,21.75,0.71,12.35,5346,5797,0.00,281690112
2026-09-10T00:26:39Z,1788999999925,25.39,25.62,21.75,0.67,12.31,5351,5775,0.00,281460736
2026-09-10T00:26:40Z,1789000000986,25.44,25.66,21.75,1.07,13.12,5350,5776,0.00,282279936
2026-09-10T00:26:42Z,1789000002069,25.45,25.66,21.75,1.46,13.24,5349,5777,0.00,282279936
2026-09-10T00:26:43Z,1789000003146,25.47,25.66,21.75,1.32,13.22,5351,5772,0.00,284508160
2026-09-10T00:26:44Z,1789000004188,25.48,25.66,21.75,1.41,13.31,5357,5780,0.00,282279936
2026-09-10T00:26:45Z,1789000005275,25.50,25.67,21.75,1.44,13.25,5341,5781,0.00,283738112
2026-09-10T00:26:46Z,1789000006377,25.50,25.69,21.75,1.82,13.82,5352,5779,0.00,606339072
2026-09-10T00:26:47Z,1789000007454,25.52,25.72,21.75,1.32,13.21,5355,5777,0.00,281460736
2026-09-10T00:26:48Z,1789000008521,25.50,25.70,21.75,1.33,13.22,5343,5774,0.00,281460736
2026-09-10T00:26:49Z,1789000009608,25.50,25.69,21.75,1.32,13.20,5357,5771,0.00,283738112
2026-09-10T00:26:50Z,1789000010681,25.50,25.69,21.75,1.36,13.26,5345,5780,0.00,283738112
2026-09-10T00:26:51Z,1789000011740,25.84,26.81,21.75,1.84,15.32,5349,5777,0.00,581976064
2026-09-10T00:26:52Z,1789000012831,25.83,26.14,21.69,6.16,18.33,5348,5778,0.00,586317824
2026-09-10T00:26:53Z,1789000013917,25.84,25.88,21.69,3.94,16.56,5351,5779,0.00,553271296
2026-09-10T00:26:54Z,1789000014965,25.92,25.77,21.69,4.26,16.99,5343,5785,0.00,596557824
2026-09-10T00:26:56Z,1789000016017,25.91,25.73,21.69,2.65,14.29,5356,5784,0.00,585138176
2026-09-10T00:26:57Z,1789000017095,25.92,25.72,21.69,2.35,14.62,5345,5770,0.00,585662464
2026-09-10T00:26:58Z,1789000018122,26.20,27.02,21.69,3.89,16.44,5344,5776,0.00,583041024
2026-09-10T00:26:59Z,1789000019209,26.28,26.28,21.69,2.92,15.10,5349,5778,0.00,585138176
2026-09-10T00:27:00Z,1789000020250,26.27,25.92,21.69,7.54,23.88,5353,5775,0.00,839712768
2026-09-10T00:27:01Z,1789000021282,26.80,28.11,21.69,5.30,16.38,5345,5778,0.00,1127579648
2026-09-10T00:27:02Z,1789000022354,26.67,26.70,21.69,2.91,15.14,5350,5778,0.00,818397184
2026-09-10T00:27:03Z,1789000023447,26.53,26.08,21.69,2.76,15.11,5352,5775,0.00,585007104
2026-09-10T00:27:04Z,1789000024501,26.48,25.84,21.69,2.83,15.04,5337,5771,0.00,597999616
2026-09-10T00:27:05Z,1789000025541,26.45,25.77,21.69,2.68,14.71,5355,5792,0.00,599343104
2026-09-10T00:27:06Z,1789000026579,26.44,25.73,21.69,2.99,15.40,5350,5777,0.00,584990720
2026-09-10T00:27:07Z,1789000027646,26.44,25.77,21.69,3.31,15.35,5352,5773,0.00,597868544
2026-09-10T00:27:08Z,1789000028668,26.44,25.75,21.69,2.88,15.19,5353,5778,0.00,588644352
2026-09-10T00:27:09Z,1789000029727,26.45,25.75,21.69,3.88,16.30,5355,5777,0.00,584990720
2026-09-10T00:27:10Z,1789000030764,26.48,25.88,21.62,2.67,14.96,5347,5772,0.00,590708736
2026-09-10T00:27:11Z,1789000031828,26.66,32.38,21.62,3.62,16.25,5357,5770,0.00,88496324608
2026-09-10T00:27:12Z,1789000032872,38.47,31.70,21.62,21.12,48.20,5348,5746,1.00,93794189312
2026-09-10T00:27:13Z,1789000033948,51.98,32.09,21.62,134.59,134.43,5355,5794,1.00,93762666496
2026-09-10T00:27:15Z,1789000035022,56.30,35.31,21.62,136.58,133.94,5347,5781,0.78,93405855744
2026-09-10T00:27:16Z,1789000036101,53.22,36.66,21.62,109.14,121.81,5345,5791,0.80,89412599808
2026-09-10T00:27:17Z,1789000037184,52.47,37.64,21.62,99.92,126.76,5353,5778,0.66,89095290880
2026-09-10T00:27:18Z,1789000038207,55.30,39.02,21.62,121.12,127.74,5334,5766,1.00,93676437504
2026-09-10T00:27:19Z,1789000039235,61.95,40.73,21.62,131.27,132.88,5356,5783,1.00,93631004672
2026-09-10T00:27:20Z,1789000040255,68.06,42.47,21.62,121.29,126.34,5352,5788,0.79,93490823168
2026-09-10T00:27:21Z,1789000041311,66.39,44.17,21.62,96.00,122.01,5349,5781,0.49,89186516992
2026-09-10T00:27:22Z,1789000042356,64.80,44.47,21.62,95.64,128.72,5351,5794,0.31,89186598912
2026-09-10T00:27:23Z,1789000043390,64.39,44.78,21.62,94.21,124.64,5352,5723,1.00,93672751104
2026-09-10T00:27:24Z,1789000044445,67.81,45.45,21.62,125.57,132.63,5348,5783,1.00,93678616576
2026-09-10T00:27:25Z,1789000045478,75.41,47.06,21.62,117.07,127.10,5355,5795,1.00,93658693632
2026-09-10T00:27:26Z,1789000046564,78.47,48.45,21.62,107.18,124.29,5353,5775,0.38,93487595520
2026-09-10T00:27:27Z,1789000047650,75.52,49.36,21.62,96.63,129.99,5347,5768,0.98,89200803840
2026-09-10T00:27:28Z,1789000048712,72.91,51.19,21.56,100.28,132.53,5361,5772,0.12,89188794368
2026-09-10T00:27:29Z,1789000049733,75.89,50.92,21.62,93.85,125.85,5376,5772,1.00,93651255296
2026-09-10T00:27:30Z,1789000050799,78.70,51.52,21.56,116.22,128.04,5344,5786,1.00,93643014144
2026-09-10T00:27:31Z,1789000051846,78.47,51.73,21.56,94.02,118.84,5359,5796,1.00,93392175104
2026-09-10T00:27:32Z,1789000052895,77.48,52.16,21.62,99.12,118.67,5351,5779,0.08,93208838144
2026-09-10T00:27:33Z,1789000053931,75.58,52.20,21.62,95.47,130.84,5353,5785,0.08,88898142208
2026-09-10T00:27:34Z,1789000054955,74.84,52.28,21.56,96.89,131.15,5340,5776,0.08,88885510144
2026-09-10T00:27:36Z,1789000056032,77.30,52.66,21.56,96.81,131.51,5360,5774,1.00,93409017856
2026-09-10T00:27:37Z,1789000057069,80.66,53.42,21.56,105.88,121.10,5351,5773,1.00,93361192960
2026-09-10T00:27:38Z,1789000058152,81.50,53.92,21.56,98.21,120.28,5360,5779,1.00,93385965568
2026-09-10T00:27:39Z,1789000059236,80.41,54.50,21.62,94.83,125.80,5353,5778,0.35,93198680064
2026-09-10T00:27:40Z,1789000060314,78.00,54.86,21.56,97.07,130.73,5342,5779,0.01,88893161472
2026-09-10T00:27:41Z,1789000061345,77.16,54.70,21.62,97.62,131.71,5345,5783,0.13,88894111744
2026-09-10T00:27:42Z,1789000062409,76.95,54.86,21.62,101.15,121.33,5354,5793,1.00,93405462528
2026-09-10T00:27:43Z,1789000063492,80.48,55.27,21.62,91.12,116.95,5325,5774,1.00,93362536448
2026-09-10T00:27:44Z,1789000064565,81.06,55.41,21.56,93.91,118.60,5347,5763,1.00,93389307904
2026-09-10T00:27:45Z,1789000065645,81.62,55.61,21.62,92.56,120.63,5351,5780,0.11,93198548992
2026-09-10T00:27:46Z,1789000066728,78.19,55.81,21.62,97.49,130.89,5344,5771,0.15,89210601472
2026-09-10T00:27:47Z,1789000067777,78.08,55.97,21.62,97.11,131.42,5352,5772,0.05,88892620800
2026-09-10T00:27:48Z,1789000068841,81.31,56.22,21.62,97.50,124.15,5357,5779,1.00,93415030784
2026-09-10T00:27:49Z,1789000069919,82.28,56.34,21.62,97.18,119.72,5356,5783,1.00,93376512000
2026-09-10T00:27:50Z,1789000070962,82.69,56.45,21.62,93.28,116.97,5361,5778,1.00,93371826176
2026-09-10T00:27:52Z,1789000072001,80.34,57.02,21.62,93.93,116.71,5350,5783,0.46,93207003136
2026-09-10T00:27:53Z,1789000073079,79.34,56.84,21.62,93.30,129.56,5347,5771,0.10,89056247808
2026-09-10T00:27:54Z,1789000074159,79.11,56.75,21.62,97.22,131.42,5359,5770,0.21,88904663040
2026-09-10T00:27:55Z,1789000075247,80.30,56.92,21.62,96.19,116.64,5346,5792,1.00,93415587840
2026-09-10T00:27:56Z,1789000076321,82.53,57.12,21.62,91.55,117.76,5361,5763,1.00,93523066880
2026-09-10T00:27:57Z,1789000077388,83.50,57.27,21.62,94.43,120.72,5346,5777,1.00,93373366272
2026-09-10T00:27:58Z,1789000078472,83.52,57.47,21.62,92.33,120.11,5359,5776,0.11,93206380544
2026-09-10T00:27:59Z,1789000079495,80.55,57.39,21.62,96.94,130.58,5351,5778,0.23,88904155136
2026-09-10T00:28:00Z,1789000080577,79.86,57.45,21.62,97.01,131.19,5356,5764,0.15,89444581376
2026-09-10T00:28:01Z,1789000081645,79.80,57.50,21.62,68.37,85.34,5354,5780,0.00,88427544576
2026-09-10T00:28:02Z,1789000082710,69.98,60.91,21.62,47.90,70.85,5345,5778,1.00,93724721152
2026-09-10T00:28:03Z,1789000083792,86.73,58.08,21.62,122.84,131.87,5352,5783,1.00,93458333696
2026-09-10T00:28:04Z,1789000084815,86.98,58.78,21.69,117.66,129.47,5348,5773,0.45,93099196416
2026-09-10T00:28:05Z,1789000085895,84.47,59.00,21.62,98.46,126.39,5346,5780,0.19,88789319680
2026-09-10T00:28:06Z,1789000086977,83.47,59.08,21.69,100.97,135.11,5355,5787,0.03,88790728704
2026-09-10T00:28:08Z,1789000088022,85.81,59.31,21.69,100.87,128.75,5344,5784,1.00,93370122240
2026-09-10T00:28:09Z,1789000089055,89.28,59.94,21.69,108.46,125.53,5346,5796,1.00,93505863680
2026-09-10T00:28:10Z,1789000090118,90.44,60.30,21.69,101.33,122.36,5351,5789,1.00,93354033152
2026-09-10T00:28:11Z,1789000091145,85.94,60.36,21.69,102.41,119.40,5350,5779,0.18,93174300672
2026-09-10T00:28:12Z,1789000092199,83.83,60.14,21.69,98.24,132.40,5353,5767,0.11,88870912000
2026-09-10T00:28:13Z,1789000093259,83.27,60.12,21.69,97.84,131.73,5344,5786,0.12,89136611328
2026-09-10T00:28:14Z,1789000094328,84.44,60.17,21.69,98.35,117.56,5338,5769,1.00,93542318080
2026-09-10T00:28:15Z,1789000095389,87.42,60.39,21.69,93.10,116.15,5352,5791,1.00,93353754624
2026-09-10T00:28:16Z,1789000096463,87.55,60.44,21.75,90.20,116.99,5361,5779,0.94,93509697536
2026-09-10T00:28:17Z,1789000097544,85.55,60.47,21.75,84.85,116.19,5347,5777,0.20,88882184192
2026-09-10T00:28:18Z,1789000098611,83.09,60.28,21.75,97.05,131.31,5345,5767,0.22,88883101696
2026-09-10T00:28:19Z,1789000099650,82.83,60.28,21.75,96.03,130.45,5345,5776,0.15,93389553664
2026-09-10T00:28:20Z,1789000100690,82.41,60.30,21.75,94.57,117.29,5346,5780,1.00,93393403904
2026-09-10T00:28:21Z,1789000101775,87.89,60.64,21.75,93.95,118.52,5349,5764,1.00,93374857216
2026-09-10T00:28:22Z,1789000102842,88.67,60.94,21.75,95.90,120.49,5352,5783,0.91,93190881280
2026-09-10T00:28:23Z,1789000103862,83.94,60.67,21.75,89.59,114.15,5349,5781,0.13,88886132736
2026-09-10T00:28:24Z,1789000104942,83.25,60.58,21.81,92.32,128.35,5350,5775,0.08,88886132736
2026-09-10T00:28:26Z,1789000106027,83.00,60.62,21.81,95.85,130.03,5359,5775,0.13,93399203840
2026-09-10T00:28:27Z,1789000107063,85.48,60.83,21.81,93.97,123.00,5344,5775,1.00,93359996928
2026-09-10T00:28:28Z,1789000108150,86.95,60.91,21.81,93.87,116.63,5342,5777,1.00,93359833088
2026-09-10T00:28:29Z,1789000109197,87.59,60.95,21.81,98.53,119.61,5356,5796,0.99,93197205504
2026-09-10T00:28:30Z,1789000110275,85.19,61.03,21.81,85.68,120.74,5355,5774,0.20,93490495488
2026-09-10T00:28:31Z,1789000111359,83.86,61.03,21.81,97.89,131.75,5348,5769,0.01,88891637760
2026-09-10T00:28:32Z,1789000112443,83.69,61.06,21.81,95.77,130.14,5357,5774,0.10,93400432640
2026-09-10T00:28:33Z,1789000113484,84.34,61.16,21.88,94.67,117.12,5357,5780,0.04,93403840512
2026-09-10T00:28:34Z,1789000114515,87.58,61.33,21.88,96.84,119.93,5346,5785,0.05,93361766400
2026-09-10T00:28:35Z,1789000115595,88.22,61.50,21.88,88.95,115.41,5362,5781,0.06,93361602560
2026-09-10T00:28:36Z,1789000116652,87.05,61.39,21.88,81.49,113.44,5356,5782,0.11,93195436032
2026-09-10T00:28:37Z,1789000117673,83.67,61.14,21.88,96.86,131.36,5343,5787,0.17,88892211200
2026-09-10T00:28:38Z,1789000118726,84.00,61.30,21.94,98.39,132.76,5352,5776,0.10,88892375040
2026-09-10T00:28:39Z,1789000119763,87.59,61.61,21.94,94.96,123.02,5354,5796,0.91,93409640448
2026-09-10T00:28:40Z,1789000120806,88.67,61.80,21.94,98.06,117.62,5358,5776,1.00,93371219968
2026-09-10T00:28:41Z,1789000121878,89.62,61.98,21.94,95.00,119.70,5358,5779,1.00,93371334656
2026-09-10T00:28:42Z,1789000122959,86.12,62.19,21.94,97.62,117.80,5352,5771,0.66,93219946496
2026-09-10T00:28:44Z,1789000124010,84.80,62.41,21.94,86.97,122.43,5356,5789,0.29,88901124096
2026-09-10T00:28:45Z,1789000125080,84.34,62.09,21.94,96.02,129.83,5363,5788,0.01,88901025792
2026-09-10T00:28:46Z,1789000126159,84.66,61.98,21.94,94.76,128.98,5342,5776,0.67,93734076416
2026-09-10T00:28:47Z,1789000127247,88.14,62.19,22.00,93.63,117.31,5350,5770,1.00,93369630720
2026-09-10T00:28:48Z,1789000128337,88.41,62.25,22.00,89.20,116.23,5364,5785,1.00,93369876480
2026-09-10T00:28:49Z,1789000129428,88.48,62.30,22.00,84.71,111.25,5349,5770,0.60,93205184512
2026-09-10T00:28:50Z,1789000130466,84.73,62.03,22.00,92.17,128.16,5348,5778,0.55,88900272128
2026-09-10T00:28:51Z,1789000131484,84.41,62.11,22.00,96.40,130.53,5357,5772,0.98,88900272128
2026-09-10T00:28:52Z,1789000132507,84.45,62.17,22.00,90.15,112.22,5348,5780,0.25,88051826688
2026-09-10T00:28:53Z,1789000133556,77.33,65.14,22.00,17.22,40.55,5378,5767,0.96,93488365568
2026-09-10T00:28:54Z,1789000134598,79.86,62.55,22.06,123.64,132.51,5338,5783,1.00,93459382272
2026-09-10T00:28:55Z,1789000135684,89.00,61.81,22.06,117.39,126.41,5350,5775,0.92,93091053568
2026-09-10T00:28:56Z,1789000136723,88.95,62.81,22.06,103.65,123.79,5358,5781,0.11,88790401024
2026-09-10T00:28:57Z,1789000137764,87.62,63.22,22.06,101.88,134.77,5338,5780,0.15,88790138880
2026-09-10T00:28:58Z,1789000138785,88.06,63.36,22.06,101.95,135.28,5350,5782,0.41,93369532416
2026-09-10T00:28:59Z,1789000139817,90.72,63.61,22.12,100.74,121.02,5347,5786,1.00,93326721024
2026-09-10T00:29:00Z,1789000140848,89.83,63.52,22.12,94.65,117.80,5345,5781,1.00,93888364544
2026-09-10T00:29:01Z,1789000141935,89.47,63.64,22.12,96.82,120.54,5347,5776,0.65,93420322816
2026-09-10T00:29:02Z,1789000142975,86.66,63.39,22.12,86.18,119.01,5353,5781,0.17,88885313536
2026-09-10T00:29:04Z,1789000144008,86.09,63.44,22.12,98.84,132.41,5342,5775,0.11,88884543488
2026-09-10T00:29:05Z,1789000145065,85.28,63.47,22.12,98.24,131.78,5357,5783,0.43,93401284608
2026-09-10T00:29:06Z,1789000146108,88.44,63.52,22.19,95.94,121.04,5353,5792,1.00,93362421760
2026-09-10T00:29:07Z,1789000147190,89.41,63.58,22.19,92.17,118.67,5350,5770,1.00,93362667520
2026-09-10T00:29:08Z,1789000148265,88.88,63.55,22.19,86.27,112.89,5351,5776,0.65,93202300928
2026-09-10T00:29:09Z,1789000149315,85.84,63.31,22.19,94.42,131.14,5347,5779,0.25,88895815680
2026-09-10T00:29:10Z,1789000150356,85.59,63.34,22.19,97.41,131.23,5343,5794,0.19,88896880640
2026-09-10T00:29:11Z,1789000151380,85.47,63.41,22.19,92.58,124.49,5358,5752,0.53,93401169920
2026-09-10T00:29:12Z,1789000152451,87.47,63.50,22.19,98.76,119.97,5363,5789,1.00,93358768128
2026-09-10T00:29:13Z,1789000153477,89.45,63.75,22.25,92.88,118.79,5347,5785,1.00,93388668928
2026-09-10T00:29:14Z,1789000154565,90.14,63.86,22.25,92.37,115.99,5347,5781,0.67,93204283392
2026-09-10T00:29:15Z,1789000155633,86.95,63.78,22.25,82.73,119.30,5345,5782,0.20,88897077248
2026-09-10T00:29:16Z,1789000156690,85.52,63.55,22.25,97.54,131.36,5347,5781,0.27,89197789184
2026-09-10T00:29:17Z,1789000157746,86.36,63.66,22.25,95.84,129.91,5350,5775,0.41,93399285760
2026-09-10T00:29:18Z,1789000158830,88.97,63.80,22.31,93.62,116.56,5350,5799,1.00,93356638208
2026-09-10T00:29:19Z,1789000159910,90.06,63.92,22.31,93.68,117.44,5352,5773,0.00,93360390144
2026-09-10T00:29:20Z,1789000160948,89.39,63.91,22.31,91.76,116.66,5356,5793,0.78,93197385728
2026-09-10T00:29:22Z,1789000162032,86.22,63.70,22.31,84.09,115.58,5345,5778,0.14,88892260352
2026-09-10T00:29:23Z,1789000163074,85.89,63.78,22.31,97.14,131.98,5341,5776,0.05,88893063168
2026-09-10T00:29:24Z,1789000164106,85.78,63.81,22.31,96.52,130.68,5353,5777,0.26,93400023040
2026-09-10T00:29:25Z,1789000165144,89.03,63.98,22.38,95.74,122.03,5349,5777,1.00,93358292992
2026-09-10T00:29:26Z,1789000166192,89.56,64.05,22.38,98.51,121.30,5332,5761,1.00,93360242688
2026-09-10T00:29:27Z,1789000167226,90.14,64.11,22.38,92.27,115.79,5349,5772,0.96,93196861440
2026-09-10T00:29:28Z,1789000168255,86.98,64.00,22.38,83.74,122.12,5351,5772,0.09,93195010048
2026-09-10T00:29:29Z,1789000169297,86.08,63.92,22.38,98.04,131.52,5349,5783,0.16,88890146816
2026-09-10T00:29:30Z,1789000170349,86.09,64.02,22.38,96.58,130.67,5346,5763,0.16,89186762752
2026-09-10T00:29:31Z,1789000171396,86.77,64.62,22.44,97.32,117.52,5348,5786,1.00,93564911616
2026-09-10T00:29:32Z,1789000172439,89.02,64.41,22.44,89.34,116.13,5347,5777,1.00,93369532416
2026-09-10T00:29:33Z,1789000173525,89.73,64.28,22.44,95.48,119.94,5343,5783,1.00,93369253888
2026-09-10T00:29:34Z,1789000174584,90.83,64.31,22.44,86.85,113.14,5350,5781,0.30,93204234240
2026-09-10T00:29:35Z,1789000175604,87.12,64.23,22.44,96.42,130.29,5349,5774,0.15,88901533696
2026-09-10T00:29:36Z,1789000176690,86.61,64.25,22.44,96.88,130.82,5354,5774,0.08,88899403776
2026-09-10T00:29:37Z,1789000177730,88.94,64.36,22.50,92.17,123.13,5356,5781,0.74,93411147776
2026-09-10T00:29:38Z,1789000178801,91.06,64.45,22.50,99.89,120.79,5351,5786,1.00,93374955520
2026-09-10T00:29:39Z,1789000179832,91.14,64.73,22.50,95.82,120.57,5339,5779,1.00,93527506944
2026-09-10T00:29:40Z,1789000180863,87.52,64.45,22.50,89.87,115.23,5354,5788,0.51,93214212096
2026-09-10T00:29:41Z,1789000181913,86.19,64.30,22.50,80.56,116.84,5350,5794,0.19,89054593024
2026-09-10T00:29:42Z,1789000182956,86.41,64.34,22.56,98.56,132.02,5354,5776,0.17,88902320128
2026-09-10T00:29:43Z,1789000183995,85.22,64.33,22.56,97.24,130.78,5347,5773,0.01,432046080
2026-09-10T00:29:45Z,1789000185065,74.36,62.56,22.56,48.57,58.33,5342,5768,0.00,282247168
2026-09-10T00:29:46Z,1789000186095,66.45,59.27,22.56,1.14,8.58,5354,5785,0.00,605814784
2026-09-10T00:29:47Z,1789000187192,61.94,57.17,22.56,4.12,12.05,5348,5768,0.00,281411584
2026-09-10T00:29:48Z,1789000188238,58.70,55.22,22.56,1.57,49.60,5346,5777,0.00,433717248
2026-09-10T00:29:49Z,1789000189331,56.30,53.64,22.56,1.16,61.52,5349,5760,0.00,281378816
2026-09-10T00:29:50Z,1789000190388,54.41,52.19,22.62,1.08,70.96,5351,5772,0.00,433602560
2026-09-10T00:29:51Z,1789000191462,52.95,50.91,22.62,0.89,77.34,5342,5778,0.00,281083904
2026-09-10T00:29:52Z,1789000192567,51.73,49.75,22.62,0.84,82.08,5349,5764,0.00,280412160
2026-09-10T00:29:53Z,1789000193617,50.58,48.73,22.62,1.00,85.56,5354,5765,0.00,280985600
2026-09-10T00:29:54Z,1789000194715,48.69,47.81,22.69,0.81,87.32,5346,5771,0.00,433881088
2026-09-10T00:29:55Z,1789000195764,47.75,46.14,22.69,0.95,88.66,5347,5772,0.00,281083904
2026-09-10T00:29:56Z,1789000196819,46.80,45.38,22.69,0.92,88.68,5348,5776,0.00,433307648
2026-09-10T00:29:57Z,1789000197887,46.02,44.67,22.69,0.74,88.28,5339,5775,0.00,282705920
2026-09-10T00:29:58Z,1789000198982,45.41,44.08,22.69,0.82,88.42,5351,5785,0.00,283312128
2026-09-10T00:30:00Z,1789000200018,44.84,43.41,22.69,0.84,88.46,5346,5770,0.00,542752768
2026-09-10T00:30:01Z,1789000201083,44.38,42.94,22.75,1.06,88.83,5347,5769,0.00,833912832
2026-09-10T00:30:02Z,1789000202179,43.84,42.23,22.75,1.03,88.79,5350,5773,0.00,668827648
2026-09-10T00:30:03Z,1789000203276,43.31,41.86,22.75,1.00,88.63,5350,5782,0.00,280985600
2026-09-10T00:30:04Z,1789000204319,42.69,41.31,22.75,0.95,88.72,5349,5775,0.00,435224576
2026-09-10T00:30:05Z,1789000205364,42.19,40.77,22.75,1.11,88.76,5340,5769,0.00,432816128
2026-09-10T00:30:06Z,1789000206472,41.70,40.38,22.75,0.83,88.62,5350,5782,0.00,432848896
2026-09-10T00:30:07Z,1789000207501,41.27,40.14,22.75,1.23,89.01,5353,5776,0.00,433324032
2026-09-10T00:30:08Z,1789000208588,40.78,39.69,22.81,0.90,88.62,5348,5781,0.00,433324032
2026-09-10T00:30:09Z,1789000209637,40.39,39.14,22.81,0.77,88.49,5344,5770,0.00,282542080
2026-09-10T00:30:10Z,1789000210671,39.97,38.77,22.81,1.10,88.93,5350,5779,0.00,282542080
2026-09-10T00:30:11Z,1789000211769,39.27,38.41,22.81,1.08,88.98,5347,5775,0.00,282542080
2026-09-10T00:30:12Z,1789000212849,39.02,38.06,22.81,0.91,88.81,5348,5771,0.00,280231936
2026-09-10T00:30:13Z,1789000213939,38.78,37.58,22.81,0.90,88.61,5349,5772,0.00,281788416
2026-09-10T00:30:14Z,1789000214969,38.44,37.30,22.88,1.03,89.15,5345,5778,0.00,282542080
2026-09-10T00:30:16Z,1789000216012,38.09,37.05,22.88,1.06,88.92,5346,5778,0.00,605405184
2026-09-10T00:30:17Z,1789000217110,37.83,37.00,22.88,0.99,89.04,5344,5772,0.00,588906496
2026-09-10T00:30:18Z,1789000218210,37.52,36.84,22.88,0.79,88.68,5352,5783,0.00,280559616
2026-09-10T00:30:19Z,1789000219248,37.25,36.52,22.88,0.78,88.69,5353,5777,0.00,281788416
2026-09-10T00:30:20Z,1789000220313,37.00,36.19,22.88,0.80,88.95,5348,5776,0.00,282542080
2026-09-10T00:30:21Z,1789000221382,36.77,35.97,22.88,0.97,89.05,5350,5768,0.00,280264704
2026-09-10T00:30:22Z,1789000222494,36.52,35.59,22.94,0.76,88.79,5350,5778,0.00,280297472
2026-09-10T00:30:23Z,1789000223579,36.28,35.45,22.94,0.80,88.58,5349,5777,0.00,278167552
2026-09-10T00:30:24Z,1789000224675,36.08,35.39,22.94,0.77,88.12,5341,5778,0.00,280707072
2026-09-10T00:30:25Z,1789000225711,35.86,35.33,22.94,1.19,87.90,5337,5768,0.00,279216128
2026-09-10T00:30:26Z,1789000226751,35.55,34.91,22.94,0.83,86.93,5347,5788,0.00,279216128
2026-09-10T00:30:27Z,1789000227789,35.30,34.59,22.94,0.76,86.42,5346,5771,0.00,279183360
2026-09-10T00:30:28Z,1789000228863,35.08,34.25,22.94,0.75,85.96,5345,5781,0.00,281493504
2026-09-10T00:30:29Z,1789000229925,34.86,34.03,22.94,0.91,85.84,5342,5781,0.00,292831232
2026-09-10T00:30:30Z,1789000230959,34.67,33.95,22.94,0.79,85.57,5349,5774,0.00,573931520
2026-09-10T00:30:31Z,1789000231995,34.50,33.84,23.00,1.09,85.61,5354,5783,0.00,279248896
2026-09-10T00:30:33Z,1789000233042,34.33,33.80,23.00,0.79,84.88,5350,5775,0.00,281493504
2026-09-10T00:30:34Z,1789000234116,34.19,33.77,23.00,0.83,84.52,5348,5777,0.00,279248896
2026-09-10T00:30:35Z,1789000235212,34.09,33.73,23.00,0.97,83.97,5341,5779,0.00,279216128
2026-09-10T00:30:36Z,1789000236272,33.98,33.69,23.00,0.94,83.84,5353,5778,0.00,279216128
2026-09-10T00:30:37Z,1789000237319,33.86,33.58,23.00,0.95,83.44,5351,5771,0.00,279248896
2026-09-10T00:30:38Z,1789000238399,33.73,33.36,23.00,0.85,83.10,5354,5793,0.00,279248896
2026-09-10T00:30:39Z,1789000239433,33.59,33.06,23.00,0.75,82.81,5348,5771,0.00,279216128
2026-09-10T00:30:40Z,1789000240469,33.47,32.75,23.00,0.79,82.80,5347,5773,0.00,279183360
2026-09-10T00:30:41Z,1789000241537,33.36,32.59,23.00,1.19,82.82,5344,5777,0.00,281493504
2026-09-10T00:30:42Z,1789000242565,33.25,32.42,23.00,0.81,82.44,5350,5784,0.00,281526272
2026-09-10T00:30:43Z,1789000243636,33.12,32.27,23.00,0.81,81.98,5356,5772,0.00,280444928
2026-09-10T00:30:44Z,1789000244700,32.98,32.20,23.06,0.80,81.65,5350,5775,0.00,281493504
2026-09-10T00:30:45Z,1789000245793,32.73,32.16,23.06,0.87,81.31,5345,5768,0.00,279216128
2026-09-10T00:30:46Z,1789000246873,32.59,32.20,23.06,1.31,81.54,5352,5782,0.00,599261184
2026-09-10T00:30:47Z,1789000247962,32.48,32.16,23.06,0.78,80.76,5347,5782,0.00,279216128
2026-09-10T00:30:49Z,1789000249001,32.41,32.14,23.06,0.73,80.47,5346,5775,0.00,280707072
2026-09-10T00:30:50Z,1789000250078,32.36,32.25,23.06,0.73,80.10,5354,5776,0.00,280707072
2026-09-10T00:30:51Z,1789000251154,32.34,32.31,23.06,2.39,81.93,5341,5778,0.00,279379968
2026-09-10T00:30:52Z,1789000252239,32.22,32.12,23.06,0.84,80.08,5347,5762,0.00,292831232
2026-09-10T00:30:53Z,1789000253303,32.11,32.00,23.06,0.99,80.26,5344,5764,0.00,279216128
2026-09-10T00:30:54Z,1789000254385,32.05,31.80,23.06,1.05,80.06,5353,5789,0.00,279511040
2026-09-10T00:30:55Z,1789000255444,31.95,31.58,23.06,0.74,79.53,5347,5779,0.00,281624576
2026-09-10T00:30:56Z,1789000256476,31.84,31.41,23.06,0.96,79.48,5345,5776,0.00,279379968
2026-09-10T00:30:57Z,1789000257529,31.75,31.31,23.06,1.10,79.69,5349,5767,0.00,281624576
2026-09-10T00:30:58Z,1789000258612,31.67,31.23,23.06,0.80,79.07,5354,5772,0.00,279347200
2026-09-10T00:30:59Z,1789000259668,31.59,31.03,23.06,0.76,78.75,5348,5783,0.00,286490624
2026-09-10T00:31:00Z,1789000260746,31.39,30.77,23.06,0.77,78.67,5350,5770,0.00,841089024
2026-09-10T00:31:01Z,1789000261829,31.28,30.69,23.06,1.06,78.89,5351,5785,0.00,541753344
2026-09-10T00:31:02Z,1789000262895,31.22,30.66,23.06,1.08,78.45,5349,5774,0.00,523845632
2026-09-10T00:31:03Z,1789000263975,31.11,30.59,23.06,0.95,78.08,5352,5774,0.00,279248896
2026-09-10T00:31:05Z,1789000265046,31.00,30.56,23.06,0.77,77.89,5351,5778,0.00,279642112
2026-09-10T00:31:06Z,1789000266132,30.94,30.73,23.06,0.82,77.99,5350,5779,0.00,444694528
2026-09-10T00:31:07Z,1789000267196,30.88,30.62,23.12,1.19,77.91,5344,5784,0.00,279216128
2026-09-10T00:31:08Z,1789000268286,30.78,30.58,23.06,0.84,77.40,5348,5784,0.00,279543808
2026-09-10T00:31:09Z,1789000269346,30.69,30.55,23.06,0.83,77.32,5348,5780,0.00,290914304
2026-09-10T00:31:10Z,1789000270440,30.67,30.55,23.06,0.98,77.29,5347,5772,0.00,293142528
2026-09-10T00:31:11Z,1789000271476,30.64,30.53,23.06,0.97,77.19,5351,5772,0.00,281493504
2026-09-10T00:31:12Z,1789000272562,30.56,30.53,23.06,0.95,77.03,5347,5774,0.00,279543808
2026-09-10T00:31:13Z,1789000273647,30.48,30.53,23.12,0.78,76.80,5349,5776,0.00,279183360
2026-09-10T00:31:14Z,1789000274702,30.36,30.52,23.06,0.80,76.61,5341,5777,0.00,280625152
2026-09-10T00:31:15Z,1789000275793,30.23,30.38,23.06,0.79,76.50,5354,5780,0.00,281460736
2026-09-10T00:31:16Z,1789000276841,30.22,30.36,23.06,1.07,76.76,5351,5786,0.00,601767936
2026-09-10T00:31:17Z,1789000277895,30.17,30.12,23.06,0.83,76.26,5349,5780,0.00,281739264
2026-09-10T00:31:18Z,1789000278963,30.12,30.03,23.06,0.75,75.90,5350,5776,0.00,279183360
2026-09-10T00:31:20Z,1789000280031,30.05,29.94,23.06,0.87,76.04,5347,5769,0.00,279216128
2026-09-10T00:31:21Z,1789000281118,29.97,29.81,23.06,0.93,76.12,5357,5771,0.00,279183360
2026-09-10T00:31:22Z,1789000282155,29.88,29.70,23.06,0.76,75.94,5352,5780,0.00,281460736
2026-09-10T00:31:23Z,1789000283209,29.81,29.55,23.06,0.80,75.78,5342,5775,0.00,281460736
2026-09-10T00:31:24Z,1789000284256,29.78,29.39,23.06,0.77,75.69,5347,5785,0.00,281460736
2026-09-10T00:31:25Z,1789000285296,29.77,29.25,23.06,0.76,75.67,5347,5777,0.00,281460736
2026-09-10T00:31:26Z,1789000286361,29.75,29.16,23.06,0.76,75.47,5355,5780,0.00,280494080
2026-09-10T00:31:27Z,1789000287415,29.73,29.14,23.06,0.98,75.51,5344,5773,0.00,280657920
2026-09-10T00:31:28Z,1789000288482,29.72,29.05,23.06,0.77,75.13,5348,5783,0.00,281460736
2026-09-10T00:31:29Z,1789000289519,29.67,29.00,23.06,0.72,75.07,5353,5780,0.00,281460736
2026-09-10T00:31:30Z,1789000290569,29.58,28.98,23.06,0.81,75.04,5358,5776,0.00,574013440
2026-09-10T00:31:31Z,1789000291650,29.53,29.02,23.06,0.97,75.06,5345,5773,0.00,281460736
2026-09-10T00:31:32Z,1789000292708,29.44,28.97,23.06,0.86,74.82,5345,5773,0.00,279183360
2026-09-10T00:31:33Z,1789000293737,29.33,28.95,23.06,0.75,74.47,5346,5771,0.00,280674304
2026-09-10T00:31:34Z,1789000294818,29.30,28.95,23.06,0.76,74.51,5355,5779,0.00,279183360
2026-09-10T00:31:35Z,1789000295878,29.28,28.95,23.06,0.98,74.85,5349,5780,0.00,279216128
2026-09-10T00:31:36Z,1789000296916,29.27,28.95,23.06,1.02,75.09,5351,5776,0.00,279183360
2026-09-10T00:31:38Z,1789000298004,29.27,28.95,23.06,1.04,74.70,5344,5783,0.00,280674304
2026-09-10T00:31:39Z,1789000299085,29.25,28.95,23.06,0.80,74.34,5351,5777,0.00,279183360
2026-09-10T00:31:40Z,1789000300127,29.25,28.95,23.06,0.79,74.18,5355,5779,0.00,279183360
2026-09-10T00:31:41Z,1789000301215,29.25,28.95,23.06,0.76,73.83,5342,5778,0.00,281395200
2026-09-10T00:31:42Z,1789000302279,29.23,28.95,23.06,0.82,73.73,5350,5775,0.00,281395200
2026-09-10T00:31:43Z,1789000303354,29.23,28.95,23.06,0.97,73.51,5348,5779,0.00,281395200
2026-09-10T00:31:44Z,1789000304414,29.22,28.95,23.06,0.78,73.34,5347,5771,0.00,431013888
2026-09-10T00:31:45Z,1789000305503,29.19,28.95,23.06,0.82,73.39,5349,5778,0.00,280870912
2026-09-10T00:31:46Z,1789000306575,29.14,28.97,23.06,1.02,73.60,5352,5779,0.00,753532928
2026-09-10T00:31:47Z,1789000307668,29.11,28.97,23.06,0.75,73.29,5345,5766,0.00,280215552
2026-09-10T00:31:48Z,1789000308750,29.00,28.94,23.00,0.86,73.20,5353,5775,0.00,431898624
2026-09-10T00:31:49Z,1789000309845,28.94,28.94,23.00,0.86,73.07,5351,5779,0.00,279576576
2026-09-10T00:31:50Z,1789000310889,28.91,28.94,23.00,0.75,72.87,5350,5776,0.00,433586176
2026-09-10T00:31:51Z,1789000311955,28.88,28.92,23.00,0.91,73.07,5345,5790,0.00,433291264
2026-09-10T00:31:53Z,1789000313048,28.84,28.89,23.00,0.73,72.73,5352,5772,0.00,433537024
2026-09-10T00:31:54Z,1789000314091,28.94,29.14,23.00,2.33,74.70,5341,5765,0.00,279248896
2026-09-10T00:31:55Z,1789000315125,28.88,28.95,23.00,0.88,72.43,5347,5770,0.00,279248896
2026-09-10T00:31:56Z,1789000316195,28.83,28.83,23.00,0.89,72.31,5353,5773,0.00,279216128
2026-09-10T00:31:57Z,1789000317285,28.80,28.77,23.00,0.85,72.28,5350,5773,0.00,279560192
2026-09-10T00:31:58Z,1789000318373,28.78,28.80,23.00,0.86,72.14,5342,5768,0.00,281509888
2026-09-10T00:31:59Z,1789000319403,28.77,28.72,23.00,2.25,74.24,5351,5771,0.00,281444352
2026-09-10T00:32:00Z,1789000320445,28.78,28.73,23.00,2.74,74.47,5343,5765,0.00,826507264
2026-09-10T00:32:01Z,1789000321510,28.80,28.77,23.00,2.70,74.07,5342,5786,0.00,514228224
2026-09-10T00:32:02Z,1789000322568,28.83,28.80,23.00,2.84,74.09,5350,5772,0.00,513720320
2026-09-10T00:32:03Z,1789000323657,28.83,28.77,23.00,2.53,73.71,5353,5783,0.00,281755648
2026-09-10T00:32:04Z,1789000324745,28.83,28.73,23.00,2.60,73.78,5359,5774,0.00,281477120
2026-09-10T00:32:05Z,1789000325779,28.83,28.77,23.00,2.63,73.74,5347,5773,0.00,517341184
2026-09-10T00:32:06Z,1789000326837,28.86,28.91,22.94,3.36,74.62,5354,5779,0.00,282476544
2026-09-10T00:32:07Z,1789000327877,28.91,28.89,22.94,3.12,74.32,5354,5774,0.00,280002560
2026-09-10T00:32:08Z,1789000328980,28.89,28.83,22.94,3.39,73.95,5351,5791,0.00,433537024
2026-09-10T00:32:10Z,1789000330078,28.88,28.73,22.94,2.69,73.25,5348,5776,0.00,281477120
2026-09-10T00:32:11Z,1789000331128,28.86,28.75,22.94,2.57,73.16,5348,5776,0.00,281477120
2026-09-10T00:32:12Z,1789000332202,28.88,28.78,22.94,3.87,74.75,5349,5791,0.00,281444352
2026-09-10T00:32:13Z,1789000333284,28.89,28.84,22.94,2.54,72.94,5347,5775,0.00,281477120
2026-09-10T00:32:14Z,1789000334311,28.86,28.92,22.94,2.63,72.76,5354,5776,0.00,281755648
2026-09-10T00:32:15Z,1789000335380,28.84,28.95,22.94,2.86,72.90,5342,5783,0.00,291799040
2026-09-10T00:32:16Z,1789000336419,28.83,28.91,22.94,2.98,72.73,5352,5769,0.00,604110848
2026-09-10T00:32:17Z,1789000337478,28.83,28.83,22.94,2.54,72.26,5345,5776,0.00,281755648
2026-09-10T00:32:18Z,1789000338551,28.81,28.72,22.94,2.70,72.47,5348,5783,0.00,281477120
2026-09-10T00:32:19Z,1789000339625,28.80,28.66,22.94,2.65,72.25,5343,5781,0.00,294076416
2026-09-10T00:32:20Z,1789000340711,28.78,28.64,22.94,2.73,72.17,5353,5777,0.00,294076416
2026-09-10T00:32:21Z,1789000341792,28.77,28.58,22.94,2.34,71.89,5346,5789,0.00,291766272
2026-09-10T00:32:22Z,1789000342832,28.75,28.56,22.94,2.79,72.18,5356,5768,0.00,281411584
2026-09-10T00:32:23Z,1789000343908,28.75,28.64,22.88,2.75,72.31,5347,5775,0.00,281411584
2026-09-10T00:32:24Z,1789000344937,28.77,28.64,22.88,2.95,72.91,5348,5777,0.00,279904256
2026-09-10T00:32:25Z,1789000345996,28.66,28.56,22.88,2.55,71.25,5348,5781,0.00,279904256
2026-09-10T00:32:27Z,1789000347070,28.52,28.25,22.88,1.02,69.77,5355,5779,0.00,23166976
2026-09-10T00:32:28Z,1789000348129,28.41,28.09,22.88,1.25,69.68,5351,5780,0.00,289849344
2026-09-10T00:32:29Z,1789000349155,28.36,28.08,22.88,0.82,69.17,5350,5770,0.00,281477120
2026-09-10T00:32:30Z,1789000350183,28.30,27.88,22.88,0.87,69.33,5351,5774,0.00,279216128
2026-09-10T00:32:31Z,1789000351260,28.27,27.98,22.88,1.05,69.51,5351,5781,0.00,575143936
2026-09-10T00:32:32Z,1789000352344,28.19,27.86,22.88,0.90,69.11,5353,5761,0.00,279248896
2026-09-10T00:32:33Z,1789000353403,28.12,27.75,22.88,0.83,69.06,5356,5793,0.00,281477120
2026-09-10T00:32:34Z,1789000354494,28.05,27.67,22.88,0.83,69.10,5340,5782,0.00,281477120
2026-09-10T00:32:35Z,1789000355546,27.98,27.61,22.88,0.78,68.94,5343,5777,0.00,280379392
2026-09-10T00:32:36Z,1789000356621,27.94,27.53,22.88,0.80,69.01,5352,5776,0.00,278888448
2026-09-10T00:32:37Z,1789000357665,27.91,27.47,22.88,0.96,68.84,5348,5773,0.00,280166400
2026-09-10T00:32:38Z,1789000358758,27.88,27.42,22.88,0.96,69.04,5354,5778,0.00,278659072
2026-09-10T00:32:39Z,1789000359845,27.88,27.41,22.88,0.86,68.69,5352,5777,0.00,278102016
2026-09-10T00:32:40Z,1789000360952,27.86,27.38,22.88,0.83,68.46,5350,5782,0.00,430899200
2026-09-10T00:32:42Z,1789000362017,27.84,27.36,22.88,0.87,68.52,5352,5782,0.00,278691840
2026-09-10T00:32:43Z,1789000363123,27.83,27.38,22.88,0.78,68.28,5355,5771,0.00,279822336
2026-09-10T00:32:44Z,1789000364182,27.81,27.36,22.88,0.73,68.00,5353,5773,0.00,278265856
2026-09-10T00:32:45Z,1789000365230,27.77,27.36,22.88,0.80,67.92,5342,5784,0.00,432275456
2026-09-10T00:32:46Z,1789000366260,27.75,27.34,22.88,1.17,68.42,5347,5779,0.00,598605824
2026-09-10T00:32:47Z,1789000367313,27.73,27.38,22.88,0.90,67.92,5348,5788,0.00,278134784
2026-09-10T00:32:48Z,1789000368369,27.69,27.36,22.81,0.74,67.71,5356,5784,0.00,279085056
2026-09-10T00:32:49Z,1789000369409,27.66,27.36,22.81,0.99,67.94,5347,5770,0.00,278724608
2026-09-10T00:32:50Z,1789000370492,27.61,27.36,22.81,0.74,67.48,5349,5770,0.00,278691840
2026-09-10T00:32:51Z,1789000371547,27.56,27.34,22.81,0.84,67.57,5345,5771,0.00,278691840
2026-09-10T00:32:52Z,1789000372608,27.53,27.34,22.81,0.72,67.46,5347,5772,0.00,278691840
2026-09-10T00:32:53Z,1789000373708,27.47,27.34,22.81,0.80,67.42,5348,5784,0.00,280133632
2026-09-10T00:32:54Z,1789000374760,27.45,27.34,22.81,0.81,67.49,5355,5775,0.00,278724608
2026-09-10T00:32:55Z,1789000375868,27.42,27.34,22.81,0.84,67.23,5341,5771,0.00,278691840
2026-09-10T00:32:56Z,1789000376917,27.41,27.42,22.81,0.77,67.15,5347,5771,0.00,280133632
2026-09-10T00:32:58Z,1789000378002,27.53,27.58,22.81,2.48,69.02,5355,5778,0.00,280920064
2026-09-10T00:32:59Z,1789000379047,27.45,27.44,22.81,0.83,66.99,5337,5780,0.00,278724608
2026-09-10T00:33:00Z,1789000380125,27.42,27.38,22.81,0.73,67.01,5349,5778,0.00,527187968
2026-09-10T00:33:01Z,1789000381188,27.41,27.38,22.81,1.08,67.33,5349,5777,0.00,818528256
2026-09-10T00:33:02Z,1789000382283,27.41,27.36,22.81,1.19,67.41,5346,5776,0.00,513327104
2026-09-10T00:33:03Z,1789000383329,27.39,27.34,22.75,0.74,66.70,5350,5782,0.00,278921216
2026-09-10T00:33:04Z,1789000384421,27.38,27.34,22.75,0.77,66.57,5348,5774,0.00,278724608
2026-09-10T00:33:05Z,1789000385502,27.38,27.34,22.75,0.91,66.65,5354,5779,0.00,278691840
2026-09-10T00:33:06Z,1789000386564,27.38,27.34,22.75,0.88,66.49,5347,5773,0.00,280920064
2026-09-10T00:33:07Z,1789000387601,27.36,27.33,22.75,1.04,66.49,5347,5778,0.00,281133056
2026-09-10T00:33:08Z,1789000388647,27.36,27.33,22.75,0.87,66.40,5340,5774,0.00,281640960
2026-09-10T00:33:09Z,1789000389748,27.34,27.33,22.75,0.79,66.13,5359,5773,0.00,431538176
2026-09-10T00:33:10Z,1789000390796,27.33,27.33,22.75,0.84,66.09,5342,5773,0.00,279298048
2026-09-10T00:33:11Z,1789000391853,27.31,27.33,22.75,0.83,65.92,5352,5782,0.00,278691840
2026-09-10T00:33:12Z,1789000392945,27.30,27.34,22.75,0.85,65.80,5345,5774,0.00,279298048
2026-09-10T00:33:14Z,1789000394029,27.30,27.34,22.75,0.70,65.50,5354,5790,0.00,280952832
2026-09-10T00:33:15Z,1789000395096,27.28,27.33,22.75,0.88,65.75,5344,5783,0.00,281493504
2026-09-10T00:33:16Z,1789000396193,27.27,27.39,22.75,1.01,65.84,5348,5791,0.00,603553792
2026-09-10T00:33:17Z,1789000397246,27.25,27.36,22.69,0.87,65.59,5356,5782,0.00,281493504
2026-09-10T00:33:18Z,1789000398353,27.22,27.33,22.75,0.79,65.63,5339,5770,0.00,278724608
2026-09-10T00:33:19Z,1789000399396,27.19,27.30,22.69,0.80,65.67,5346,5784,0.00,281722880
2026-09-10T00:33:20Z,1789000400478,27.17,27.30,22.75,0.98,65.61,5350,5778,0.00,280952832
2026-09-10T00:33:21Z,1789000401520,27.16,27.30,22.69,0.81,65.39,5357,5780,0.00,281657344
2026-09-10T00:33:22Z,1789000402557,27.12,27.30,22.69,0.77,65.41,5353,5779,0.00,278724608
2026-09-10T00:33:23Z,1789000403648,27.08,27.30,22.69,0.75,65.29,5347,5776,0.00,281690112
2026-09-10T00:33:24Z,1789000404734,27.00,27.27,22.69,0.74,65.19,5347,5772,0.00,278659072
2026-09-10T00:33:25Z,1789000405771,27.00,27.25,22.69,0.87,65.17,5359,5773,0.00,279494656
2026-09-10T00:33:26Z,1789000406837,26.97,27.22,22.69,0.75,64.94,5346,5769,0.00,289783808
2026-09-10T00:33:27Z,1789000407919,26.97,27.20,22.69,0.81,64.85,5331,5778,0.00,291979264
2026-09-10T00:33:28Z,1789000408958,26.95,27.08,22.69,0.72,64.63,5344,5782,0.00,291946496
2026-09-10T00:33:29Z,1789000409986,26.95,27.09,22.69,0.73,64.64,5347,5768,0.00,291979264
2026-09-10T00:33:31Z,1789000411049,26.95,27.20,22.69,0.84,64.68,5343,5774,0.00,586661888
2026-09-10T00:33:32Z,1789000412137,26.94,27.22,22.69,1.22,64.98,5349,5772,0.00,278724608
2026-09-10T00:33:33Z,1789000413212,26.94,27.12,22.69,0.70,12.28,5344,5777,0.00,289783808
2026-09-10T00:33:34Z,1789000414294,26.94,27.11,22.69,0.79,12.98,5349,5775,0.00,291979264
2026-09-10T00:33:35Z,1789000415326,26.94,27.11,22.69,1.14,12.59,5353,5771,0.00,291979264
2026-09-10T00:33:36Z,1789000416425,26.94,27.16,22.69,0.82,12.42,5345,5771,0.00,278724608
2026-09-10T00:33:37Z,1789000417452,26.94,27.16,22.69,0.88,12.44,5348,5775,0.00,279429120
2026-09-10T00:33:38Z,1789000418497,26.94,27.12,22.62,0.77,12.41,5351,5769,0.00,278691840
2026-09-10T00:33:39Z,1789000419585,26.92,27.08,22.62,0.98,12.97,5346,5774,0.00,289751040
2026-09-10T00:33:40Z,1789000420625,26.92,27.09,22.62,0.90,12.62,5346,5768,0.00,280920064
2026-09-10T00:33:41Z,1789000421709,26.92,27.02,22.62,0.77,12.49,5343,5778,0.00,279429120
2026-09-10T00:33:42Z,1789000422797,26.92,26.89,22.62,0.69,12.36,5345,5793,0.00,278724608
2026-09-10T00:33:43Z,1789000423838,26.92,26.95,22.62,0.70,12.39,5345,5788,0.00,279429120
2026-09-10T00:33:44Z,1789000424925,26.92,26.91,22.62,0.70,12.32,5352,5780,0.00,278691840
2026-09-10T00:33:46Z,1789000426009,26.91,26.92,22.62,0.67,12.30,5338,5779,0.00,601964544
2026-09-10T00:33:47Z,1789000427075,26.92,26.86,22.62,1.08,12.80,5353,5781,0.00,280068096
2026-09-10T00:33:48Z,1789000428158,26.92,26.73,22.62,0.71,12.38,5346,5781,0.00,279429120
2026-09-10T00:33:49Z,1789000429250,26.92,26.64,22.62,0.74,12.48,5348,5773,0.00,278790144
2026-09-10T00:33:50Z,1789000430347,26.91,26.52,22.62,0.76,12.48,5346,5774,0.00,279527424
2026-09-10T00:33:51Z,1789000431427,26.91,26.55,22.56,0.96,12.65,5341,5775,0.00,278724608
2026-09-10T00:33:52Z,1789000432468,26.91,26.66,22.56,0.69,12.29,5343,5778,0.00,279461888
2026-09-10T00:33:53Z,1789000433562,26.91,26.70,22.56,0.71,12.28,5353,5778,0.00,280952832
2026-09-10T00:33:54Z,1789000434637,26.89,26.52,22.56,0.72,12.36,5350,5772,0.00,281657344
2026-09-10T00:33:55Z,1789000435707,26.86,26.44,22.56,0.71,12.38,5350,5767,0.00,280920064
2026-09-10T00:33:56Z,1789000436786,26.84,26.72,22.56,0.83,12.43,5354,5790,0.00,281657344
2026-09-10T00:33:57Z,1789000437825,26.83,26.50,22.56,0.77,12.37,5349,5779,0.00,280920064
2026-09-10T00:33:58Z,1789000438911,26.78,26.38,22.56,0.72,12.42,5350,5775,0.00,281690112
2026-09-10T00:34:00Z,1789000440002,26.77,26.33,22.56,0.77,12.44,5344,5778,0.00,280985600
2026-09-10T00:34:01Z,1789000441083,26.78,26.56,22.56,0.79,12.50,5358,5783,0.00,825704448
2026-09-10T00:34:02Z,1789000442140,26.86,26.88,22.56,2.92,14.87,5350,5783,0.00,511164416
2026-09-10T00:34:03Z,1789000443176,26.84,26.56,22.56,0.95,12.54,5345,5776,0.00,279298048
2026-09-10T00:34:04Z,1789000444248,26.80,26.39,22.50,0.73,12.41,5343,5779,0.00,278724608
2026-09-10T00:34:05Z,1789000445314,26.77,26.27,22.50,0.75,12.41,5349,5781,0.00,281460736
2026-09-10T00:34:06Z,1789000446399,26.73,26.20,22.50,0.87,12.63,5348,5781,0.00,280920064
2026-09-10T00:34:07Z,1789000447424,26.72,26.14,22.50,0.87,12.45,5353,5780,0.00,281493504
2026-09-10T00:34:08Z,1789000448505,26.70,26.12,22.50,0.79,12.45,5347,5770,0.00,278724608
2026-09-10T00:34:09Z,1789000449598,26.67,26.05,22.50,0.73,12.38,5347,5777,0.00,279265280
2026-09-10T00:34:10Z,1789000450679,26.62,26.00,22.50,0.72,12.34,5345,5770,0.00,278822912
2026-09-10T00:34:11Z,1789000451746,26.58,26.22,22.50,0.73,12.38,5357,5782,0.00,279298048
2026-09-10T00:34:12Z,1789000452816,26.58,26.17,22.50,0.95,12.62,5347,5775,0.00,278724608
2026-09-10T00:34:13Z,1789000453904,26.56,26.08,22.50,0.77,12.38,5350,5782,0.00,279904256
2026-09-10T00:34:14Z,1789000454996,26.53,26.00,22.50,0.90,12.53,5345,5771,0.00,278953984
2026-09-10T00:34:16Z,1789000456064,26.52,25.95,22.44,0.72,12.35,5351,5771,0.00,603471872
2026-09-10T00:34:17Z,1789000457155,26.50,26.03,22.44,1.02,12.74,5352,5770,0.00,278888448
2026-09-10T00:34:18Z,1789000458189,26.48,25.92,22.44,0.71,12.32,5344,5779,0.00,279494656
2026-09-10T00:34:19Z,1789000459260,26.47,25.83,22.44,0.73,12.33,5344,5777,0.00,278953984
2026-09-10T00:34:20Z,1789000460308,26.47,25.80,22.44,0.80,12.66,5360,5777,0.00,281657344
2026-09-10T00:34:21Z,1789000461380,26.47,25.98,22.44,0.98,12.63,5337,5779,0.00,278953984
2026-09-10T00:34:22Z,1789000462473,26.45,25.89,22.44,0.81,12.57,5354,5765,0.00,280838144
2026-09-10T00:34:23Z,1789000463564,26.44,25.78,22.44,0.70,12.51,5351,5770,0.00,281149440
2026-09-10T00:34:24Z,1789000464618,26.44,25.78,22.44,0.86,12.51,5361,5781,0.00,281690112
2026-09-10T00:34:25Z,1789000465662,26.44,25.75,22.38,0.75,12.42,5349,5779,0.00,281116672
2026-09-10T00:34:26Z,1789000466711,26.42,25.75,22.38,0.75,12.34,5350,5778,0.00,279478272
2026-09-10T00:34:27Z,1789000467753,26.42,25.73,22.38,0.76,12.42,5347,5778,0.00,280313856
2026-09-10T00:34:28Z,1789000468788,26.41,25.72,22.38,0.69,12.37,5340,5778,0.00,281870336
2026-09-10T00:34:29Z,1789000469874,26.41,25.72,22.38,0.69,12.36,5355,5766,0.00,278904832
2026-09-10T00:34:30Z,1789000470934,26.39,25.80,22.38,0.69,12.38,5345,5775,0.00,576159744
2026-09-10T00:34:31Z,1789000471998,26.39,25.77,22.38,1.00,12.83,5352,5776,0.00,281133056
2026-09-10T00:34:33Z,1789000473078,26.38,25.73,22.38,0.78,12.40,5352,5782,0.00,279445504
2026-09-10T00:34:34Z,1789000474149,26.36,25.73,22.38,0.68,12.36,5348,5777,0.00,278904832
2026-09-10T00:34:35Z,1789000475220,26.34,25.72,22.38,0.76,12.40,5351,5773,0.00,281640960
2026-09-10T00:34:36Z,1789000476265,26.34,25.72,22.38,0.95,12.71,5350,5788,0.00,281133056
2026-09-10T00:34:37Z,1789000477319,26.34,25.72,22.38,0.97,12.60,5357,5778,0.00,279445504
2026-09-10T00:34:38Z,1789000478404,26.33,25.72,22.38,0.71,12.35,5350,5778,0.00,278904832
2026-09-10T00:34:39Z,1789000479449,26.28,25.72,22.31,0.91,12.61,5348,5783,0.00,279445504
2026-09-10T00:34:40Z,1789000480499,26.28,25.72,22.31,0.78,12.63,5346,5773,0.00,278872064
2026-09-10T00:34:41Z,1789000481591,26.28,25.72,22.31,0.95,12.61,5349,5773,0.00,281640960
2026-09-10T00:34:42Z,1789000482644,26.27,25.72,22.31,0.84,12.61,5350,5792,0.00,281100288
2026-09-10T00:34:43Z,1789000483732,26.22,25.72,22.31,0.68,12.41,5351,5775,0.00,281640960
2026-09-10T00:34:44Z,1789000484800,26.19,25.72,22.31,0.79,12.59,5352,5766,0.00,278904832
2026-09-10T00:34:45Z,1789000485844,26.16,25.72,22.31,0.76,12.48,5341,5788,0.00,601128960
2026-09-10T00:34:46Z,1789000486928,26.16,25.75,22.31,0.97,12.80,5357,5769,0.00,598736896
2026-09-10T00:34:48Z,1789000488085,26.14,25.75,22.31,0.76,12.58,5351,5776,0.00,280690688
2026-09-10T00:34:49Z,1789000489115,26.12,25.72,22.31,0.81,12.67,5350,5777,0.00,278904832
2026-09-10T00:34:50Z,1789000490166,26.11,25.72,22.31,0.69,12.35,5345,5784,0.00,280887296
2026-09-10T00:34:51Z,1789000491246,26.09,25.72,22.25,0.81,12.65,5351,5772,0.00,278904832
2026-09-10T00:34:52Z,1789000492315,26.06,25.72,22.25,0.73,12.60,5347,5780,0.00,281640960
2026-09-10T00:34:53Z,1789000493411,26.05,25.72,22.25,0.97,12.69,5354,5788,0.00,281133056
2026-09-10T00:34:54Z,1789000494472,26.03,25.72,22.25,0.72,12.42,5352,5770,0.00,279445504
2026-09-10T00:34:55Z,1789000495552,26.02,25.72,22.25,0.78,12.54,5345,5773,0.00,278904832
2026-09-10T00:34:56Z,1789000496594,26.00,25.72,22.25,0.81,12.48,5338,5772,0.00,280887296
2026-09-10T00:34:57Z,1789000497689,26.00,25.72,22.25,0.73,12.38,5352,5783,0.00,281100288
2026-09-10T00:34:58Z,1789000498772,25.97,25.72,22.25,0.79,12.45,5340,5773,0.00,278396928
2026-09-10T00:34:59Z,1789000499850,25.95,25.72,22.25,0.71,12.52,5365,5781,0.00,248315904
2026-09-10T00:35:00Z,1789000500884,25.95,25.73,22.25,0.79,12.71,5359,5765,0.00,825622528
2026-09-10T00:35:01Z,1789000501939,25.95,25.72,22.19,0.87,12.43,5346,5782,0.00,511459328
2026-09-10T00:35:02Z,1789000502992,25.94,25.72,22.19,0.75,12.47,5351,5774,0.00,511180800
2026-09-10T00:35:04Z,1789000504019,25.92,25.72,22.19,0.93,12.66,5344,5772,0.00,278904832
2026-09-10T00:35:05Z,1789000505085,26.06,26.00,22.19,2.39,14.51,5351,5767,0.00,279478272
2026-09-10T00:35:06Z,1789000506134,26.02,25.83,22.19,0.87,12.52,5344,5772,0.00,281133056
2026-09-10T00:35:07Z,1789000507182,25.97,25.75,22.19,0.89,12.46,5348,5780,0.00,279478272
2026-09-10T00:35:08Z,1789000508287,25.95,25.73,22.19,0.94,12.60,5345,5769,0.00,281133056
2026-09-10T00:35:09Z,1789000509362,25.92,25.72,22.19,0.77,12.45,5351,5772,0.00,279478272
2026-09-10T00:35:10Z,1789000510444,25.92,25.72,22.19,0.71,12.37,5352,5774,0.00,280215552
2026-09-10T00:35:11Z,1789000511484,25.89,25.72,22.19,0.72,12.35,5348,5785,0.00,279478272
2026-09-10T00:35:12Z,1789000512566,25.86,25.72,22.19,0.80,12.57,5353,5778,0.00,281133056
2026-09-10T00:35:13Z,1789000513637,25.84,25.73,22.19,0.92,12.66,5352,5777,0.00,279445504
2026-09-10T00:35:14Z,1789000514686,25.84,25.72,22.19,0.71,12.38,5340,5777,0.00,278904832
2026-09-10T00:35:15Z,1789000515732,25.78,25.72,22.19,0.65,12.31,5349,5774,0.00,279478272
2026-09-10T00:35:16Z,1789000516807,25.78,25.73,22.12,0.99,12.71,5342,5776,0.00,600358912
2026-09-10T00:35:17Z,1789000517894,25.77,25.72,22.12,0.69,12.45,5340,5772,0.00,279445504
2026-09-10T00:35:18Z,1789000518978,25.75,25.72,22.12,0.77,12.49,5356,5774,0.00,248315904
2026-09-10T00:35:20Z,1789000520060,25.72,25.72,22.12,0.73,12.41,5356,5780,0.00,280887296
2026-09-10T00:35:21Z,1789000521093,25.69,25.72,22.12,0.67,12.34,5344,5790,0.00,281772032
2026-09-10T00:35:22Z,1789000522174,25.69,25.72,22.12,0.65,12.30,5346,5765,0.00,291586048
2026-09-10T00:35:23Z,1789000523264,25.64,25.72,22.12,0.80,12.46,5351,5778,0.00,278872064
2026-09-10T00:35:24Z,1789000524344,25.64,25.70,22.12,0.70,12.24,5349,5784,0.00,281509888
2026-09-10T00:35:25Z,1789000525419,25.62,25.70,22.12,0.69,12.30,5348,5778,0.00,284672000
2026-09-10T00:35:26Z,1789000526481,25.59,25.70,22.12,0.69,12.31,5344,5779,0.00,291487744
2026-09-10T00:35:27Z,1789000527530,25.59,25.70,22.12,0.66,12.36,5348,5776,0.00,281100288
2026-09-10T00:35:28Z,1789000528568,25.58,25.70,22.06,0.71,12.38,5352,5783,0.00,281509888
2026-09-10T00:35:29Z,1789000529628,25.56,25.70,22.06,0.68,12.33,5346,5767,0.00,278904832
2026-09-10T00:35:30Z,1789000530716,25.56,25.70,22.06,0.85,12.62,5346,5778,0.00,586170368
2026-09-10T00:35:31Z,1789000531776,25.58,25.72,22.06,0.97,12.80,5354,5779,0.00,292061184
2026-09-10T00:35:32Z,1789000532809,25.61,25.77,22.06,1.96,13.87,5350,5775,0.00,279281664
2026-09-10T00:35:33Z,1789000533863,25.61,25.73,22.06,0.80,12.42,5355,5776,0.00,248315904
2026-09-10T00:35:34Z,1789000534945,25.58,25.72,22.06,0.98,12.63,5350,5783,0.00,23166976
2026-09-10T00:35:36Z,1789000536028,25.58,25.70,22.06,1.19,12.73,5351,5771,0.00,290865152
2026-09-10T00:35:37Z,1789000537102,25.58,25.70,22.06,0.73,12.46,5358,5779,0.00,279478272
2026-09-10T00:35:38Z,1789000538191,25.56,25.70,22.06,0.78,12.41,5355,5774,0.00,278904832
2026-09-10T00:35:39Z,1789000539276,25.56,25.70,22.06,0.96,12.64,5352,5786,0.00,279642112
2026-09-10T00:35:40Z,1789000540335,25.55,25.70,22.00,0.68,12.32,5348,5766,0.00,275759104
2026-09-10T00:35:41Z,1789000541406,25.55,25.70,22.00,0.84,12.52,5350,5771,0.00,277610496
2026-09-10T00:35:42Z,1789000542476,25.53,25.70,22.00,0.94,12.84,5348,5788,0.00,276807680
2026-09-10T00:35:43Z,1789000543573,25.53,25.70,22.00,0.88,12.75,5352,5779,0.00,277544960
2026-09-10T00:35:44Z,1789000544628,25.53,25.70,22.00,0.85,12.59,5340,5782,0.00,276905984
2026-09-10T00:35:45Z,1789000545701,25.53,25.70,22.00,0.67,12.42,5349,5778,0.00,279003136
2026-09-10T00:35:46Z,1789000546771,25.53,25.70,22.00,1.03,12.72,5353,5776,0.00,597852160
2026-09-10T00:35:47Z,1789000547810,25.53,25.70,22.00,0.78,12.51,5349,5789,0.00,279035904
2026-09-10T00:35:48Z,1789000548903,25.53,25.69,22.00,0.71,12.34,5346,5772,0.00,277577728
2026-09-10T00:35:50Z,1789000550002,25.52,25.69,22.00,0.97,12.80,5346,5776,0.00,277151744
2026-09-10T00:35:51Z,1789000551081,25.52,25.70,22.00,0.69,12.39,5346,5776,0.00,428933120
2026-09-10T00:35:52Z,1789000552168,25.52,25.69,22.00,0.69,12.47,5349,5770,0.00,277086208
2026-09-10T00:35:53Z,1789000553257,25.52,25.69,22.00,0.80,12.38,5353,5780,0.00,441729024
2026-09-10T00:35:54Z,1789000554340,25.52,25.69,22.00,0.85,12.54,5347,5776,0.00,289669120
2026-09-10T00:35:55Z,1789000555441,25.52,25.67,22.00,0.69,12.37,5350,5777,0.00,431128576
2026-09-10T00:35:56Z,1789000556519,25.52,25.66,21.94,0.73,12.38,5354,5770,0.00,279379968
2026-09-10T00:35:57Z,1789000557601,25.52,25.67,21.94,1.02,12.84,5342,5783,0.00,438681600
2026-09-10T00:35:58Z,1789000558668,25.52,25.67,21.94,0.66,12.38,5341,5775,0.00,277151744
2026-09-10T00:35:59Z,1789000559750,25.52,25.67,21.94,0.78,12.61,5348,5774,0.00,431128576
2026-09-10T00:36:00Z,1789000560809,25.52,25.69,21.94,0.80,12.70,5343,5771,0.00,824524800
2026-09-10T00:36:01Z,1789000561876,25.52,25.69,21.94,0.96,12.64,5359,5774,0.00,660848640
2026-09-10T00:36:02Z,1789000562929,25.50,25.67,21.94,0.87,12.57,5355,5794,0.00,521437184
2026-09-10T00:36:04Z,1789000564011,25.50,25.67,21.94,0.75,12.52,5338,5775,0.00,428900352
2026-09-10T00:36:05Z,1789000565068,25.50,25.66,21.94,0.79,12.54,5346,5771,0.00,279379968
2026-09-10T00:36:06Z,1789000566118,25.48,25.62,21.94,0.79,12.45,5349,5774,0.00,431161344
2026-09-10T00:36:07Z,1789000567141,25.48,25.59,21.94,1.09,13.01,5350,5776,0.00,289669120
2026-09-10T00:36:08Z,1789000568204,25.48,25.61,21.88,2.28,14.44,5350,5777,0.00,441155584
2026-09-10T00:36:09Z,1789000569239,25.55,25.88,21.88,0.72,12.49,5342,5778,0.00,277413888
2026-09-10T00:36:10Z,1789000570303,25.53,25.75,21.88,0.78,12.36,5348,5765,0.00,432488448
2026-09-10T00:36:11Z,1789000571331,25.50,25.69,21.88,0.67,12.35,5349,5797,0.00,289669120
2026-09-10T00:36:12Z,1789000572414,25.50,25.67,21.88,0.78,12.51,5359,5771,0.00,441450496
2026-09-10T00:36:13Z,1789000573509,25.50,25.67,21.88,0.72,12.34,5347,5773,0.00,277151744
2026-09-10T00:36:14Z,1789000574584,25.48,25.64,21.88,0.71,12.38,5350,5784,0.00,430342144
2026-09-10T00:36:15Z,1789000575614,25.47,25.66,21.88,0.91,12.63,5356,5778,0.00,279379968
2026-09-10T00:36:16Z,1789000576654,25.48,25.66,21.88,0.93,12.72,5348,5776,0.00,750714880
2026-09-10T00:36:17Z,1789000577721,25.47,25.59,21.88,0.74,12.38,5354,5777,0.00,289669120
2026-09-10T00:36:18Z,1789000578805,25.47,25.59,21.88,1.06,12.91,5348,5783,0.00,429244416
2026-09-10T00:36:19Z,1789000579865,25.45,25.62,21.81,1.04,12.79,5353,5766,0.00,429195264
2026-09-10T00:36:20Z,1789000580894,25.44,25.61,21.88,0.85,12.49,5349,5787,0.00,276316160
2026-09-10T00:36:21Z,1789000581931,25.44,25.61,21.81,0.70,12.35,5350,5773,0.00,289193984
2026-09-10T00:36:22Z,1789000582964,25.44,25.62,21.81,0.83,12.52,5350,5774,0.00,289193984
2026-09-10T00:36:24Z,1789000584008,25.42,25.61,21.81,0.68,12.34,5347,5768,0.00,289193984
2026-09-10T00:36:25Z,1789000585064,25.42,25.62,21.81,0.68,12.35,5359,5781,0.00,289193984
2026-09-10T00:36:26Z,1789000586139,25.41,25.59,21.81,0.89,12.58,5351,5779,0.00,276316160
2026-09-10T00:36:27Z,1789000587187,25.41,25.53,21.81,0.66,12.39,5336,5775,0.00,288260096
2026-09-10T00:36:28Z,1789000588243,25.38,25.48,21.81,0.68,12.34,5357,5782,0.00,289193984
2026-09-10T00:36:29Z,1789000589314,25.36,25.45,21.81,0.66,12.30,5346,5767,0.00,289193984
2026-09-10T00:36:30Z,1789000590410,25.33,25.44,21.81,0.82,12.43,5354,5772,0.00,570802176
2026-09-10T00:36:31Z,1789000591492,25.33,25.45,21.81,0.90,12.61,5350,5775,0.00,276316160
2026-09-10T00:36:32Z,1789000592565,25.33,25.41,21.81,0.73,12.37,5346,5778,0.00,286916608
2026-09-10T00:36:33Z,1789000593643,25.28,25.39,21.75,0.68,12.33,5345,5772,0.00,278593536
2026-09-10T00:36:34Z,1789000594726,25.28,25.36,21.75,1.02,12.68,5347,5787,0.00,276676608
2026-09-10T00:36:35Z,1789000595776,25.31,25.53,21.75,1.26,13.61,5340,5773,0.00,248315904
2026-09-10T00:36:36Z,1789000596851,25.34,25.53,21.75,1.39,14.44,5343,5774,0.00,287653888
2026-09-10T00:36:37Z,1789000597940,25.33,25.52,21.75,0.94,12.52,5347,5780,0.00,276594688
2026-09-10T00:36:39Z,1789000599008,25.27,25.44,21.75,0.76,12.39,5343,5782,0.00,276758528
2026-09-10T00:36:40Z,1789000600051,25.27,25.39,21.75,0.67,12.32,5354,5771,0.00,276561920
2026-09-10T00:36:41Z,1789000601108,25.23,25.38,21.75,0.80,12.52,5342,5781,0.00,276561920
2026-09-10T00:36:42Z,1789000602167,25.22,25.28,21.75,0.69,12.37,5348,5772,0.00,287358976
2026-09-10T00:36:43Z,1789000603198,25.20,25.19,21.75,0.99,12.95,5343,5776,0.00,278003712
2026-09-10T00:36:44Z,1789000604264,25.22,25.28,21.75,0.69,12.55,5354,5773,0.00,276561920
2026-09-10T00:36:45Z,1789000605300,25.20,25.28,21.75,1.16,13.11,5343,5777,0.00,276529152
2026-09-10T00:36:46Z,1789000606392,25.22,25.38,21.69,1.04,12.66,5356,5774,0.00,601391104
2026-09-10T00:36:47Z,1789000607475,25.22,25.39,21.75,0.71,12.35,5346,5790,0.00,276561920
2026-09-10T00:36:48Z,1789000608577,25.22,25.39,21.69,0.69,12.36,5353,5764,0.00,278003712
2026-09-10T00:36:49Z,1789000609669,25.19,25.34,21.69,0.69,12.37,5352,5772,0.00,278790144
2026-09-10T00:36:50Z,1789000610756,25.16,25.28,21.69,0.68,12.37,5349,5788,0.00,278790144
2026-09-10T00:36:51Z,1789000611850,25.14,25.28,21.69,0.76,12.40,5347,5779,0.00,276529152
2026-09-10T00:36:52Z,1789000612915,25.14,25.23,21.69,0.66,12.37,5354,5774,0.00,278822912
2026-09-10T00:36:53Z,1789000613980,25.12,25.12,21.69,0.77,12.52,5351,5785,0.00,276594688
2026-09-10T00:36:55Z,1789000615017,25.11,25.11,21.69,0.75,12.43,5354,5781,0.00,278036480
2026-09-10T00:36:56Z,1789000616060,25.11,25.16,21.69,0.69,12.39,5341,5773,0.00,278790144
2026-09-10T00:36:57Z,1789000617106,25.09,25.05,21.69,0.78,12.47,5351,5781,0.00,276561920
2026-09-10T00:36:58Z,1789000618161,25.08,24.97,21.69,0.69,12.39,5349,5774,0.00,276594688
2026-09-10T00:36:59Z,1789000619206,25.08,24.95,21.69,0.72,12.34,5348,5777,0.00,278790144
2026-09-10T00:37:00Z,1789000620277,25.08,24.98,21.69,0.75,12.61,5347,5773,0.00,823836672
2026-09-10T00:37:01Z,1789000621363,25.09,25.08,21.69,1.05,12.63,5339,5773,0.00,527106048
2026-09-10T00:37:02Z,1789000622448,25.09,25.05,21.69,1.02,12.78,5350,5768,0.00,511164416
2026-09-10T00:37:03Z,1789000623506,25.08,25.03,21.62,0.70,12.38,5356,5769,0.00,276594688
2026-09-10T00:37:04Z,1789000624589,25.08,25.05,21.62,0.79,12.48,5343,5772,0.00,276561920
2026-09-10T00:37:05Z,1789000625655,25.08,25.06,21.62,0.68,12.34,5348,5771,0.00,276561920
2026-09-10T00:37:06Z,1789000626729,25.06,25.11,21.62,0.85,12.64,5352,5769,0.00,276594688
2026-09-10T00:37:07Z,1789000627814,25.06,25.08,21.62,0.93,12.60,5345,5774,0.00,276791296
2026-09-10T00:37:08Z,1789000628841,25.06,25.16,21.62,0.83,12.45,5347,5768,0.00,276627456
2026-09-10T00:37:09Z,1789000629927,25.06,25.16,21.62,0.74,12.35,5354,5784,0.00,276561920
2026-09-10T00:37:11Z,1789000631000,25.06,25.08,21.62,0.71,12.46,5355,5769,0.00,276594688
2026-09-10T00:37:12Z,1789000632062,25.09,25.45,21.62,1.25,13.03,5351,5780,0.00,276791296
2026-09-10T00:37:13Z,1789000633118,25.17,25.59,21.62,2.38,14.56,5351,5789,0.00,276627456
2026-09-10T00:37:14Z,1789000634153,25.11,25.42,21.62,0.74,12.37,5348,5777,0.00,276791296
2026-09-10T00:37:15Z,1789000635227,25.28,25.98,21.62,0.92,12.52,5351,5772,0.00,276627456
2026-09-10T00:37:16Z,1789000636320,25.19,25.69,21.62,1.23,13.07,5347,5782,0.00,596049920
2026-09-10T00:37:17Z,1789000637366,25.19,25.66,21.62,1.57,13.37,5354,5778,0.00,512491520
2026-09-10T00:37:18Z,1789000638402,25.19,25.56,21.62,1.02,12.68,5338,5778,0.00,276791296
2026-09-10T00:37:19Z,1789000639491,25.16,25.47,21.62,0.72,12.43,5356,5782,0.00,276594688
2026-09-10T00:37:20Z,1789000640553,25.12,25.44,21.62,0.91,12.69,5357,5780,0.00,276791296
2026-09-10T00:37:21Z,1789000641596,25.12,25.50,21.56,0.79,12.49,5349,5778,0.00,278855680
2026-09-10T00:37:22Z,1789000642633,25.09,25.48,21.56,0.71,12.36,5351,5775,0.00,276594688
2026-09-10T00:37:23Z,1789000643725,25.08,25.19,21.56,0.69,12.39,5347,5772,0.00,276594688
2026-09-10T00:37:24Z,1789000644814,25.06,25.17,21.56,0.78,12.51,5349,5775,0.00,278790144
2026-09-10T00:37:25Z,1789000645901,25.06,25.06,21.56,0.72,12.44,5343,5781,0.00,276594688
2026-09-10T00:37:26Z,1789000646981,25.06,25.02,21.56,0.88,12.55,5349,5770,0.00,276791296
2026-09-10T00:37:28Z,1789000648064,25.06,25.03,21.56,0.78,12.46,5354,5773,0.00,276561920
2026-09-10T00:37:29Z,1789000649128,25.06,25.02,21.56,0.68,12.35,5346,5790,0.00,276561920
2026-09-10T00:37:30Z,1789000650167,25.06,25.09,21.56,0.63,12.35,5350,5783,0.00,430571520
2026-09-10T00:37:31Z,1789000651254,25.05,25.27,21.56,0.88,12.60,5353,5779,0.00,722321408
2026-09-10T00:37:32Z,1789000652335,25.05,25.20,21.56,0.83,12.52,5354,5771,0.00,430850048
2026-09-10T00:37:33Z,1789000653419,25.05,25.06,21.56,0.67,12.34,5333,5773,0.00,428572672
2026-09-10T00:37:34Z,1789000654451,25.05,25.03,21.56,0.68,12.39,5351,5767,0.00,428621824
2026-09-10T00:37:35Z,1789000655493,25.05,24.97,21.56,0.78,12.49,5355,5785,0.00,428572672
2026-09-10T00:37:36Z,1789000656580,25.05,24.97,21.56,0.77,12.55,5349,5775,0.00,277004288
2026-09-10T00:37:37Z,1789000657620,25.05,24.97,21.56,1.18,12.93,5355,5780,0.00,279068672
2026-09-10T00:37:38Z,1789000658661,25.05,24.95,21.56,0.73,12.39,5350,5773,0.00,276250624
2026-09-10T00:37:39Z,1789000659702,25.05,24.97,21.50,0.80,12.50,5342,5787,0.00,276840448
2026-09-10T00:37:40Z,1789000660789,25.05,24.78,21.50,0.73,12.41,5349,5779,0.00,276250624
2026-09-10T00:37:41Z,1789000661833,25.05,24.75,21.50,0.77,12.47,5348,5777,0.00,277037056
2026-09-10T00:37:42Z,1789000662867,25.05,24.77,21.50,0.75,12.49,5344,5783,0.00,276283392
2026-09-10T00:37:43Z,1789000663939,25.05,24.66,21.50,0.70,12.54,5342,5774,0.00,277987328
2026-09-10T00:37:45Z,1789000665001,25.05,24.77,21.50,0.64,12.58,5352,5787,0.00,278495232
2026-09-10T00:37:46Z,1789000666081,25.05,24.88,21.50,0.92,12.68,5346,5770,0.00,599408640
2026-09-10T00:37:47Z,1789000667157,25.05,24.94,21.50,1.00,12.96,5355,5777,0.00,276250624
2026-09-10T00:37:48Z,1789000668188,25.05,24.77,21.50,0.80,12.61,5346,5779,0.00,276840448
2026-09-10T00:37:49Z,1789000669234,25.05,24.72,21.50,0.68,12.34,5350,5780,0.00,278495232
2026-09-10T00:37:50Z,1789000670320,25.05,24.56,21.50,0.72,12.43,5350,5768,0.00,276807680
2026-09-10T00:37:51Z,1789000671399,25.05,24.52,21.50,0.69,12.37,5345,5771,0.00,275496960
2026-09-10T00:37:52Z,1789000672499,25.05,24.53,21.50,0.81,12.49,5351,5783,0.00,279035904
2026-09-10T00:37:53Z,1789000673585,25.03,24.55,21.50,0.66,12.42,5349,5774,0.00,276545536
2026-09-10T00:37:54Z,1789000674645,25.03,24.53,21.50,0.71,12.43,5349,5773,0.00,276840448
2026-09-10T00:37:55Z,1789000675718,25.03,24.52,21.44,0.73,12.37,5346,5779,0.00,276250624
2026-09-10T00:37:56Z,1789000676791,25.03,24.55,21.44,0.74,12.45,5352,5773,0.00,279035904
2026-09-10T00:37:57Z,1789000677844,25.03,24.61,21.44,0.76,12.56,5351,5781,0.00,278495232
2026-09-10T00:37:58Z,1789000678867,25.03,24.61,21.44,0.90,12.60,5341,5776,0.00,276840448
2026-09-10T00:37:59Z,1789000679958,25.03,24.64,21.44,0.64,12.34,5343,5770,0.00,278806528
2026-09-10T00:38:01Z,1789000681010,25.03,24.70,21.44,0.73,12.51,5347,5775,0.08,821755904
2026-09-10T00:38:02Z,1789000682082,25.03,24.69,21.44,0.94,12.74,5344,5791,0.00,508624896
2026-09-10T00:38:03Z,1789000683231,25.03,24.62,21.44,0.74,12.34,5351,5787,0.00,276840448
2026-09-10T00:38:04Z,1789000684278,25.03,24.62,21.44,0.71,12.42,5341,5779,0.00,278675456
2026-09-10T00:38:05Z,1789000685321,25.03,24.70,21.44,0.89,12.63,5347,5779,0.00,278937600
2026-09-10T00:38:06Z,1789000686356,25.03,24.70,21.44,0.83,12.66,5348,5778,0.00,278675456
2026-09-10T00:38:07Z,1789000687379,25.03,24.67,21.44,0.99,12.72,5351,5780,0.00,279134208
2026-09-10T00:38:08Z,1789000688414,25.03,24.81,21.44,1.08,12.72,5351,5781,0.00,279805952
2026-09-10T00:38:09Z,1789000689462,25.03,24.73,21.44,0.66,12.33,5347,5780,0.00,279166976
2026-09-10T00:38:10Z,1789000690564,25.03,24.62,21.44,0.67,12.38,5349,5774,0.00,278413312
2026-09-10T00:38:11Z,1789000691646,25.02,24.73,21.44,0.70,12.38,5347,5777,0.00,279904256
2026-09-10T00:38:12Z,1789000692727,25.03,24.70,21.38,0.77,12.49,5353,5773,0.00,250413056
2026-09-10T00:38:13Z,1789000693784,25.03,24.62,21.44,0.82,12.50,5348,5781,0.00,279199744
2026-09-10T00:38:14Z,1789000694837,25.02,24.67,21.38,0.69,12.38,5356,5781,0.00,280657920
2026-09-10T00:38:15Z,1789000695921,25.05,25.28,21.38,0.70,12.38,5352,5787,0.00,612024320
2026-09-10T00:38:16Z,1789000696995,25.05,25.19,21.38,2.66,14.79,5350,5772,0.00,279003136
2026-09-10T00:38:18Z,1789000698079,25.03,24.97,21.38,0.77,12.54,5348,5781,0.00,278413312
2026-09-10T00:38:19Z,1789000699166,25.03,24.75,21.38,0.81,12.48,5353,5777,0.00,291553280
2026-09-10T00:38:20Z,1789000700201,25.03,24.55,21.38,0.70,12.40,5349,5774,0.00,291553280
2026-09-10T00:38:21Z,1789000701251,25.03,24.53,21.38,0.65,12.36,5341,5777,0.00,289292288
2026-09-10T00:38:22Z,1789000702288,25.02,24.50,21.38,0.63,12.33,5343,5774,0.00,280657920
2026-09-10T00:38:23Z,1789000703343,25.03,24.56,21.38,0.78,12.40,5352,5777,0.00,279003136
2026-09-10T00:38:24Z,1789000704441,25.03,24.41,21.38,0.71,12.38,5349,5773,0.00,289325056
2026-09-10T00:38:25Z,1789000705474,25.02,24.38,21.38,0.82,12.65,5356,5774,0.00,289325056
2026-09-10T00:38:26Z,1789000706506,25.02,24.78,21.38,3.41,17.21,5342,5784,0.00,279003136
2026-09-10T00:38:27Z,1789000707585,25.08,25.22,21.38,1.36,15.17,5353,5772,0.00,291061760
2026-09-10T00:38:28Z,1789000708673,25.06,25.19,21.38,1.36,14.87,5345,5768,0.00,290078720
2026-09-10T00:38:29Z,1789000709737,25.05,24.83,21.38,0.97,12.87,5355,5781,0.00,289325056
2026-09-10T00:38:30Z,1789000710806,25.05,24.77,21.38,0.68,12.38,5343,5777,0.00,584007680
2026-09-10T00:38:31Z,1789000711866,25.05,24.69,21.38,0.89,12.75,5350,5772,0.00,278970368
2026-09-10T00:38:32Z,1789000712950,25.05,24.59,21.38,0.70,12.43,5350,5772,0.00,280444928
2026-09-10T00:38:34Z,1789000714046,25.05,24.53,21.31,0.76,12.53,5350,5776,0.00,279003136
2026-09-10T00:38:35Z,1789000715120,25.03,24.53,21.31,0.67,12.40,5348,5786,0.00,281198592
2026-09-10T00:38:36Z,1789000716147,25.03,24.52,21.31,0.72,12.41,5351,5770,0.00,281198592
2026-09-10T00:38:37Z,1789000717236,25.03,24.61,21.31,0.89,12.50,5354,5775,0.00,279003136
2026-09-10T00:38:38Z,1789000718263,25.03,24.64,21.31,0.75,12.56,5341,5780,0.00,279281664
2026-09-10T00:38:39Z,1789000719366,25.05,26.59,21.31,7.88,19.03,0,0,0.95,93489348608
2026-09-10T00:38:40Z,1789000720452,33.39,29.98,21.31,119.77,131.68,0,0,1.00,93440245760
2026-09-10T00:38:41Z,1789000721529,49.47,30.28,21.31,133.46,132.88,0,0,1.00,93459300352
2026-09-10T00:38:42Z,1789000722568,56.03,33.84,21.31,114.28,122.08,0,0,0.16,93099491328
2026-09-10T00:38:43Z,1789000723601,52.97,35.55,21.31,97.01,117.57,0,0,0.06,88942133248
2026-09-10T00:38:44Z,1789000724624,52.16,36.80,21.31,97.08,127.95,0,0,0.59,93522313216
2026-09-10T00:38:45Z,1789000725698,53.62,38.17,21.31,113.48,123.86,0,0,1.00,93327507456
2026-09-10T00:38:46Z,1789000726752,66.16,42.97,21.31,129.15,130.88,0,0,1.00,93682499584
2026-09-10T00:38:47Z,1789000727820,63.73,44.67,21.31,116.02,123.70,0,0,0.06,93175496704
2026-09-10T00:38:48Z,1789000728851,62.33,45.91,21.31,97.00,122.29,0,0,0.29,88870780928
2026-09-10T00:38:49Z,1789000729933,62.56,47.02,21.31,95.30,126.30,0,0,0.06,88870322176
2026-09-10T00:38:50Z,1789000730974,64.81,48.41,21.31,95.49,126.97,0,0,1.00,93391093760
2026-09-10T00:38:52Z,1789000732016,72.36,50.47,21.31,117.30,124.38,0,0,1.00,93353033728
2026-09-10T00:38:53Z,1789000733065,74.77,52.53,21.31,130.48,130.83,0,0,1.00,93345529856
2026-09-10T00:38:54Z,1789000734139,73.47,54.20,21.31,106.97,119.97,0,0,0.10,93185228800
2026-09-10T00:38:55Z,1789000735198,71.52,55.39,21.31,96.88,128.03,0,0,0.26,89034293248
2026-09-10T00:38:56Z,1789000736259,71.16,56.59,21.31,97.04,129.54,0,0,0.16,89151766528
2026-09-10T00:38:57Z,1789000737296,74.09,57.81,21.31,113.40,122.40,0,0,1.00,93396762624
2026-09-10T00:38:58Z,1789000738319,78.19,59.38,21.31,104.37,121.38,0,0,1.00,93346430976
2026-09-10T00:38:59Z,1789000739391,80.19,60.80,21.31,102.37,119.21,0,0,0.81,93194371072
2026-09-10T00:39:00Z,1789000740461,79.16,62.19,21.31,95.30,125.55,0,0,0.28,93729603584
2026-09-10T00:39:01Z,1789000741542,78.22,63.39,21.31,97.68,129.33,0,0,0.02,89114361856
2026-09-10T00:39:02Z,1789000742626,78.66,64.53,21.25,98.12,130.47,0,0,0.42,93630234624
2026-09-10T00:39:03Z,1789000743696,80.83,65.69,21.31,107.81,120.34,0,0,1.00,93365960704
2026-09-10T00:39:04Z,1789000744746,85.94,67.86,21.31,96.23,116.75,0,0,1.00,93359374336
2026-09-10T00:39:05Z,1789000745816,86.27,69.08,21.31,97.60,117.77,0,0,0.65,93196353536
2026-09-10T00:39:06Z,1789000746899,85.39,70.27,21.31,94.99,123.63,0,0,0.12,88891572224
2026-09-10T00:39:07Z,1789000747985,85.95,71.22,21.31,99.08,131.21,0,0,0.08,88891375616
2026-09-10T00:39:09Z,1789000749020,86.42,72.19,21.31,99.22,131.87,0,0,0.51,93403955200
2026-09-10T00:39:10Z,1789000750088,89.95,73.09,21.31,101.53,122.62,0,0,1.00,93357899776
2026-09-10T00:39:11Z,1789000751173,91.06,73.80,21.31,91.08,115.56,1234,1305,1.00,93358407680
2026-09-10T00:39:12Z,1789000752248,92.11,74.52,21.31,90.72,115.83,1394,1533,0.66,93202595840
2026-09-10T00:39:13Z,1789000753297,90.52,75.17,21.31,99.34,130.65,1346,1462,0.23,88892080128
2026-09-10T00:39:14Z,1789000754321,90.73,75.73,21.31,100.44,131.64,1355,1454,0.08,88891080704
2026-09-10T00:39:15Z,1789000755390,90.98,76.33,21.31,94.76,124.65,1346,1459,0.53,93409312768
2026-09-10T00:39:16Z,1789000756461,92.50,76.75,21.31,97.25,117.54,1349,1460,1.00,93845471232
2026-09-10T00:39:17Z,1789000757545,93.47,76.98,21.31,89.63,116.37,1356,1461,1.00,93525114880
2026-09-10T00:39:18Z,1789000758619,94.31,77.27,21.31,93.77,116.87,1394,1501,0.81,93209559040
2026-09-10T00:39:19Z,1789000759675,93.47,77.70,21.31,90.99,120.78,1436,1554,0.43,88902172672
2026-09-10T00:39:20Z,1789000760710,93.08,78.88,21.31,101.67,132.55,1478,1590,0.09,88902156288
2026-09-10T00:39:21Z,1789000761761,92.95,80.02,21.31,99.27,130.63,1510,1645,0.29,93412245504
2026-09-10T00:39:22Z,1789000762848,95.50,79.66,21.38,96.16,118.93,1567,1687,1.00,93374513152
2026-09-10T00:39:23Z,1789000763874,96.38,79.64,21.38,87.90,113.84,1608,1743,1.00,93372874752
2026-09-10T00:39:24Z,1789000764958,96.97,79.80,21.38,90.70,116.52,1670,1811,1.00,93382393856
2026-09-10T00:39:25Z,1789000765988,94.92,80.05,21.38,91.32,113.78,1725,1859,0.10,93209051136
2026-09-10T00:39:27Z,1789000767071,95.02,80.36,21.38,94.38,128.46,1763,1908,0.17,88900796416
2026-09-10T00:39:28Z,1789000768106,95.00,80.58,21.38,99.59,130.61,1797,1962,0.07,88901500928
2026-09-10T00:39:29Z,1789000769186,90.73,83.08,21.38,97.16,127.35,1868,2020,0.00,89408159744
2026-09-10T00:39:30Z,1789000770207,91.47,83.47,21.38,101.40,124.79,1916,2070,1.00,93460774912
2026-09-10T00:39:31Z,1789000771252,97.28,81.02,21.44,109.76,129.72,1960,2121,1.00,93752836096
2026-09-10T00:39:32Z,1789000772307,99.41,80.88,21.44,102.39,127.27,2010,2164,0.66,93092167680
2026-09-10T00:39:33Z,1789000773368,97.36,80.97,21.44,104.87,134.92,2084,2244,0.14,88791154688
2026-09-10T00:39:34Z,1789000774398,96.77,81.09,21.44,105.03,135.39,2138,2306,0.17,88792154112
2026-09-10T00:39:35Z,1789000775449,96.58,81.25,21.44,100.83,123.43,2198,2373,0.99,93374595072
2026-09-10T00:39:36Z,1789000776480,97.91,81.17,21.44,94.66,118.73,2261,2441,1.00,93487169536
2026-09-10T00:39:37Z,1789000777543,99.16,81.16,21.44,98.37,120.73,2315,2502,1.00,93357424640
2026-09-10T00:39:38Z,1789000778590,98.84,81.12,21.44,85.90,113.56,2387,2584,0.20,93179756544
2026-09-10T00:39:39Z,1789000779647,95.69,81.02,21.50,97.13,130.36,2447,2635,0.18,88872812544
2026-09-10T00:39:40Z,1789000780689,95.31,80.97,21.50,98.76,130.66,2506,2693,0.15,89024610304
2026-09-10T00:39:41Z,1789000781770,96.34,80.53,21.50,94.43,122.76,2534,2730,0.89,93388193792
2026-09-10T00:39:42Z,1789000782805,96.95,80.25,21.50,93.66,114.89,2561,2752,1.00,93502242816
2026-09-10T00:39:43Z,1789000783835,96.66,80.03,21.56,89.98,117.83,2579,2795,1.00,93349904384
2026-09-10T00:39:44Z,1789000784875,94.17,79.69,21.56,89.43,115.12,2618,2819,0.33,93194452992
2026-09-10T00:39:45Z,1789000785952,93.62,79.50,21.56,85.07,120.94,2631,2844,0.19,89202212864
2026-09-10T00:39:46Z,1789000786981,93.30,79.38,21.56,100.18,132.10,2662,2873,0.10,89354616832
2026-09-10T00:39:48Z,1789000788064,93.88,80.02,21.56,96.76,129.51,2681,2905,0.74,93544906752
2026-09-10T00:39:49Z,1789000789112,95.41,79.14,21.56,97.62,116.34,2710,2937,1.00,93507977216
2026-09-10T00:39:50Z,1789000790169,95.69,78.66,21.56,90.75,114.82,2748,2959,1.00,93505224704
2026-09-10T00:39:51Z,1789000791202,94.72,78.48,21.62,79.69,110.27,2775,2997,0.51,93343580160
2026-09-10T00:39:52Z,1789000792286,92.22,78.20,21.62,97.38,130.76,2795,3010,0.24,89036898304
2026-09-10T00:39:53Z,1789000793362,92.06,78.16,21.62,97.52,129.83,2820,3046,0.19,88873910272
2026-09-10T00:39:54Z,1789000794438,91.59,78.00,21.62,95.96,120.83,2863,3083,0.57,93555408896
2026-09-10T00:39:55Z,1789000795486,93.58,77.83,21.69,93.18,115.99,2877,3107,1.00,93360111616
2026-09-10T00:39:56Z,1789000796563,93.92,77.59,21.69,88.29,112.96,2905,3139,1.00,93512679424
2026-09-10T00:39:57Z,1789000797595,93.94,77.45,21.69,90.27,113.87,2931,3167,0.59,93356490752
2026-09-10T00:39:58Z,1789000798671,91.48,77.27,21.69,84.35,120.18,2954,3194,0.14,89042255872
2026-09-10T00:39:59Z,1789000799732,90.89,77.05,21.75,98.21,130.57,2981,3216,0.09,88891670528
2026-09-10T00:40:00Z,1789000800814,91.28,77.23,21.75,96.19,129.17,3006,3234,0.51,94096949248
2026-09-10T00:40:01Z,1789000801897,92.05,76.70,21.75,93.77,115.22,3043,3281,1.00,93595156480
2026-09-10T00:40:02Z,1789000802947,92.23,76.44,21.81,87.15,114.74,3035,3274,1.00,93591240704
2026-09-10T00:40:04Z,1789000804019,93.19,76.20,21.81,86.77,114.44,3005,3241,0.46,93198581760
2026-09-10T00:40:05Z,1789000805108,90.39,76.06,21.81,89.72,115.01,2969,3207,0.03,88890130432
2026-09-10T00:40:06Z,1789000806130,90.12,76.12,21.88,96.80,130.51,2950,3179,0.16,88890949632
2026-09-10T00:40:07Z,1789000807160,89.81,76.08,21.88,97.25,129.85,2925,3150,0.21,93408378880
2026-09-10T00:40:08Z,1789000808218,91.59,76.47,21.88,97.33,118.36,2903,3117,1.00,93393043456
2026-09-10T00:40:09Z,1789000809261,92.36,76.16,21.88,86.62,114.95,2860,3086,1.00,93395353600
2026-09-10T00:40:10Z,1789000810340,92.36,75.98,21.88,91.48,116.64,2832,3062,1.00,93417848832
2026-09-10T00:40:11Z,1789000811401,90.89,76.12,21.94,81.99,116.11,2812,3038,0.16,91057307648
2026-09-10T00:40:12Z,1789000812445,89.88,76.20,21.94,98.80,131.02,2781,3009,0.17,88901042176
2026-09-10T00:40:13Z,1789000813527,90.02,76.23,21.94,96.74,129.01,2759,2979,0.11,88901042176
2026-09-10T00:40:14Z,1789000814603,89.36,76.52,22.00,94.78,116.72,2726,2952,0.96,93415981056
2026-09-10T00:40:15Z,1789000815690,92.08,76.31,22.00,91.71,116.79,2712,2922,1.00,93397532672
2026-09-10T00:40:16Z,1789000816723,93.30,76.48,22.00,87.77,116.01,2678,2893,1.00,93725851648
2026-09-10T00:40:17Z,1789000817745,90.75,76.62,22.06,92.92,114.51,2654,2861,0.39,93207904256
2026-09-10T00:40:18Z,1789000818814,90.72,76.91,22.06,88.30,123.56,2628,2837,0.14,88900648960
2026-09-10T00:40:19Z,1789000819852,90.83,77.02,22.06,97.68,129.92,2603,2812,0.07,88900861952
2026-09-10T00:40:20Z,1789000820894,87.94,79.64,22.06,95.49,128.24,2574,2778,0.09,88054366208
2026-09-10T00:40:21Z,1789000821942,87.05,81.53,22.12,27.76,32.57,2555,2759,0.97,93488218112
2026-09-10T00:40:22Z,1789000822978,94.34,78.66,22.12,97.35,116.75,2533,2749,1.00,93460217856
2026-09-10T00:40:24Z,1789000824062,98.09,78.41,22.12,122.18,130.53,2555,2763,0.89,93104226304
2026-09-10T00:40:25Z,1789000825092,94.58,78.39,22.12,107.49,121.92,2578,2793,0.21,88801296384
2026-09-10T00:40:26Z,1789000826167,93.58,78.56,22.19,103.09,131.53,2613,2811,0.14,88789762048
2026-09-10T00:40:27Z,1789000827236,92.92,78.77,22.19,98.18,120.84,2631,2836,0.62,93372186624
2026-09-10T00:40:28Z,1789000828318,94.19,78.73,22.19,91.18,116.55,2661,2870,1.00,93355425792
2026-09-10T00:40:29Z,1789000829348,94.94,78.73,22.25,90.28,116.09,2693,2902,1.00,93355671552
2026-09-10T00:40:30Z,1789000830432,95.19,78.77,22.25,84.67,109.49,2716,2934,0.59,93622419456
2026-09-10T00:40:31Z,1789000831518,92.53,78.77,22.25,90.69,126.86,2742,2969,0.25,89021595648
2026-09-10T00:40:32Z,1789000832572,92.38,78.88,22.31,96.82,129.28,2769,2990,0.04,88869519360
2026-09-10T00:40:33Z,1789000833641,92.25,78.95,22.31,94.02,121.88,2796,3021,0.56,93543235584
2026-09-10T00:40:34Z,1789000834679,93.72,78.89,22.31,95.07,118.21,2818,3052,1.00,93347741696
2026-09-10T00:40:35Z,1789000835715,94.75,78.80,22.38,85.19,115.73,2844,3071,1.00,93347708928
2026-09-10T00:40:36Z,1789000836776,93.03,78.72,22.38,87.64,114.70,2868,3103,0.70,93189849088
2026-09-10T00:40:37Z,1789000837858,92.31,78.73,22.38,83.91,116.85,2903,3121,0.02,89034948608
2026-09-10T00:40:38Z,1789000838910,92.34,78.75,22.44,100.09,132.35,2932,3149,0.01,89035587584
2026-09-10T00:40:39Z,1789000839945,91.89,79.09,22.44,97.18,129.57,2958,3179,0.39,93389488128
2026-09-10T00:40:41Z,1789000841003,93.97,78.70,22.44,92.65,116.96,2973,3220,0.00,93499047936
2026-09-10T00:40:42Z,1789000842093,94.41,78.58,22.50,89.26,117.41,2995,3235,1.00,93346824192
2026-09-10T00:40:43Z,1789000843162,95.33,78.55,22.50,89.32,115.54,3040,3291,0.29,93186555904
2026-09-10T00:40:44Z,1789000844233,92.30,78.45,22.50,95.23,129.69,3066,3319,0.00,89031229440
2026-09-10T00:40:45Z,1789000845278,92.08,78.50,22.56,97.58,130.21,3106,3349,0.35,88880037888
2026-09-10T00:40:46Z,1789000846351,91.83,78.47,22.56,93.61,123.39,3125,3388,1.00,93713448960
2026-09-10T00:40:47Z,1789000847385,92.94,78.44,22.56,94.85,116.80,3158,3414,1.00,93358522368
2026-09-10T00:40:48Z,1789000848451,93.81,78.19,22.56,88.94,114.18,3174,3417,1.00,93358227456
2026-09-10T00:40:49Z,1789000849482,94.14,77.95,22.62,89.51,117.33,3146,3402,0.59,93200056320
2026-09-10T00:40:50Z,1789000850566,92.33,77.84,22.62,81.94,116.46,3168,3421,0.02,88890392576
2026-09-10T00:40:51Z,1789000851648,91.22,77.86,22.69,98.91,130.94,3193,3443,0.00,88890425344
2026-09-10T00:40:52Z,1789000852726,90.59,78.22,22.69,96.61,129.58,3217,3475,0.90,93396025344
2026-09-10T00:40:53Z,1789000853805,93.09,77.58,22.69,94.54,118.04,3255,3513,1.00,93360078848
2026-09-10T00:40:54Z,1789000854865,93.12,77.45,22.75,89.19,113.51,3269,3527,1.00,93361373184
2026-09-10T00:40:55Z,1789000855923,93.69,77.36,22.75,88.07,116.10,3260,3508,1.00,93356392448
2026-09-10T00:40:57Z,1789000857002,91.05,77.31,22.75,86.80,111.29,3224,3476,0.00,93192044544
2026-09-10T00:40:58Z,1789000858024,90.88,77.30,22.75,92.42,127.53,3226,3492,0.00,88888983552
2026-09-10T00:40:59Z,1789000859077,90.77,77.31,22.81,98.01,130.13,3228,3476,0.00,88888983552
2026-09-10T00:41:00Z,1789000860151,91.81,77.78,22.81,95.55,125.31,3247,3512,1.00,93959962624
2026-09-10T00:41:01Z,1789000861191,92.38,77.41,22.81,95.35,116.88,3279,3545,1.00,93827317760
2026-09-10T00:41:02Z,1789000862271,93.36,77.19,22.88,92.31,116.20,3299,3556,1.00,93638049792
2026-09-10T00:41:03Z,1789000863347,92.39,77.17,22.88,79.77,113.12,3319,3587,0.01,93366992896
2026-09-10T00:41:04Z,1789000864392,90.41,77.14,22.88,97.28,130.20,3350,3609,0.01,88909922304
2026-09-10T00:41:05Z,1789000865474,90.39,77.06,22.88,97.30,129.85,3368,3641,0.11,88895700992
2026-09-10T00:41:06Z,1789000866562,90.27,76.92,22.94,94.61,121.56,3415,3671,1.00,93410738176
2026-09-10T00:41:07Z,1789000867594,91.58,76.86,22.94,94.15,117.87,3447,3697,1.00,93373693952
2026-09-10T00:41:08Z,1789000868681,92.30,76.70,22.94,89.39,115.78,3415,3686,1.00,93385490432
2026-09-10T00:41:09Z,1789000869740,91.09,76.52,23.00,92.22,115.65,3419,3693,0.21,93202366464
2026-09-10T00:41:10Z,1789000870781,90.00,76.47,23.00,85.00,119.21,3436,3721,0.34,88889294848
2026-09-10T00:41:11Z,1789000871862,89.97,76.42,23.06,98.72,130.81,3429,3709,0.01,88899436544
2026-09-10T00:41:12Z,1789000872883,88.59,79.19,23.06,96.61,129.13,3458,3729,0.00,279445504
2026-09-10T00:41:13Z,1789000873978,81.72,75.91,23.06,45.04,52.75,4847,5193,0.00,279117824
2026-09-10T00:41:15Z,1789000875051,77.14,73.06,23.06,1.50,12.69,5112,5487,0.00,279183360
2026-09-10T00:41:16Z,1789000876141,73.89,70.83,23.12,1.43,13.07,5229,5618,0.00,600506368
2026-09-10T00:41:17Z,1789000877202,71.34,68.69,23.12,1.05,13.13,5302,5705,0.00,431210496
2026-09-10T00:41:18Z,1789000878296,68.98,66.52,23.19,1.05,13.07,5323,5740,0.00,432766976
2026-09-10T00:41:19Z,1789000879370,66.95,64.61,23.19,1.09,13.03,5338,5757,0.00,433586176
2026-09-10T00:41:20Z,1789000880439,65.16,62.84,23.19,1.19,13.03,5351,5777,0.00,281493504
2026-09-10T00:41:21Z,1789000881503,63.36,61.22,23.25,0.93,12.79,5344,5772,0.00,281493504
2026-09-10T00:41:22Z,1789000882591,61.86,59.70,23.25,0.90,12.69,5361,5776,0.00,281493504
2026-09-10T00:41:23Z,1789000883654,60.53,58.36,23.25,0.87,12.67,5356,5779,0.00,279150592
2026-09-10T00:41:24Z,1789000884744,57.91,55.89,23.31,1.06,12.66,5353,5786,0.00,281493504
2026-09-10T00:41:25Z,1789000885804,56.69,54.84,23.31,0.91,12.56,5348,5796,0.00,281493504
2026-09-10T00:41:26Z,1789000886842,55.62,54.34,23.38,1.03,12.65,5347,5782,0.00,281493504
2026-09-10T00:41:27Z,1789000887894,54.56,53.08,23.38,2.60,14.64,5347,5776,0.00,431341568
2026-09-10T00:41:28Z,1789000888926,53.56,52.08,23.38,0.91,12.47,5348,5787,0.00,279560192
2026-09-10T00:41:29Z,1789000889971,52.67,51.14,23.44,1.16,12.79,5356,5772,0.00,279592960
2026-09-10T00:41:31Z,1789000891021,51.94,50.34,23.44,0.83,12.48,5350,5782,0.00,573898752
2026-09-10T00:41:32Z,1789000892092,51.25,49.62,23.44,1.02,12.73,5363,5780,0.00,279527424
2026-09-10T00:41:33Z,1789000893128,50.45,48.94,23.44,0.81,12.37,5349,5778,0.00,280051712
2026-09-10T00:41:34Z,1789000894190,49.69,48.25,23.50,0.95,12.53,5350,5780,0.00,279183360
2026-09-10T00:41:35Z,1789000895261,49.11,47.64,23.50,0.83,12.31,5353,5781,0.00,281493504
2026-09-10T00:41:36Z,1789000896368,48.44,46.98,23.50,0.89,12.51,5344,5780,0.00,279183360
2026-09-10T00:41:37Z,1789000897459,47.80,46.42,23.50,0.92,12.34,5351,5775,0.00,279216128
2026-09-10T00:41:38Z,1789000898547,47.17,45.91,23.56,0.91,12.46,5351,5768,0.00,280707072
2026-09-10T00:41:39Z,1789000899610,46.50,45.38,23.56,0.84,12.32,5348,5777,0.00,279183360
2026-09-10T00:41:40Z,1789000900689,45.97,44.92,23.56,0.79,12.29,5352,5776,0.00,279117824
2026-09-10T00:41:41Z,1789000901771,45.17,44.17,23.62,1.66,13.42,5354,5768,0.00,433209344
2026-09-10T00:41:42Z,1789000902800,44.80,43.70,23.62,0.74,12.18,5344,5768,0.00,435044352
2026-09-10T00:41:43Z,1789000903888,44.45,43.19,23.62,0.76,12.20,5353,5771,0.00,282476544
2026-09-10T00:41:44Z,1789000904979,44.11,42.78,23.62,0.91,12.36,5354,5770,0.00,282476544
2026-09-10T00:41:46Z,1789000906066,43.73,42.34,23.62,0.77,12.16,5352,5779,0.00,602783744
2026-09-10T00:41:47Z,1789000907149,43.38,41.97,23.69,1.28,12.72,5355,5785,0.00,280707072
2026-09-10T00:41:48Z,1789000908185,42.95,41.75,23.69,0.81,12.10,5355,5774,0.00,280199168
2026-09-10T00:41:49Z,1789000909246,42.50,41.36,23.69,0.86,12.22,5349,5786,0.00,280166400
2026-09-10T00:41:50Z,1789000910334,42.14,40.95,23.69,0.88,12.57,5351,5771,0.00,282411008
2026-09-10T00:41:51Z,1789000911439,41.81,40.64,23.75,1.15,12.31,5345,5786,0.00,280576000
2026-09-10T00:41:52Z,1789000912524,41.50,40.30,23.75,0.84,12.30,5349,5771,0.00,432717824
2026-09-10T00:41:53Z,1789000913556,41.19,40.17,23.75,0.85,12.22,5352,5775,0.00,281313280
2026-09-10T00:41:54Z,1789000914641,40.86,40.00,23.75,0.86,12.26,5348,5773,0.00,280100864
2026-09-10T00:41:55Z,1789000915706,40.28,39.70,23.75,0.83,12.14,5350,5778,0.00,281591808
2026-09-10T00:41:56Z,1789000916747,39.97,38.95,23.75,0.87,12.17,5353,5770,0.00,280068096
2026-09-10T00:41:57Z,1789000917843,39.69,38.73,23.75,0.87,12.23,5351,5785,0.00,280100864
2026-09-10T00:41:58Z,1789000918906,39.42,38.61,23.75,0.78,12.06,5344,5770,0.00,282378240
2026-09-10T00:42:00Z,1789000920002,39.19,38.55,23.81,0.73,12.02,5343,5772,0.00,282378240
2026-09-10T00:42:01Z,1789000921030,39.02,38.42,23.81,0.92,12.22,5356,5776,0.00,827670528
2026-09-10T00:42:02Z,1789000922108,38.84,38.09,23.81,1.05,12.38,5351,5783,0.00,514785280
2026-09-10T00:42:03Z,1789000923180,38.61,37.67,23.81,0.88,12.24,5340,5768,0.00,280608768
2026-09-10T00:42:04Z,1789000924229,38.34,37.41,23.81,0.72,12.00,5351,5777,0.00,280100864
2026-09-10T00:42:05Z,1789000925256,38.08,37.23,23.81,0.88,12.15,5342,5774,0.00,280133632
2026-09-10T00:42:06Z,1789000926319,37.84,37.03,23.81,0.83,12.20,5353,5776,0.00,280330240
2026-09-10T00:42:07Z,1789000927400,37.66,36.98,23.81,1.07,12.36,5351,5783,0.00,280395776
2026-09-10T00:42:08Z,1789000928481,37.44,36.94,23.81,0.87,12.20,5352,5781,0.00,281919488
2026-09-10T00:42:09Z,1789000929525,37.25,36.86,23.88,0.77,12.06,5348,5776,0.00,432799744
2026-09-10T00:42:10Z,1789000930603,37.06,36.56,23.88,0.86,12.17,5344,5776,0.00,283213824
2026-09-10T00:42:11Z,1789000931651,36.91,36.33,23.88,0.83,12.15,5348,5780,0.00,282705920
2026-09-10T00:42:12Z,1789000932705,36.73,35.97,23.88,0.80,12.12,5346,5768,0.00,281018368
2026-09-10T00:42:13Z,1789000933791,36.41,35.55,23.88,1.03,12.26,5343,5771,0.00,281821184
2026-09-10T00:42:14Z,1789000934814,36.20,35.44,23.88,0.78,12.04,5351,5782,0.00,281149440
2026-09-10T00:42:15Z,1789000935838,36.06,35.39,23.88,0.88,12.14,5348,5785,0.00,600670208
2026-09-10T00:42:16Z,1789000936919,35.92,35.41,23.88,1.26,12.53,5350,5775,0.00,600162304
2026-09-10T00:42:17Z,1789000937976,35.75,35.36,23.88,0.79,12.07,5345,5770,0.00,280428544
2026-09-10T00:42:19Z,1789000939048,35.61,35.31,23.88,0.77,12.10,5355,5776,0.00,281821184
2026-09-10T00:42:20Z,1789000940134,35.47,35.12,23.88,0.72,12.04,5354,5772,0.00,283344896
2026-09-10T00:42:21Z,1789000941166,35.34,34.92,23.88,0.81,12.13,5341,5769,0.00,282607616
2026-09-10T00:42:22Z,1789000942202,35.14,34.78,23.88,0.71,11.96,5351,5773,0.00,282607616
2026-09-10T00:42:23Z,1789000943251,34.94,34.59,23.88,0.75,11.96,5353,5772,0.00,280330240
2026-09-10T00:42:24Z,1789000944337,34.80,34.28,23.88,0.83,12.10,5352,5779,0.00,282607616
2026-09-10T00:42:25Z,1789000945402,34.62,34.05,23.88,0.93,12.24,5339,5768,0.00,282607616
2026-09-10T00:42:26Z,1789000946443,34.50,33.91,23.88,0.82,12.08,5347,5771,0.00,282607616
2026-09-10T00:42:27Z,1789000947528,34.44,33.81,23.88,0.74,12.01,5353,5777,0.00,280264704
2026-09-10T00:42:28Z,1789000948608,34.31,33.78,23.88,0.71,12.01,5358,5780,0.00,280264704
2026-09-10T00:42:29Z,1789000949674,34.20,33.77,23.88,0.71,11.98,5355,5777,0.00,282542080
2026-09-10T00:42:30Z,1789000950751,34.09,34.30,23.88,0.75,12.16,5340,5772,0.00,579567616
2026-09-10T00:42:31Z,1789000951788,34.00,33.94,23.88,2.92,14.48,5350,5778,0.00,282525696
2026-09-10T00:42:32Z,1789000952834,33.88,33.80,23.94,0.85,12.07,5344,5775,0.00,281083904
2026-09-10T00:42:33Z,1789000953879,33.77,33.69,23.94,0.87,12.19,5349,5770,0.00,282525696
2026-09-10T00:42:34Z,1789000954925,33.66,33.53,23.94,1.04,12.33,5338,5777,0.00,282574848
2026-09-10T00:42:35Z,1789000955955,33.53,33.30,23.94,0.81,12.06,5346,5780,0.00,283312128
2026-09-10T00:42:37Z,1789000957011,33.45,33.03,23.88,0.96,12.36,5351,5772,0.00,280297472
2026-09-10T00:42:38Z,1789000958097,33.34,32.86,23.88,0.94,12.13,5350,5779,0.00,290127872
2026-09-10T00:42:39Z,1789000959180,33.27,32.66,23.88,0.82,12.08,5347,5773,0.00,281673728
2026-09-10T00:42:40Z,1789000960224,33.19,32.44,23.94,0.78,12.05,5344,5784,0.00,294862848
2026-09-10T00:42:41Z,1789000961312,33.09,32.39,23.94,0.96,12.23,5352,5772,0.00,294060032
2026-09-10T00:42:42Z,1789000962376,33.00,32.25,23.88,0.73,11.97,5346,5785,0.00,293847040
2026-09-10T00:42:43Z,1789000963438,32.89,32.19,23.88,0.82,12.12,5342,5776,0.00,280788992
2026-09-10T00:42:44Z,1789000964521,32.78,32.17,23.88,0.81,12.08,5349,5779,0.00,283066368
2026-09-10T00:42:45Z,1789000965551,32.66,32.16,23.88,0.76,12.06,5348,5774,0.00,291258368
2026-09-10T00:42:46Z,1789000966590,32.59,32.16,23.88,1.12,12.50,5346,5766,0.00,617398272
2026-09-10T00:42:47Z,1789000967674,32.58,32.20,23.88,0.90,12.25,5343,5776,0.00,280821760
2026-09-10T00:42:48Z,1789000968744,32.44,32.16,23.88,0.77,12.08,5348,5767,0.00,280821760
2026-09-10T00:42:49Z,1789000969812,32.34,32.14,23.88,1.04,12.44,5350,5777,0.00,281608192
2026-09-10T00:42:50Z,1789000970857,32.38,32.14,23.88,2.02,14.68,5350,5772,0.00,281608192
2026-09-10T00:42:51Z,1789000971923,32.39,32.14,23.88,3.38,15.36,5350,5776,0.00,295632896
2026-09-10T00:42:52Z,1789000972952,32.39,32.14,23.88,2.93,14.98,5352,5783,0.00,283164672
2026-09-10T00:42:53Z,1789000973982,32.25,32.09,23.88,2.19,13.71,5351,5768,0.00,280887296
2026-09-10T00:42:55Z,1789000975018,32.16,31.98,23.88,0.83,12.23,5347,5784,0.00,289488896
2026-09-10T00:42:56Z,1789000976108,32.09,31.86,23.88,0.80,12.17,5339,5769,0.00,291733504
2026-09-10T00:42:57Z,1789000977191,32.05,31.64,23.88,0.74,12.18,5345,5776,0.00,291766272
2026-09-10T00:42:58Z,1789000978285,31.97,31.44,23.88,0.74,12.11,5352,5784,0.00,277741568
2026-09-10T00:42:59Z,1789000979344,31.86,31.27,23.88,0.79,12.02,5345,5766,0.00,433487872
2026-09-10T00:43:00Z,1789000980391,31.75,31.12,23.88,0.87,12.27,5343,5775,0.00,825802752
2026-09-10T00:43:01Z,1789000981472,31.69,31.05,23.88,1.26,12.67,5348,5787,0.00,836386816
2026-09-10T00:43:02Z,1789000982533,31.62,30.92,23.88,0.87,12.19,5348,5776,0.00,512638976
2026-09-10T00:43:03Z,1789000983613,31.56,30.77,23.88,0.89,12.18,5356,5771,0.00,282492928
2026-09-10T00:43:04Z,1789000984674,31.47,30.67,23.88,0.73,12.05,5349,5785,0.00,278200320
2026-09-10T00:43:05Z,1789000985766,31.30,30.58,23.81,1.07,12.43,5349,5772,0.00,277250048
2026-09-10T00:43:06Z,1789000986854,31.25,30.56,23.81,0.90,12.52,5340,5775,0.00,280510464
2026-09-10T00:43:07Z,1789000987902,31.25,30.58,23.81,2.63,14.76,5346,5783,0.00,281083904
2026-09-10T00:43:08Z,1789000988979,31.27,30.58,23.81,2.67,14.84,5352,5769,0.00,282853376
2026-09-10T00:43:10Z,1789000990001,31.23,30.58,23.81,2.65,14.82,5345,5768,0.00,283394048
2026-09-10T00:43:11Z,1789000991034,31.23,30.56,23.81,2.56,14.61,5351,5787,0.00,282853376
2026-09-10T00:43:12Z,1789000992062,31.22,30.58,23.81,3.07,14.98,5347,5771,0.00,278790144
2026-09-10T00:43:13Z,1789000993084,31.19,30.58,23.81,2.84,14.83,5341,5782,0.00,249364480
2026-09-10T00:43:14Z,1789000994169,31.16,30.56,23.81,2.56,14.38,5351,5778,0.00,649134080
2026-09-10T00:43:15Z,1789000995198,31.14,30.55,23.81,3.10,14.82,5341,5771,0.00,177061888
2026-09-10T00:43:16Z,1789000996253,31.16,30.55,23.81,3.01,14.91,5355,5771,0.00,764313600
2026-09-10T00:43:17Z,1789000997388,31.16,30.59,23.81,2.67,14.61,5347,5774,0.00,281640960
2026-09-10T00:43:18Z,1789000998430,31.12,30.56,23.81,2.45,14.18,5341,5775,0.00,278839296
2026-09-10T00:43:19Z,1789000999470,31.11,30.55,23.81,2.94,14.76,5346,5786,0.00,279478272
2026-09-10T00:43:20Z,1789001000548,31.02,30.55,23.75,0.93,12.34,5344,5775,0.00,431226880
2026-09-10T00:43:21Z,1789001001641,30.89,30.55,23.75,0.78,12.10,5353,5782,0.00,280199168
2026-09-10T00:43:22Z,1789001002704,30.78,30.55,23.75,0.84,12.18,5351,5774,0.00,279625728
2026-09-10T00:43:23Z,1789001003795,30.69,30.53,23.75,1.73,14.58,5345,5779,0.00,281821184
2026-09-10T00:43:24Z,1789001004864,30.70,30.53,23.75,3.20,16.62,5348,5775,0.00,282181632
2026-09-10T00:43:25Z,1789001005928,30.69,30.53,23.75,2.47,14.28,5345,5778,0.00,445710336
2026-09-10T00:43:26Z,1789001006980,30.67,30.53,23.75,2.57,14.33,5354,5770,0.00,282443776
2026-09-10T00:43:28Z,1789001008010,30.67,30.53,23.75,2.40,14.23,5346,5784,0.00,282951680
2026-09-10T00:43:29Z,1789001009096,30.66,30.53,23.75,2.51,14.24,5343,5768,0.00,435273728
2026-09-10T00:43:30Z,1789001010163,30.66,30.53,23.69,3.66,15.78,5347,5782,0.00,292405248
2026-09-10T00:43:31Z,1789001011200,30.66,30.55,23.69,2.77,14.67,5350,5776,0.00,586235904
2026-09-10T00:43:32Z,1789001012297,30.62,30.52,23.69,2.70,14.63,5351,5777,0.00,281919488
2026-09-10T00:43:33Z,1789001013366,30.61,30.47,23.69,3.02,15.26,5349,5758,0.00,280264704
2026-09-10T00:43:34Z,1789001014452,30.61,30.47,23.69,3.81,16.08,5336,5779,0.00,290242560
2026-09-10T00:43:35Z,1789001015529,30.64,30.77,23.69,1.31,12.25,5345,5771,0.00,280264704
2026-09-10T00:43:36Z,1789001016616,30.45,30.55,23.69,0.85,12.34,5359,5766,0.00,279789568
2026-09-10T00:43:37Z,1789001017672,30.31,30.27,23.69,1.37,12.76,5357,5776,0.00,280264704
2026-09-10T00:43:38Z,1789001018707,30.23,30.06,23.69,0.76,12.08,5342,5773,0.00,279658496
2026-09-10T00:43:39Z,1789001019766,30.03,29.55,23.69,0.79,12.17,5348,5777,0.00,292372480
2026-09-10T00:43:40Z,1789001020852,29.92,29.38,23.69,0.76,12.11,5348,5785,0.00,281378816
2026-09-10T00:43:41Z,1789001021938,29.83,29.27,23.62,0.78,12.20,5343,5785,0.00,280920064
2026-09-10T00:43:43Z,1789001023011,29.78,29.27,23.62,0.82,12.20,5345,5772,0.00,281346048
2026-09-10T00:43:44Z,1789001024049,29.77,29.14,23.62,0.73,12.09,5353,5778,0.00,278691840
2026-09-10T00:43:45Z,1789001025141,29.75,29.08,23.62,0.82,12.19,5349,5776,0.00,432029696
2026-09-10T00:43:46Z,1789001026199,29.72,29.03,23.62,1.10,12.45,5344,5785,0.00,752336896
2026-09-10T00:43:47Z,1789001027243,29.70,29.06,23.62,0.93,12.44,5347,5766,0.00,279150592
2026-09-10T00:43:48Z,1789001028334,29.67,29.03,23.62,0.89,12.16,5349,5775,0.00,432242688
2026-09-10T00:43:49Z,1789001029371,29.59,28.98,23.62,0.81,12.17,5351,5779,0.00,431505408
2026-09-10T00:43:50Z,1789001030439,29.48,28.97,23.62,0.78,12.19,5344,5771,0.00,432242688
2026-09-10T00:43:51Z,1789001031518,29.41,28.97,23.62,0.75,12.13,5349,5770,0.00,433700864
2026-09-10T00:43:52Z,1789001032575,29.36,28.95,23.56,0.81,12.27,5348,5796,0.00,434765824
2026-09-10T00:43:53Z,1789001033673,29.33,28.95,23.56,1.10,12.62,5348,5782,0.00,279117824
2026-09-10T00:43:54Z,1789001034739,29.28,28.95,23.56,0.86,12.40,5344,5773,0.00,434225152
2026-09-10T00:43:55Z,1789001035822,29.28,28.95,23.56,1.47,13.17,5344,5790,0.00,434094080
2026-09-10T00:43:56Z,1789001036883,29.28,28.95,23.56,0.98,12.49,5350,5788,0.00,282312704
2026-09-10T00:43:57Z,1789001037973,29.27,28.95,23.56,0.78,12.32,5353,5777,0.00,281280512
2026-09-10T00:43:59Z,1789001039063,29.27,28.95,23.56,0.80,12.28,5343,5772,0.00,435503104
2026-09-10T00:44:00Z,1789001040123,29.27,28.95,23.56,0.80,12.18,5351,5777,0.00,685604864
2026-09-10T00:44:01Z,1789001041186,29.25,29.00,23.50,0.83,12.35,5350,5770,0.00,820756480
2026-09-10T00:44:02Z,1789001042243,29.25,28.98,23.50,0.92,12.32,5355,5777,0.00,666419200
2026-09-10T00:44:03Z,1789001043319,29.23,28.95,23.50,1.16,13.40,5347,5768,0.00,284016640
2026-09-10T00:44:04Z,1789001044370,29.23,28.95,23.50,1.37,12.98,5351,5772,0.00,281722880
2026-09-10T00:44:05Z,1789001045461,29.20,28.94,23.50,0.75,12.15,5344,5775,0.00,281886720
2026-09-10T00:44:06Z,1789001046551,29.17,28.94,23.50,0.95,12.49,5351,5781,0.00,281247744
2026-09-10T00:44:07Z,1789001047634,29.12,28.94,23.50,0.91,12.29,5348,5775,0.00,282017792
2026-09-10T00:44:08Z,1789001048712,29.06,28.94,23.50,0.93,12.36,5353,5772,0.00,282689536
2026-09-10T00:44:09Z,1789001049765,28.95,28.91,23.44,0.78,12.20,5346,5795,0.00,284016640
2026-09-10T00:44:10Z,1789001050796,28.92,28.91,23.44,0.74,12.13,5346,5788,0.00,283344896
2026-09-10T00:44:11Z,1789001051881,28.88,28.91,23.44,1.07,12.72,5352,5779,0.00,283885568
2026-09-10T00:44:12Z,1789001052974,28.84,28.88,23.44,0.74,12.21,5345,5777,0.00,285573120
2026-09-10T00:44:14Z,1789001054007,28.83,28.83,23.44,0.89,12.27,5349,5780,0.00,283885568
2026-09-10T00:44:15Z,1789001055108,28.80,28.78,23.44,0.78,12.28,5350,5766,0.00,283344896
2026-09-10T00:44:16Z,1789001056186,28.80,28.70,23.44,1.12,12.64,5352,5780,0.00,607010816
2026-09-10T00:44:17Z,1789001057239,28.78,28.73,23.44,0.79,12.19,5350,5777,0.00,285573120
2026-09-10T00:44:18Z,1789001058314,28.75,28.59,23.44,0.83,12.32,5354,5773,0.00,283885568
2026-09-10T00:44:19Z,1789001059366,28.70,28.55,23.44,0.76,12.12,5355,5769,0.00,284901376
2026-09-10T00:44:20Z,1789001060399,28.66,28.48,23.44,0.82,12.50,5348,5776,0.00,286113792
2026-09-10T00:44:21Z,1789001061438,28.67,28.67,23.44,1.94,13.17,5346,5770,0.00,283787264
2026-09-10T00:44:22Z,1789001062522,28.66,28.62,23.44,0.78,12.16,5352,5785,0.00,283983872
2026-09-10T00:44:23Z,1789001063579,28.58,28.50,23.38,0.83,12.23,5349,5772,0.00,284786688
2026-09-10T00:44:24Z,1789001064631,28.52,28.42,23.38,0.93,12.35,5352,5773,0.00,286081024
2026-09-10T00:44:25Z,1789001065730,28.41,28.20,23.38,0.74,12.15,5348,5767,0.00,283312128
2026-09-10T00:44:26Z,1789001066822,28.38,28.14,23.38,0.96,12.45,5351,5770,0.00,283918336
2026-09-10T00:44:27Z,1789001067909,28.36,27.92,23.38,0.71,12.13,5353,5785,0.00,284753920
2026-09-10T00:44:28Z,1789001068948,28.34,27.92,23.38,0.72,12.20,5343,5777,0.00,284934144
2026-09-10T00:44:30Z,1789001070011,28.33,27.83,23.38,0.75,12.10,5352,5772,0.00,284360704
2026-09-10T00:44:31Z,1789001071049,28.31,27.78,23.38,0.90,12.43,5339,5777,0.00,579616768
2026-09-10T00:44:32Z,1789001072177,28.30,27.72,23.31,0.99,12.29,5353,5782,0.00,284672000
2026-09-10T00:44:33Z,1789001073236,28.27,27.64,23.31,0.86,12.35,5339,5769,0.00,284966912
2026-09-10T00:44:34Z,1789001074388,28.25,27.72,23.31,1.00,12.40,5346,5779,0.00,284704768
2026-09-10T00:44:35Z,1789001075459,28.22,27.69,23.31,0.81,12.24,5355,5783,0.00,287162368
2026-09-10T00:44:36Z,1789001076520,28.20,27.67,23.31,1.11,12.67,5350,5775,0.00,284868608
2026-09-10T00:44:37Z,1789001077602,28.17,27.56,23.31,1.05,12.47,5347,5772,0.00,285032448
2026-09-10T00:44:38Z,1789001078691,28.11,27.52,23.31,2.43,14.35,5342,5778,0.00,279592960
2026-09-10T00:44:39Z,1789001079720,28.19,27.80,23.31,1.09,12.49,5346,5774,0.00,279724032
2026-09-10T00:44:40Z,1789001080767,28.09,27.53,23.31,0.76,12.20,5354,5769,0.00,280641536
2026-09-10T00:44:41Z,1789001081850,28.02,27.44,23.31,0.78,12.22,5349,5776,0.00,283000832
2026-09-10T00:44:42Z,1789001082901,27.98,27.42,23.31,0.73,12.30,5344,5781,0.00,284803072
2026-09-10T00:44:43Z,1789001083966,27.95,27.39,23.31,0.86,12.22,5343,5777,0.00,285065216
2026-09-10T00:44:45Z,1789001085020,27.92,27.39,23.25,0.81,12.25,5344,5772,0.00,284491776
2026-09-10T00:44:46Z,1789001086095,27.91,27.36,23.25,0.80,12.25,5346,5779,0.00,604618752
2026-09-10T00:44:47Z,1789001087129,27.92,27.41,23.25,1.29,12.99,5342,5770,0.00,282542080
2026-09-10T00:44:48Z,1789001088232,27.91,27.38,23.25,0.70,12.06,5356,5776,0.00,282869760
2026-09-10T00:44:49Z,1789001089276,27.89,27.36,23.25,0.85,12.23,5351,5786,0.00,282296320
2026-09-10T00:44:50Z,1789001090312,27.88,27.36,23.25,0.75,12.16,5344,5767,0.00,282836992
2026-09-10T00:44:51Z,1789001091360,27.86,27.36,23.25,0.84,12.30,5344,5775,0.00,284147712
2026-09-10T00:44:52Z,1789001092448,27.86,27.38,23.25,1.02,12.54,5352,5776,0.00,285065216
2026-09-10T00:44:53Z,1789001093510,27.86,27.36,23.25,0.77,12.14,5350,5779,0.00,282574848
2026-09-10T00:44:54Z,1789001094536,27.84,27.34,23.25,1.04,12.66,5348,5778,0.00,283033600
2026-09-10T00:44:55Z,1789001095586,27.84,27.36,23.19,1.04,12.73,5344,5780,0.00,282296320
2026-09-10T00:44:56Z,1789001096649,27.83,27.34,23.19,0.80,12.38,5346,5784,0.00,285261824
2026-09-10T00:44:57Z,1789001097719,27.80,27.34,23.19,0.82,12.35,5351,5773,0.00,282296320
2026-09-10T00:44:58Z,1789001098779,27.77,27.34,23.19,0.73,12.23,5359,5775,0.00,285032448
2026-09-10T00:44:59Z,1789001099819,27.73,27.34,23.19,0.76,12.31,5350,5769,0.00,284524544
2026-09-10T00:45:00Z,1789001100923,27.77,27.50,23.19,0.77,12.26,5343,5778,0.00,828899328
2026-09-10T00:45:01Z,1789001101996,27.75,27.41,23.19,1.49,13.20,5350,5779,0.00,526581760
2026-09-10T00:45:03Z,1789001103080,27.78,27.42,23.19,1.34,13.52,5352,5764,0.00,285261824
2026-09-10T00:45:04Z,1789001104122,27.73,27.38,23.12,1.23,12.69,5347,5776,0.00,282296320
2026-09-10T00:45:05Z,1789001105208,27.70,27.38,23.12,1.02,12.38,5355,5779,0.00,286916608
2026-09-10T00:45:06Z,1789001106314,27.66,27.34,23.12,0.85,12.37,5354,5770,0.00,283344896
2026-09-10T00:45:07Z,1789001107398,27.61,27.34,23.12,0.94,12.35,5341,5781,0.00,285491200
2026-09-10T00:45:08Z,1789001108438,27.58,27.34,23.12,0.82,12.31,5349,5787,0.00,283344896
2026-09-10T00:45:09Z,1789001109475,27.53,27.34,23.12,0.78,12.23,5339,5767,0.00,286277632
2026-09-10T00:45:10Z,1789001110545,27.50,27.34,23.12,0.84,12.41,5343,5776,0.00,285540352
2026-09-10T00:45:11Z,1789001111652,27.48,27.34,23.12,1.11,12.48,5352,5781,0.00,286277632
2026-09-10T00:45:12Z,1789001112762,27.44,27.38,23.12,0.71,12.23,5341,5777,0.00,283312128
2026-09-10T00:45:13Z,1789001113852,27.41,27.34,23.06,0.79,12.20,5345,5780,0.00,284049408
2026-09-10T00:45:14Z,1789001114931,27.41,27.34,23.06,0.82,12.27,5349,5772,0.00,285851648
2026-09-10T00:45:15Z,1789001115979,27.39,27.34,23.06,0.84,12.27,5349,5782,0.00,604160000
2026-09-10T00:45:17Z,1789001117054,27.41,27.36,23.06,0.98,12.54,5354,5781,0.00,577880064
2026-09-10T00:45:18Z,1789001118124,27.39,27.34,23.06,0.71,12.15,5347,5772,0.00,283852800
2026-09-10T00:45:19Z,1789001119210,27.39,27.34,23.06,0.68,12.07,5341,5777,0.00,283754496
2026-09-10T00:45:20Z,1789001120298,27.38,27.33,23.06,1.19,12.86,5357,5778,0.00,296337408
2026-09-10T00:45:21Z,1789001121387,27.36,27.33,23.06,0.94,12.28,5344,5772,0.00,288096256
2026-09-10T00:45:22Z,1789001122446,27.36,27.33,23.06,0.71,12.17,5355,5785,0.00,281919488
2026-09-10T00:45:23Z,1789001123475,27.34,27.33,23.00,0.69,12.14,5343,5781,0.00,285851648
2026-09-10T00:45:24Z,1789001124552,27.34,27.33,23.00,0.74,12.18,5342,5788,0.00,286113792
2026-09-10T00:45:25Z,1789001125598,27.33,27.34,23.00,0.89,12.32,5350,5773,0.00,435748864
2026-09-10T00:45:26Z,1789001126687,27.31,27.33,23.00,0.90,12.35,5350,5787,0.00,436895744
2026-09-10T00:45:27Z,1789001127721,27.27,27.33,23.00,0.75,12.29,5357,5776,0.00,286031872
2026-09-10T00:45:28Z,1789001128807,27.27,27.31,23.00,0.72,12.16,5346,5782,0.00,285802496
2026-09-10T00:45:29Z,1789001129901,27.23,27.31,23.00,0.74,12.22,5350,5764,0.00,283836416
2026-09-10T00:45:30Z,1789001130937,27.25,27.34,23.00,0.86,12.41,5343,5784,0.00,577945600
2026-09-10T00:45:31Z,1789001131977,27.20,27.33,23.00,0.96,12.39,5353,5776,0.00,283836416
2026-09-10T00:45:33Z,1789001133014,27.17,27.33,23.00,0.74,12.17,5345,5774,0.00,285523968
2026-09-10T00:45:34Z,1789001134124,27.16,27.33,23.00,0.74,12.29,5348,5788,0.00,436486144
2026-09-10T00:45:35Z,1789001135189,27.14,27.31,23.00,0.93,12.45,5342,5787,0.00,283295744
2026-09-10T00:45:36Z,1789001136253,27.14,27.30,22.94,0.87,12.54,5353,5774,0.00,437059584
2026-09-10T00:45:37Z,1789001137320,27.14,27.30,22.94,1.11,12.63,5346,5784,0.00,438108160
2026-09-10T00:45:38Z,1789001138414,27.11,27.28,22.94,0.82,12.26,5350,5781,0.00,435683328
2026-09-10T00:45:39Z,1789001139442,27.06,27.22,22.94,0.88,12.38,5343,5786,0.00,435617792
2026-09-10T00:45:40Z,1789001140535,27.06,27.22,22.94,0.84,12.34,5355,5778,0.00,435486720
2026-09-10T00:45:41Z,1789001141608,27.03,27.25,22.94,0.95,13.03,5354,5797,0.00,435486720
2026-09-10T00:45:42Z,1789001142663,27.16,27.59,22.94,2.36,13.65,5345,5775,0.00,284033024
2026-09-10T00:45:43Z,1789001143724,27.06,27.31,22.94,0.76,12.31,5350,5771,0.00,283475968
2026-09-10T00:45:44Z,1789001144827,27.03,27.30,22.88,0.79,12.34,5352,5793,0.00,435453952
2026-09-10T00:45:45Z,1789001145907,26.98,27.25,22.88,0.73,12.23,5352,5772,0.00,760545280
2026-09-10T00:45:46Z,1789001146988,27.00,27.30,22.88,1.08,12.65,5347,5768,0.00,555483136
2026-09-10T00:45:48Z,1789001148052,26.97,27.22,22.88,0.79,12.35,5348,5781,0.00,437174272
2026-09-10T00:45:49Z,1789001149075,26.95,27.20,22.88,0.68,12.31,5351,5778,0.00,286195712
2026-09-10T00:45:50Z,1789001150152,26.95,27.06,22.88,0.88,12.33,5345,5766,0.00,437698560
2026-09-10T00:45:51Z,1789001151189,26.95,27.11,22.88,0.83,12.33,5351,5778,0.00,286162944
2026-09-10T00:45:52Z,1789001152273,26.94,27.03,22.88,0.74,12.24,5352,5772,0.00,436879360
2026-09-10T00:45:53Z,1789001153354,26.94,26.86,22.88,0.74,12.26,5355,5771,0.00,283131904
2026-09-10T00:45:54Z,1789001154442,26.94,26.83,22.88,0.73,12.26,5342,5794,0.00,436387840
2026-09-10T00:45:55Z,1789001155467,26.94,26.77,22.81,0.77,12.39,5341,5784,0.00,437714944
2026-09-10T00:45:56Z,1789001156554,26.94,26.92,22.81,1.03,12.83,5348,5791,0.00,438239232
2026-09-10T00:45:57Z,1789001157590,26.94,26.89,22.81,0.70,12.41,5348,5769,0.00,437698560
2026-09-10T00:45:58Z,1789001158652,26.94,26.81,22.81,1.02,12.62,5352,5771,0.00,436011008
2026-09-10T00:45:59Z,1789001159702,26.94,26.83,22.81,0.67,12.26,5347,5777,0.00,286588928
2026-09-10T00:46:00Z,1789001160737,26.94,26.92,22.81,0.70,12.34,5344,5776,0.00,981336064
2026-09-10T00:46:01Z,1789001161776,26.92,26.98,22.81,1.18,12.81,5342,5782,0.00,517832704
2026-09-10T00:46:02Z,1789001162865,26.92,27.00,22.81,0.78,12.36,5350,5772,0.00,667238400
2026-09-10T00:46:03Z,1789001163927,26.92,26.91,22.81,0.72,12.34,5350,5774,0.00,277659648
2026-09-10T00:46:04Z,1789001164969,26.92,26.72,22.81,0.69,12.27,5346,5772,0.00,433504256
2026-09-10T00:46:06Z,1789001166002,26.92,26.66,22.81,0.77,12.33,5358,5778,0.00,280543232
2026-09-10T00:46:07Z,1789001167074,26.92,26.62,22.75,1.05,12.73,5345,5768,0.00,445120512
2026-09-10T00:46:08Z,1789001168108,26.92,26.56,22.75,0.95,12.53,5351,5775,0.00,291110912
2026-09-10T00:46:09Z,1789001169150,26.92,26.53,22.75,0.85,12.44,5352,5784,0.00,442613760
2026-09-10T00:46:10Z,1789001170209,26.94,26.50,22.75,0.66,12.25,5340,5773,0.00,282738688
2026-09-10T00:46:11Z,1789001171285,26.92,26.39,22.75,0.81,12.43,5355,5779,0.00,432324608
2026-09-10T00:46:12Z,1789001172328,26.92,26.45,22.75,0.69,12.26,5349,5768,0.00,290832384
2026-09-10T00:46:13Z,1789001173373,26.92,26.45,22.75,0.78,12.29,5346,5773,0.00,442613760
2026-09-10T00:46:14Z,1789001174432,26.92,26.25,22.75,0.66,12.24,5352,5782,0.00,290799616
2026-09-10T00:46:15Z,1789001175522,26.92,26.28,22.75,0.66,12.26,5350,5775,0.00,433700864
2026-09-10T00:46:16Z,1789001176581,26.91,26.22,22.75,1.09,12.74,5351,5770,0.00,603635712
2026-09-10T00:46:17Z,1789001177618,26.91,26.28,22.75,0.88,12.41,5350,5794,0.00,284524544
2026-09-10T00:46:18Z,1789001178707,26.91,26.19,22.69,0.73,12.31,5346,5773,0.00,446283776
2026-09-10T00:46:19Z,1789001179795,26.89,26.14,22.69,0.87,12.58,5349,5765,0.00,436256768
2026-09-10T00:46:20Z,1789001180890,26.88,26.14,22.69,0.73,12.25,5350,5783,0.00,707166208
2026-09-10T00:46:21Z,1789001181962,26.86,26.17,22.69,0.80,12.44,5345,5771,0.00,436060160
2026-09-10T00:46:23Z,1789001183054,26.84,26.08,22.69,0.81,12.33,5349,5785,0.00,283787264
2026-09-10T00:46:24Z,1789001184147,26.81,25.97,22.69,0.73,12.36,5349,5776,0.00,282296320
2026-09-10T00:46:25Z,1789001185186,26.81,25.97,22.69,0.68,12.32,5350,5777,0.00,285556736
2026-09-10T00:46:26Z,1789001186246,26.78,26.00,22.69,0.66,12.27,5350,5769,0.00,437338112
2026-09-10T00:46:27Z,1789001187375,26.77,26.06,22.69,0.92,12.53,5350,5775,0.00,285491200
2026-09-10T00:46:28Z,1789001188413,26.77,26.00,22.69,0.69,12.26,5354,5781,0.00,282542080
2026-09-10T00:46:29Z,1789001189495,26.75,25.94,22.62,0.64,12.23,5351,5772,0.00,283262976
2026-09-10T00:46:30Z,1789001190564,26.70,25.89,22.62,0.70,12.44,5358,5769,0.00,576880640
2026-09-10T00:46:31Z,1789001191606,26.70,25.95,22.62,0.92,12.44,5349,5777,0.00,283574272
2026-09-10T00:46:32Z,1789001192674,26.69,25.97,22.62,0.76,12.36,5353,5789,0.00,284459008
2026-09-10T00:46:33Z,1789001193725,26.62,25.92,22.62,0.72,12.23,5351,5773,0.00,285491200
2026-09-10T00:46:34Z,1789001194779,26.61,25.89,22.62,0.75,12.30,5348,5779,0.00,282542080
2026-09-10T00:46:35Z,1789001195860,26.59,25.91,22.62,0.71,12.27,5348,5784,0.00,283328512
2026-09-10T00:46:36Z,1789001196945,26.62,26.03,22.62,0.82,12.54,5354,5772,0.00,282230784
2026-09-10T00:46:38Z,1789001198027,26.59,25.92,22.62,1.13,12.71,5363,5786,0.00,283295744
2026-09-10T00:46:39Z,1789001199074,26.58,25.89,22.62,0.79,12.38,5358,5772,0.00,282230784
2026-09-10T00:46:40Z,1789001200125,26.58,25.86,22.62,0.72,12.29,5349,5782,0.00,284737536
2026-09-10T00:46:41Z,1789001201191,26.55,25.81,22.56,0.71,12.32,5348,5773,0.00,284459008
2026-09-10T00:46:42Z,1789001202219,26.55,25.86,22.56,0.82,12.37,5353,5772,0.00,285523968
2026-09-10T00:46:43Z,1789001203250,26.55,25.89,22.56,0.76,12.35,5350,5776,0.00,282198016
2026-09-10T00:46:44Z,1789001204326,26.53,25.89,22.56,0.68,12.34,5350,5782,0.00,285491200
2026-09-10T00:46:45Z,1789001205365,26.52,25.81,22.56,2.12,14.56,5351,5774,0.00,284459008
2026-09-10T00:46:46Z,1789001206440,26.66,26.38,22.56,1.36,12.86,5352,5772,0.00,603602944
2026-09-10T00:46:47Z,1789001207480,26.62,26.17,22.56,0.79,12.44,5350,5782,0.00,284459008
2026-09-10T00:46:48Z,1789001208511,26.58,25.95,22.56,1.02,12.70,5345,5774,0.00,283787264
2026-09-10T00:46:49Z,1789001209580,26.56,25.83,22.56,0.74,12.35,5350,5770,0.00,282296320
2026-09-10T00:46:50Z,1789001210624,26.53,25.78,22.56,0.65,12.27,5349,5784,0.00,283426816
2026-09-10T00:46:51Z,1789001211657,26.52,25.77,22.56,0.72,12.37,5358,5771,0.00,283639808
2026-09-10T00:46:52Z,1789001212744,26.48,25.80,22.56,0.83,12.45,5353,5771,0.00,283295744
2026-09-10T00:46:53Z,1789001213809,26.48,25.77,22.56,0.65,12.18,5352,5786,0.00,282230784
2026-09-10T00:46:54Z,1789001214908,26.47,25.78,22.50,0.76,12.32,5351,5787,0.00,285491200
2026-09-10T00:46:55Z,1789001215976,26.47,25.78,22.50,0.71,12.39,5345,5770,0.00,282198016
2026-09-10T00:46:57Z,1789001217069,26.47,25.75,22.50,0.85,12.42,5350,5778,0.00,283262976
2026-09-10T00:46:58Z,1789001218120,26.47,25.77,22.50,0.95,12.86,5353,5775,0.00,284426240
2026-09-10T00:46:59Z,1789001219207,26.45,25.75,22.50,0.66,12.37,5349,5775,0.00,283262976
2026-09-10T00:47:00Z,1789001220239,26.45,25.73,22.50,0.73,12.45,5349,5772,0.08,533741568
2026-09-10T00:47:01Z,1789001221309,26.45,25.78,22.50,0.96,12.66,5347,5776,0.00,810860544
2026-09-10T00:47:02Z,1789001222342,26.45,25.75,22.50,0.82,12.42,5360,5780,0.00,514539520
2026-09-10T00:47:03Z,1789001223431,26.45,25.75,22.50,0.88,12.45,5348,5774,0.00,285130752
2026-09-10T00:47:04Z,1789001224522,26.45,25.75,22.50,0.71,12.31,5352,5775,0.00,284459008
2026-09-10T00:47:05Z,1789001225576,26.44,25.75,22.50,0.83,12.48,5340,5773,0.00,285491200
2026-09-10T00:47:06Z,1789001226662,26.44,25.73,22.50,0.70,12.50,5347,5777,0.00,284459008
2026-09-10T00:47:07Z,1789001227751,26.44,25.77,22.44,0.83,12.40,5347,5782,0.00,281296896
2026-09-10T00:47:08Z,1789001228813,26.44,25.75,22.44,0.96,12.54,5353,5773,0.00,279085056
2026-09-10T00:47:09Z,1789001229869,26.42,25.73,22.44,0.70,12.30,5345,5785,0.00,280117248
2026-09-10T00:47:10Z,1789001230898,26.42,25.72,22.44,0.62,12.19,5356,5773,0.00,279396352
2026-09-10T00:47:11Z,1789001231991,26.41,25.72,22.44,0.68,12.30,5341,5785,0.00,282345472
2026-09-10T00:47:13Z,1789001233048,26.41,25.78,22.44,0.68,12.28,5352,5781,0.00,281280512
2026-09-10T00:47:14Z,1789001234119,26.41,25.75,22.44,1.04,12.82,5350,5774,0.00,280182784
2026-09-10T00:47:15Z,1789001235205,26.41,25.75,22.44,0.69,12.27,5350,5777,0.00,279085056
2026-09-10T00:47:16Z,1789001236299,26.39,25.73,22.44,0.96,12.68,5356,5768,0.00,600424448
2026-09-10T00:47:17Z,1789001237349,26.41,25.83,22.44,0.74,12.30,5349,5773,0.00,280428544
2026-09-10T00:47:18Z,1789001238442,26.38,25.92,22.44,0.93,12.95,5341,5776,0.00,280576000
2026-09-10T00:47:19Z,1789001239477,26.39,25.83,22.44,0.99,12.33,5348,5774,0.00,432193536
2026-09-10T00:47:20Z,1789001240569,26.38,25.77,22.44,0.68,12.29,5351,5778,0.00,432193536
2026-09-10T00:47:21Z,1789001241597,26.36,25.73,22.38,0.70,12.28,5347,5773,0.00,281624576
2026-09-10T00:47:22Z,1789001242653,26.34,25.72,22.38,0.89,12.54,5356,5771,0.00,281935872
2026-09-10T00:47:23Z,1789001243731,26.38,25.91,22.38,0.73,12.35,5353,5778,0.00,279707648
2026-09-10T00:47:24Z,1789001244804,26.41,25.88,22.38,1.78,13.70,5346,5774,0.00,432242688
2026-09-10T00:47:25Z,1789001245868,26.67,27.03,22.38,1.69,14.45,5344,5786,0.00,432603136
2026-09-10T00:47:26Z,1789001246961,26.78,27.20,22.38,5.40,17.39,5344,5774,0.00,430686208
2026-09-10T00:47:28Z,1789001248051,26.81,27.23,22.38,2.46,14.36,5347,5771,0.00,250413056
2026-09-10T00:47:29Z,1789001249124,26.83,27.23,22.38,2.78,14.58,5356,5768,0.00,442089472
2026-09-10T00:47:30Z,1789001250217,26.86,27.23,22.38,1.91,13.89,5338,5780,0.00,279691264
2026-09-10T00:47:31Z,1789001251251,26.75,26.62,22.38,2.08,16.01,5352,5773,0.00,726155264
2026-09-10T00:47:32Z,1789001252317,26.95,31.02,22.38,6.66,22.01,5341,5786,0.00,280133632
2026-09-10T00:47:33Z,1789001253358,27.08,29.98,22.38,2.49,14.85,5348,5769,0.00,279052288
2026-09-10T00:47:34Z,1789001254409,27.00,28.23,22.38,3.57,15.53,5353,5769,0.00,279674880
2026-09-10T00:47:35Z,1789001255499,26.98,28.36,22.38,2.91,15.29,5342,5775,0.00,430833664
2026-09-10T00:47:36Z,1789001256592,26.97,27.19,22.31,0.76,12.56,5344,5780,0.00,430866432
2026-09-10T00:47:37Z,1789001257683,26.94,26.98,22.31,1.58,13.24,5352,5785,0.00,430833664
2026-09-10T00:47:38Z,1789001258752,27.48,29.48,22.31,7.02,24.40,5349,5782,0.00,431816704
2026-09-10T00:47:39Z,1789001259816,27.44,29.14,22.31,3.51,16.64,5347,5765,0.00,433078272
2026-09-10T00:47:40Z,1789001260871,27.38,29.27,22.31,4.38,15.76,5350,5772,0.00,431849472
2026-09-10T00:47:41Z,1789001261899,27.84,31.67,22.31,5.52,21.95,5354,5774,0.00,430800896
2026-09-10T00:47:42Z,1789001262932,27.86,30.05,22.31,7.26,21.29,5349,5774,0.00,431849472
2026-09-10T00:47:43Z,1789001263976,27.61,29.11,22.31,2.99,15.39,5338,5792,0.00,430800896
2026-09-10T00:47:45Z,1789001265056,27.47,28.33,22.31,3.42,15.45,5346,5774,0.00,431849472
2026-09-10T00:47:46Z,1789001266142,27.41,28.98,22.31,2.40,14.93,5345,5772,0.00,753401856
2026-09-10T00:47:47Z,1789001267224,27.36,28.02,22.31,1.95,13.79,5348,5775,0.00,432652288
2026-09-10T00:47:48Z,1789001268280,27.34,28.03,22.31,3.41,15.58,5348,5790,0.00,433504256
2026-09-10T00:47:49Z,1789001269367,27.38,28.22,22.31,4.65,18.23,5347,5769,0.00,277692416
2026-09-10T00:47:50Z,1789001270451,27.55,28.92,22.31,3.64,14.94,5358,5772,0.00,432439296
2026-09-10T00:47:51Z,1789001271525,27.42,28.27,22.31,2.67,14.84,5339,5794,0.00,277938176
2026-09-10T00:47:52Z,1789001272581,27.36,27.95,22.31,2.56,14.53,5346,5789,0.00,430931968
2026-09-10T00:47:53Z,1789001273640,27.33,27.77,22.31,2.68,15.06,5355,5776,0.00,434716672
2026-09-10T00:47:54Z,1789001274695,27.34,27.89,22.25,3.37,15.24,5350,5780,0.00,280215552
2026-09-10T00:47:55Z,1789001275728,27.23,27.67,22.25,2.20,14.12,5353,5797,0.00,430931968
2026-09-10T00:47:56Z,1789001276774,27.25,27.66,22.25,2.62,14.75,5345,5772,0.00,432439296
2026-09-10T00:47:57Z,1789001277855,27.30,28.05,22.25,2.32,14.66,5354,5770,0.00,277938176
2026-09-10T00:47:58Z,1789001278950,27.33,28.03,22.25,3.56,15.89,5354,5788,0.00,430931968
2026-09-10T00:48:00Z,1789001280001,27.28,27.77,22.25,3.40,15.27,5344,5780,0.00,430931968
2026-09-10T00:48:01Z,1789001281074,27.25,27.50,22.25,2.37,14.68,5355,5783,0.00,977420288
2026-09-10T00:48:02Z,1789001282100,27.17,27.41,22.25,2.32,14.16,5346,5774,0.00,510803968
2026-09-10T00:48:03Z,1789001283137,27.23,28.06,22.25,2.77,15.16,5344,5771,0.00,279642112
2026-09-10T00:48:04Z,1789001284227,27.25,28.27,22.25,3.47,15.84,5348,5782,0.00,279183360
2026-09-10T00:48:05Z,1789001285268,27.28,28.11,22.25,2.57,14.55,5351,5768,0.00,279183360
2026-09-10T00:48:06Z,1789001286295,27.20,27.67,22.25,2.36,14.19,5344,5777,0.00,279150592
2026-09-10T00:48:07Z,1789001287382,27.14,27.55,22.25,2.29,14.31,5342,5770,0.00,279511040
2026-09-10T00:48:08Z,1789001288470,27.17,27.75,22.25,2.68,14.75,5352,5778,0.00,279150592
2026-09-10T00:48:09Z,1789001289544,27.20,27.91,22.25,3.77,16.50,5347,5778,0.00,279183360
2026-09-10T00:48:10Z,1789001290632,27.30,28.25,22.25,2.87,14.97,5347,5783,0.00,289783808
2026-09-10T00:48:11Z,1789001291713,27.22,27.91,22.19,2.60,14.42,5340,5773,0.00,279150592
2026-09-10T00:48:12Z,1789001292772,27.25,27.97,22.19,2.81,14.80,5355,5768,0.00,279150592
2026-09-10T00:48:13Z,1789001293804,27.25,27.86,22.19,3.15,15.28,5347,5781,0.00,291192832
2026-09-10T00:48:14Z,1789001294836,27.73,33.83,22.19,3.50,16.56,5350,5781,0.00,88202608640
2026-09-10T00:48:15Z,1789001295912,39.28,32.75,22.19,20.01,45.13,5354,5776,1.00,93826072576
2026-09-10T00:48:16Z,1789001296965,52.62,34.84,22.19,133.51,134.25,5380,5814,1.00,93438328832
2026-09-10T00:48:18Z,1789001298036,57.22,37.14,22.19,136.86,134.04,5356,5789,0.85,93100785664
2026-09-10T00:48:19Z,1789001299064,53.91,38.72,22.19,111.52,126.30,5347,5791,0.53,88942297088
2026-09-10T00:48:20Z,1789001300115,53.06,39.44,22.19,98.54,129.17,5348,5787,0.99,88956452864
2026-09-10T00:48:21Z,1789001301191,55.98,40.50,22.19,123.32,127.61,5350,5787,1.00,93539123200
2026-09-10T00:48:22Z,1789001302250,62.73,42.30,22.19,132.58,132.78,5361,5784,1.00,93483139072
2026-09-10T00:48:23Z,1789001303323,69.02,44.08,22.19,118.87,120.82,5358,5779,0.97,93173727232
2026-09-10T00:48:24Z,1789001304368,67.11,45.31,22.19,96.23,115.42,5356,5784,0.99,89019170816
2026-09-10T00:48:25Z,1789001305393,65.34,45.84,22.19,97.14,129.13,5356,5786,0.99,89023561728
2026-09-10T00:48:26Z,1789001306443,65.11,46.25,22.19,94.87,125.01,5349,5770,0.97,93407150080
2026-09-10T00:48:27Z,1789001307508,68.67,46.86,22.19,125.59,132.94,5341,5787,1.00,93374349312
2026-09-10T00:48:28Z,1789001308530,74.22,48.20,22.19,103.57,121.44,5352,5778,1.00,93369712640
2026-09-10T00:48:29Z,1789001309607,74.70,48.94,22.19,99.82,120.53,5346,5794,0.54,93186539520
2026-09-10T00:48:30Z,1789001310692,72.70,49.86,22.19,96.59,131.57,5340,5777,0.74,89177276416
2026-09-10T00:48:31Z,1789001311759,70.36,50.52,22.19,97.74,131.91,5356,5778,0.99,88883396608
2026-09-10T00:48:32Z,1789001312832,74.17,51.08,22.19,98.15,126.03,5343,5762,1.00,93391224832
2026-09-10T00:48:33Z,1789001313910,78.86,51.94,22.19,119.42,131.18,5371,5770,1.00,93347381248
2026-09-10T00:48:34Z,1789001314975,80.16,52.72,22.19,104.34,123.66,5346,5787,1.00,93345349632
2026-09-10T00:48:36Z,1789001316021,78.58,53.66,22.19,102.80,121.69,5357,5779,0.99,93186015232
2026-09-10T00:48:37Z,1789001317054,76.23,54.19,22.12,97.95,130.48,5351,5769,0.99,88883544064
2026-09-10T00:48:38Z,1789001318100,75.41,54.47,22.12,100.27,132.79,5344,5781,0.99,88883544064
2026-09-10T00:48:39Z,1789001319177,77.72,54.78,22.12,100.55,133.08,5362,5788,1.00,93402578944
2026-09-10T00:48:40Z,1789001320241,80.25,55.05,22.12,98.25,120.32,5378,5773,1.00,93362536448
2026-09-10T00:48:41Z,1789001321273,80.75,55.25,22.12,97.74,119.93,5346,5770,1.00,93360340992
2026-09-10T00:48:42Z,1789001322338,80.11,55.48,22.19,95.87,127.66,5352,5782,0.99,93458792448
2026-09-10T00:48:43Z,1789001323376,77.94,55.73,22.12,99.75,132.79,5354,5782,0.87,88892325888
2026-09-10T00:48:44Z,1789001324417,77.27,57.31,22.12,103.83,134.09,5351,5788,0.98,88880742400
2026-09-10T00:48:45Z,1789001325469,77.41,59.55,22.12,103.50,123.37,5351,5767,1.00,93403054080
2026-09-10T00:48:46Z,1789001326520,79.95,58.06,22.12,87.45,117.27,5346,5779,1.00,93685612544
2026-09-10T00:48:47Z,1789001327565,79.92,57.19,22.12,91.70,117.52,5346,5762,1.00,93356818432
2026-09-10T00:48:48Z,1789001328597,80.44,57.02,22.12,89.73,119.27,5345,5792,0.99,93194862592
2026-09-10T00:48:49Z,1789001329672,78.55,57.41,22.12,101.73,132.94,5345,5779,0.95,88889769984
2026-09-10T00:48:50Z,1789001330691,78.44,57.78,22.12,99.11,132.67,5349,5792,0.56,88881004544
2026-09-10T00:48:51Z,1789001331745,80.64,57.56,22.19,95.04,124.63,5346,5788,1.00,93412065280
2026-09-10T00:48:52Z,1789001332815,80.89,57.33,22.12,93.39,117.02,5349,5791,1.00,93396320256
2026-09-10T00:48:53Z,1789001333836,81.67,58.20,22.19,92.28,118.62,5349,5780,1.00,93394255872
2026-09-10T00:48:54Z,1789001334916,80.52,59.48,22.19,94.66,120.79,5355,5776,0.94,93203496960
2026-09-10T00:48:55Z,1789001335933,79.73,59.25,22.19,96.17,128.54,5352,5780,0.99,88890572800
2026-09-10T00:48:57Z,1789001337005,79.59,58.88,22.19,99.27,132.37,5357,5769,0.24,88888442880
2026-09-10T00:48:58Z,1789001338077,79.50,58.73,22.19,95.76,129.80,5366,5777,0.98,93411000320
2026-09-10T00:48:59Z,1789001339107,82.02,60.06,22.19,102.31,121.41,5342,5789,1.00,93367255040
2026-09-10T00:49:00Z,1789001340175,82.08,59.23,22.19,90.10,116.76,5348,5788,1.00,93615734784
2026-09-10T00:49:01Z,1789001341202,82.50,59.88,22.19,94.29,122.84,5353,5768,0.95,93728997376
2026-09-10T00:49:02Z,1789001342238,80.39,60.64,22.19,96.46,129.68,5354,5791,0.99,89121603584
2026-09-10T00:49:03Z,1789001343297,80.11,60.02,22.19,98.16,131.83,5343,5785,0.99,88890458112
2026-09-10T00:49:04Z,1789001344326,80.22,61.00,22.19,90.48,109.17,5349,5786,0.99,88041766912
2026-09-10T00:49:05Z,1789001345390,72.61,61.53,22.19,31.61,58.63,5295,5764,0.96,93487955968
2026-09-10T00:49:06Z,1789001346469,78.25,59.31,22.19,131.50,134.34,5341,5779,1.00,93457645568
2026-09-10T00:49:07Z,1789001347497,86.70,60.41,22.19,113.56,129.50,5354,5786,0.99,93091168256
2026-09-10T00:49:08Z,1789001348526,87.42,61.14,22.19,99.10,127.73,5351,5778,0.99,88780406784
2026-09-10T00:49:09Z,1789001349560,84.84,61.67,22.25,103.64,134.74,5354,5791,0.99,88780406784
2026-09-10T00:49:10Z,1789001350598,83.89,61.72,22.25,99.93,134.02,5340,5776,0.98,93369647104
2026-09-10T00:49:11Z,1789001351666,84.53,61.75,22.25,98.20,117.52,5354,5790,1.00,93362995200
2026-09-10T00:49:12Z,1789001352708,84.69,63.19,22.25,87.01,118.53,5356,5771,1.00,93358555136
2026-09-10T00:49:13Z,1789001353790,83.09,61.94,22.25,91.29,120.18,5360,5779,0.84,93180919808
2026-09-10T00:49:14Z,1789001354834,81.97,64.31,22.25,87.62,120.28,5350,5778,0.99,88858755072
2026-09-10T00:49:15Z,1789001355852,82.19,62.91,22.25,102.41,132.78,5359,5787,0.99,89187516416
2026-09-10T00:49:16Z,1789001356880,81.81,62.69,22.25,98.66,131.51,5337,5758,0.98,93694115840
2026-09-10T00:49:17Z,1789001357959,83.80,63.08,22.25,97.45,120.42,5351,5787,1.00,93346627584
2026-09-10T00:49:18Z,1789001358994,83.48,61.95,22.31,83.06,116.58,5337,5778,1.00,93344563200
2026-09-10T00:49:20Z,1789001360018,84.14,61.42,22.25,84.34,115.64,5339,5771,0.99,93188980736
2026-09-10T00:49:21Z,1789001361082,82.30,62.77,22.31,89.10,121.57,5342,5780,0.99,88884002816
2026-09-10T00:49:22Z,1789001362155,82.25,64.75,22.31,97.48,130.91,5353,5773,0.99,88884002816
2026-09-10T00:49:23Z,1789001363196,82.38,64.25,22.31,94.37,124.62,5356,5780,0.98,93389012992
2026-09-10T00:49:24Z,1789001364276,84.14,66.42,22.31,92.56,120.14,5353,5782,1.00,93349789696
2026-09-10T00:49:25Z,1789001365355,83.69,66.34,22.31,84.80,118.60,5342,5791,1.00,93357031424
2026-09-10T00:49:26Z,1789001366378,83.94,64.14,22.31,83.06,113.92,5355,5781,0.96,93176741888
2026-09-10T00:49:27Z,1789001367438,82.53,62.48,22.31,89.79,123.82,5357,5778,0.96,88881512448
2026-09-10T00:49:28Z,1789001368455,81.92,62.66,22.31,94.50,128.87,5356,5785,0.60,88871370752
2026-09-10T00:49:29Z,1789001369535,82.03,62.31,22.38,96.92,131.16,5348,5791,0.95,93386604544
2026-09-10T00:49:30Z,1789001370610,82.81,64.02,22.38,93.04,115.48,5354,5773,1.00,93651402752
2026-09-10T00:49:31Z,1789001371666,84.59,62.95,22.38,90.65,119.23,5351,5781,1.00,93355753472
2026-09-10T00:49:32Z,1789001372690,86.75,63.02,22.38,93.12,119.33,5352,5773,0.99,93192470528
2026-09-10T00:49:33Z,1789001373749,84.08,63.55,22.38,94.41,123.53,5366,5777,0.62,93190799360
2026-09-10T00:49:34Z,1789001374829,83.58,64.55,22.38,92.02,126.16,5355,5789,0.94,88880152576
2026-09-10T00:49:35Z,1789001375881,82.98,63.61,22.38,101.49,131.87,5351,5776,0.35,88890327040
2026-09-10T00:49:36Z,1789001376924,85.27,63.09,22.44,84.43,115.92,5370,5770,0.99,93400334336
2026-09-10T00:49:37Z,1789001377994,85.05,62.58,22.44,96.46,115.80,5362,5774,1.00,93383835648
2026-09-10T00:49:39Z,1789001379045,87.05,62.83,22.44,85.24,115.07,5350,5770,0.00,93382524928
2026-09-10T00:49:40Z,1789001380103,85.64,63.38,22.44,99.44,123.57,5355,5770,0.62,93192994816
2026-09-10T00:49:41Z,1789001381165,84.17,64.20,22.44,85.26,118.49,5352,5786,0.79,88889901056
2026-09-10T00:49:42Z,1789001382194,84.02,63.88,22.44,98.12,131.07,5344,5782,0.89,88879792128
2026-09-10T00:49:43Z,1789001383251,83.98,63.45,22.44,91.05,116.55,5359,5783,0.09,93397647360
2026-09-10T00:49:44Z,1789001384307,86.52,63.22,22.44,93.20,118.98,5348,5775,0.03,93371416576
2026-09-10T00:49:45Z,1789001385389,88.20,64.78,22.50,98.42,122.90,5353,5769,0.06,93367009280
2026-09-10T00:49:46Z,1789001386455,88.94,64.97,22.50,86.86,111.62,5338,5774,0.39,93526327296
2026-09-10T00:49:47Z,1789001387487,84.69,65.28,22.50,98.06,131.82,5360,5768,0.99,88886444032
2026-09-10T00:49:48Z,1789001388540,84.52,64.86,22.50,95.54,129.69,5345,5781,0.00,88888639488
2026-09-10T00:49:49Z,1789001389573,84.47,64.31,22.50,95.18,124.06,5344,5778,0.89,93409034240
2026-09-10T00:49:50Z,1789001390599,87.09,64.58,22.56,102.25,121.53,5357,5776,1.00,93372121088
2026-09-10T00:49:51Z,1789001391623,88.23,65.53,22.50,96.14,122.13,5343,5771,1.00,93367713792
2026-09-10T00:49:52Z,1789001392709,86.64,64.00,22.56,87.41,113.54,5355,5783,0.99,93207953408
2026-09-10T00:49:53Z,1789001393789,84.75,63.73,22.56,86.02,120.71,5347,5772,1.00,88888213504
2026-09-10T00:49:54Z,1789001394844,84.75,64.41,22.56,97.41,130.47,5350,5766,0.98,88888213504
2026-09-10T00:49:55Z,1789001395889,83.97,64.39,22.56,97.83,130.85,5350,5780,0.60,278167552
2026-09-10T00:49:56Z,1789001396977,73.81,66.39,22.56,58.24,74.33,5333,5787,0.97,93485924352
2026-09-10T00:49:58Z,1789001398041,84.05,63.78,22.56,66.25,86.32,5361,5761,1.00,93455433728
2026-09-10T00:49:59Z,1789001399104,92.78,64.45,22.56,123.53,132.65,5355,5777,1.00,93455859712
2026-09-10T00:50:00Z,1789001400145,92.11,66.41,22.62,121.85,129.69,5341,5783,0.43,93341220864
2026-09-10T00:50:01Z,1789001401188,88.81,66.14,22.62,103.74,134.08,5356,5777,0.99,89324044288
2026-09-10T00:50:02Z,1789001402232,87.53,66.12,22.62,92.50,122.48,5356,5784,0.48,93591371776
2026-09-10T00:50:03Z,1789001403312,88.09,65.22,22.62,97.27,121.30,5351,5768,1.00,93328506880
2026-09-10T00:50:04Z,1789001404343,89.08,64.98,22.62,91.38,118.25,5348,5778,1.00,93333405696
2026-09-10T00:50:05Z,1789001405432,88.92,64.95,22.69,88.74,115.10,5357,5775,0.99,93176233984
2026-09-10T00:50:06Z,1789001406493,87.34,65.45,22.69,86.53,121.81,5354,5774,0.00,88871092224
2026-09-10T00:50:07Z,1789001407515,85.36,65.20,22.69,94.79,129.25,5344,5769,0.99,88860950528
2026-09-10T00:50:08Z,1789001408595,84.78,65.00,22.69,94.25,128.98,5357,5793,0.90,93377691648
2026-09-10T00:50:09Z,1789001409680,85.45,64.80,22.75,90.87,116.05,5353,5771,1.00,93346660352
2026-09-10T00:50:10Z,1789001410717,88.89,65.77,22.75,87.06,115.82,5357,5776,1.00,93344628736
2026-09-10T00:50:11Z,1789001411747,87.58,66.80,22.75,99.62,122.01,5346,5774,0.99,93488922624
2026-09-10T00:50:12Z,1789001412766,85.06,66.02,22.75,82.28,117.62,5349,5783,0.96,93477552128
2026-09-10T00:50:13Z,1789001413845,85.61,65.56,22.75,98.71,132.46,5345,5778,0.94,89184731136
2026-09-10T00:50:14Z,1789001414924,85.42,65.09,22.75,98.12,131.24,5347,5771,0.85,93691052032
2026-09-10T00:50:15Z,1789001415961,88.69,66.00,22.81,101.06,126.26,5352,5762,1.00,93974659072
2026-09-10T00:50:17Z,1789001417051,89.06,66.67,22.81,96.49,120.37,5329,5781,1.00,93652156416
2026-09-10T00:50:18Z,1789001418114,88.80,67.28,22.81,91.06,118.31,5346,5784,0.71,93504258048
2026-09-10T00:50:19Z,1789001419191,85.05,66.11,22.81,84.19,121.43,5353,5773,0.99,89206276096
2026-09-10T00:50:20Z,1789001420233,84.70,66.53,22.81,103.22,133.50,5361,5770,0.98,89207488512
2026-09-10T00:50:21Z,1789001421282,85.38,66.97,22.81,97.26,128.46,5349,5746,0.91,93722853376
2026-09-10T00:50:22Z,1789001422303,85.44,66.70,22.88,84.10,114.74,5348,5779,1.00,93711302656
2026-09-10T00:50:23Z,1789001423338,83.55,67.03,22.88,77.62,110.82,5363,5787,1.00,93668147200
2026-09-10T00:50:24Z,1789001424385,85.91,66.20,22.88,94.07,118.76,5355,5788,1.00,93696868352
2026-09-10T00:50:25Z,1789001425435,86.88,65.30,22.88,81.92,118.46,5359,5777,0.00,93506879488
2026-09-10T00:50:26Z,1789001426473,85.34,65.11,22.88,98.74,132.19,5350,5788,0.99,89202851840
2026-09-10T00:50:27Z,1789001427497,86.00,65.75,22.88,100.80,132.83,5350,5785,0.02,89201819648
2026-09-10T00:50:28Z,1789001428573,86.27,65.95,22.94,97.05,123.58,5346,5771,0.68,93712744448
2026-09-10T00:50:29Z,1789001429635,88.78,65.84,22.94,96.42,119.12,5346,5761,1.00,93683580928
2026-09-10T00:50:30Z,1789001430689,89.50,65.64,22.94,88.12,115.88,5343,5765,1.00,93981622272
2026-09-10T00:50:31Z,1789001431745,87.12,65.16,22.94,92.27,117.99,5348,5769,0.02,93521756160
2026-09-10T00:50:32Z,1789001432789,86.56,65.91,22.94,88.13,124.41,5357,5784,0.89,89215320064
2026-09-10T00:50:33Z,1789001433835,86.09,65.38,22.94,98.59,131.02,5348,5764,0.30,89212960768
2026-09-10T00:50:34Z,1789001434870,86.55,65.61,23.00,92.73,128.26,5351,5791,0.81,93734240256
2026-09-10T00:50:35Z,1789001435942,88.67,66.31,23.00,97.66,118.49,5350,5785,0.00,93692395520
2026-09-10T00:50:37Z,1789001437005,89.48,65.91,23.00,89.12,117.93,5340,5774,1.00,93697097728
2026-09-10T00:50:38Z,1789001438086,90.45,65.91,23.00,96.87,121.03,5354,5793,0.76,93536387072
2026-09-10T00:50:39Z,1789001439144,86.38,65.48,23.00,85.78,113.35,5345,5776,0.68,89223888896
2026-09-10T00:50:40Z,1789001440165,86.47,65.78,23.00,94.84,129.44,5350,5768,0.58,89222791168
2026-09-10T00:50:41Z,1789001441204,86.67,65.94,23.06,96.89,125.69,5338,5804,0.83,93734174720
2026-09-10T00:50:42Z,1789001442228,89.42,66.48,23.06,103.21,123.27,5346,5777,1.00,93671489536
2026-09-10T00:50:43Z,1789001443249,89.56,66.41,23.06,80.68,112.92,5344,5782,1.00,93697703936
2026-09-10T00:50:44Z,1789001444278,88.17,67.34,23.06,95.69,120.07,5368,5777,1.00,93386637312
2026-09-10T00:50:45Z,1789001445301,88.89,67.06,23.06,94.81,127.58,5353,5784,0.96,93483368448
2026-09-10T00:50:46Z,1789001446324,87.61,67.84,23.06,100.29,130.94,5340,5776,0.87,89229852672
2026-09-10T00:50:47Z,1789001447351,86.73,67.14,23.12,92.23,126.86,5355,5778,0.92,88910315520
2026-09-10T00:50:48Z,1789001448424,85.94,66.88,23.12,56.68,69.51,5360,5766,0.99,292093952
2026-09-10T00:50:49Z,1789001449467,75.42,64.91,23.12,3.28,15.55,5349,5767,0.00,292077568
2026-09-10T00:50:50Z,1789001450523,67.55,61.23,23.12,3.36,15.06,5347,5768,0.00,292143104
2026-09-10T00:50:51Z,1789001451606,62.89,58.62,23.12,4.03,16.95,5341,5777,0.00,292143104
2026-09-10T00:50:52Z,1789001452691,57.34,56.84,23.19,3.37,15.67,5344,5770,0.00,292143104
2026-09-10T00:50:53Z,1789001453728,55.48,53.70,23.19,3.79,16.41,5348,5777,0.00,292143104
2026-09-10T00:50:54Z,1789001454836,53.88,52.14,23.19,1.55,12.94,5346,5773,0.00,292143104
2026-09-10T00:50:55Z,1789001455937,52.61,51.02,23.19,2.77,15.22,5342,5782,0.00,292143104
2026-09-10T00:50:57Z,1789001457002,51.66,50.23,23.19,2.95,15.25,5343,5775,0.00,292143104
2026-09-10T00:50:58Z,1789001458078,50.67,49.44,23.19,3.22,15.91,5343,5769,0.00,443924480
2026-09-10T00:50:59Z,1789001459157,49.67,48.25,23.25,1.33,12.54,5346,5763,0.00,443383808
2026-09-10T00:51:00Z,1789001460188,48.92,47.91,23.25,3.14,14.55,5349,5771,0.00,690290688
2026-09-10T00:51:01Z,1789001461222,48.06,47.08,23.25,5.99,18.90,5349,5780,0.00,984416256
2026-09-10T00:51:02Z,1789001462311,47.30,46.70,23.25,2.76,15.67,5343,5773,0.00,680869888
2026-09-10T00:51:03Z,1789001463422,46.45,46.22,23.25,2.06,13.31,5354,5778,0.00,446595072
2026-09-10T00:51:04Z,1789001464502,45.88,46.16,23.25,3.28,15.66,5338,5771,0.00,292438016
2026-09-10T00:51:05Z,1789001465546,45.28,44.50,23.31,3.93,16.14,5349,5772,0.00,291635200
2026-09-10T00:51:06Z,1789001466570,44.81,44.83,23.31,5.30,18.01,5353,5776,0.00,291635200
2026-09-10T00:51:07Z,1789001467627,44.48,45.31,23.31,4.13,16.62,5340,5775,0.00,292175872
2026-09-10T00:51:08Z,1789001468734,43.52,43.81,23.31,1.57,13.39,5344,5769,0.00,292175872
2026-09-10T00:51:09Z,1789001469777,43.08,44.09,23.31,4.44,17.34,5346,5775,0.00,443957248
2026-09-10T00:51:10Z,1789001470823,42.62,44.03,23.31,4.05,16.35,5343,5772,0.00,291717120
2026-09-10T00:51:11Z,1789001471927,42.11,42.14,23.31,3.44,15.14,5347,5770,0.00,291880960
2026-09-10T00:51:13Z,1789001473017,41.72,42.11,23.38,2.59,15.17,5355,5782,0.00,291323904
2026-09-10T00:51:14Z,1789001474063,41.30,41.86,23.38,3.99,15.49,5348,5768,0.00,289603584
2026-09-10T00:51:15Z,1789001475117,40.86,40.95,23.38,2.32,13.86,5340,5781,0.00,293601280
2026-09-10T00:51:16Z,1789001476204,40.52,40.78,23.38,3.35,15.51,5366,5780,0.00,609648640
2026-09-10T00:51:17Z,1789001477298,40.22,40.94,23.38,3.19,14.42,5348,5781,0.00,291323904
2026-09-10T00:51:18Z,1789001478378,39.89,41.17,23.38,3.83,16.03,5350,5771,0.00,443858944
2026-09-10T00:51:19Z,1789001479446,39.55,39.84,23.38,1.51,13.82,5346,5775,0.00,291602432
2026-09-10T00:51:20Z,1789001480507,39.31,40.16,23.44,5.62,17.19,5338,5775,0.00,441614336
2026-09-10T00:51:21Z,1789001481546,39.12,40.19,23.38,3.17,15.07,5356,5767,0.00,443547648
2026-09-10T00:51:22Z,1789001482582,38.92,39.97,23.44,4.48,17.56,5342,5776,0.00,291209216
2026-09-10T00:51:23Z,1789001483661,38.70,39.89,23.44,3.20,14.69,5352,5775,0.00,290750464
2026-09-10T00:51:24Z,1789001484721,38.03,38.17,23.44,3.30,15.12,5352,5773,0.00,290684928
2026-09-10T00:51:25Z,1789001485776,37.75,37.92,23.44,1.42,13.40,5348,5769,0.00,443400192
2026-09-10T00:51:26Z,1789001486832,37.47,37.86,23.44,2.29,13.30,5339,5775,0.00,440254464
2026-09-10T00:51:27Z,1789001487902,37.27,37.84,23.44,2.52,14.37,5344,5772,0.00,439762944
2026-09-10T00:51:28Z,1789001488985,37.09,38.05,23.44,3.17,15.38,5354,5787,0.00,441303040
2026-09-10T00:51:30Z,1789001490052,36.92,38.09,23.44,2.64,14.83,5346,5776,0.00,441942016
2026-09-10T00:51:31Z,1789001491094,36.78,37.59,23.44,4.25,16.75,5343,5775,0.00,736313344
2026-09-10T00:51:32Z,1789001492178,36.58,36.94,23.50,3.26,15.43,5347,5776,0.00,456556544
2026-09-10T00:51:33Z,1789001493235,36.38,36.80,23.50,1.26,12.34,5349,5788,0.00,453967872
2026-09-10T00:51:34Z,1789001494320,36.17,36.59,23.50,3.18,15.30,5359,5780,0.00,441942016
2026-09-10T00:51:35Z,1789001495438,35.98,35.92,23.50,2.32,14.28,5342,5779,0.00,453525504
2026-09-10T00:51:36Z,1789001496503,35.81,36.03,23.50,3.55,15.48,5351,5771,0.00,453263360
2026-09-10T00:51:37Z,1789001497574,35.66,36.09,23.50,3.67,15.63,5343,5778,0.00,442335232
2026-09-10T00:51:38Z,1789001498655,35.52,36.03,23.50,1.73,13.43,5350,5767,0.00,444170240
2026-09-10T00:51:39Z,1789001499730,35.09,35.20,23.50,3.18,14.65,5344,5773,0.00,442318848
2026-09-10T00:51:40Z,1789001500795,34.94,35.55,23.50,2.77,14.99,5350,5772,0.00,444055552
2026-09-10T00:51:41Z,1789001501836,34.78,35.48,23.50,2.48,13.88,5350,5776,0.00,439861248
2026-09-10T00:51:42Z,1789001502917,34.69,35.45,23.50,3.98,16.64,5347,5767,0.00,289325056
2026-09-10T00:51:44Z,1789001504004,34.44,34.23,23.50,1.57,12.58,5342,5770,0.00,290193408
2026-09-10T00:51:45Z,1789001505089,34.31,34.53,23.50,0.94,12.63,5351,5774,0.00,290242560
2026-09-10T00:51:46Z,1789001506136,34.22,34.64,23.50,3.88,16.05,5346,5775,0.00,609894400
2026-09-10T00:51:47Z,1789001507169,34.19,35.27,23.50,3.61,15.34,5352,5771,0.00,289816576
2026-09-10T00:51:48Z,1789001508256,34.09,34.42,23.50,1.63,13.45,5349,5771,0.00,289816576
2026-09-10T00:51:49Z,1789001509345,34.00,34.20,23.50,2.67,14.50,5346,5776,0.00,289816576
2026-09-10T00:51:50Z,1789001510431,33.89,34.69,23.50,5.05,17.53,5353,5778,0.00,289947648
2026-09-10T00:51:51Z,1789001511474,33.83,34.88,23.50,2.03,12.85,5340,5776,0.00,455753728
2026-09-10T00:51:52Z,1789001512554,33.67,34.52,23.50,3.11,14.90,5342,5772,0.00,441729024
2026-09-10T00:51:53Z,1789001513610,33.53,33.75,23.50,1.43,12.67,5353,5769,0.00,291110912
2026-09-10T00:51:54Z,1789001514700,33.22,33.11,23.50,1.33,12.85,5349,5782,0.00,288456704
2026-09-10T00:51:55Z,1789001515740,33.17,33.12,23.50,2.48,14.34,5349,5777,0.00,442155008
2026-09-10T00:51:56Z,1789001516772,33.16,34.05,23.50,2.41,14.08,5336,5766,0.00,443613184
2026-09-10T00:51:57Z,1789001517859,32.98,33.20,23.50,3.40,14.82,5349,5778,0.00,442482688
2026-09-10T00:51:58Z,1789001518888,32.92,33.27,23.50,1.35,13.50,5350,5780,0.00,442155008
2026-09-10T00:51:59Z,1789001519917,32.81,33.06,23.50,4.47,16.11,5347,5774,0.00,442122240
2026-09-10T00:52:00Z,1789001520998,32.89,34.95,23.50,2.30,14.55,5357,5785,0.00,988168192
2026-09-10T00:52:02Z,1789001522073,32.91,34.95,23.50,5.02,16.66,5353,5780,0.00,676790272
2026-09-10T00:52:03Z,1789001523148,32.75,34.02,23.50,4.40,16.50,5344,5776,0.00,443662336
2026-09-10T00:52:04Z,1789001524178,32.62,33.73,23.50,3.98,16.27,5339,5771,0.00,442335232
2026-09-10T00:52:05Z,1789001525203,32.64,34.53,23.50,5.77,18.62,5358,5777,0.00,443219968
2026-09-10T00:52:06Z,1789001526248,32.72,34.23,23.50,2.99,14.85,5344,5777,0.00,443613184
2026-09-10T00:52:07Z,1789001527298,32.64,33.69,23.50,3.08,15.72,5344,5772,0.00,443613184
2026-09-10T00:52:08Z,1789001528377,32.50,33.03,23.50,2.50,13.88,5349,5767,0.00,442122240
2026-09-10T00:52:09Z,1789001529439,32.27,32.61,23.50,3.38,15.74,5346,5767,0.00,442122240
2026-09-10T00:52:10Z,1789001530491,32.23,32.62,23.50,1.77,14.56,5350,5773,0.00,442089472
2026-09-10T00:52:11Z,1789001531566,32.28,33.12,23.50,3.20,14.05,5351,5776,0.00,442105856
2026-09-10T00:52:12Z,1789001532619,32.33,34.58,23.50,6.43,19.71,5351,5774,0.00,441729024
2026-09-10T00:52:13Z,1789001533659,32.27,32.98,23.50,1.12,12.50,5357,5765,0.00,443662336
2026-09-10T00:52:14Z,1789001534710,32.03,32.30,23.50,3.15,15.51,5357,5771,0.00,440991744
2026-09-10T00:52:15Z,1789001535799,32.05,32.58,23.50,3.41,15.77,5351,5786,0.00,765870080
2026-09-10T00:52:16Z,1789001536868,32.03,33.17,23.50,3.58,15.74,5354,5774,0.00,765362176
2026-09-10T00:52:17Z,1789001537893,31.98,32.75,23.50,3.48,15.52,5346,5782,0.00,442302464
2026-09-10T00:52:18Z,1789001538987,31.84,32.50,23.50,2.15,13.93,5352,5776,0.00,440549376
2026-09-10T00:52:20Z,1789001540068,31.70,32.41,23.50,2.24,13.53,5348,5780,0.00,440926208
2026-09-10T00:52:21Z,1789001541126,31.66,32.56,23.50,3.25,15.43,5347,5772,0.00,288768000
2026-09-10T00:52:22Z,1789001542181,31.72,32.70,23.50,2.97,15.03,5344,5776,0.00,443138048
2026-09-10T00:52:23Z,1789001543228,31.47,31.52,23.44,1.37,13.48,5352,5779,0.00,443777024
2026-09-10T00:52:24Z,1789001544263,31.34,31.62,23.44,2.56,14.03,5341,5773,0.00,441368576
2026-09-10T00:52:25Z,1789001545353,31.25,31.14,23.44,1.86,14.07,5352,5765,0.00,439386112
2026-09-10T00:52:26Z,1789001546416,31.19,31.41,23.44,2.28,14.34,5349,5767,0.00,441204736
2026-09-10T00:52:27Z,1789001547498,31.25,31.94,23.44,3.36,15.43,5348,5772,0.00,438714368
2026-09-10T00:52:28Z,1789001548579,31.20,31.75,23.44,2.24,13.06,5349,5769,0.00,441253888
2026-09-10T00:52:29Z,1789001549612,30.98,30.86,23.44,2.16,14.09,5349,5781,0.00,440041472
2026-09-10T00:52:30Z,1789001550640,30.97,31.11,23.44,2.71,15.04,5346,5766,0.00,735150080
2026-09-10T00:52:31Z,1789001551667,31.03,31.88,23.44,4.53,16.46,5350,5773,0.00,286769152
2026-09-10T00:52:32Z,1789001552753,31.25,32.80,23.44,4.80,18.31,5347,5774,0.00,441188352
2026-09-10T00:52:33Z,1789001553805,31.00,31.72,23.44,2.45,13.37,5347,5767,0.00,444923904
2026-09-10T00:52:34Z,1789001554850,30.91,31.67,23.44,2.71,15.05,5350,5778,0.00,440434688
2026-09-10T00:52:35Z,1789001555891,30.81,31.05,23.44,2.35,14.13,5354,5779,0.00,440434688
2026-09-10T00:52:37Z,1789001557004,30.88,31.62,23.44,3.48,15.97,5351,5767,0.00,440025088
2026-09-10T00:52:38Z,1789001558046,30.73,31.09,23.44,1.72,12.70,5344,5778,0.00,441843712
2026-09-10T00:52:39Z,1789001559081,30.64,30.84,23.44,2.56,14.42,5345,5774,0.00,440434688
2026-09-10T00:52:40Z,1789001560164,30.45,30.73,23.44,1.16,12.64,5349,5769,0.00,442712064
2026-09-10T00:52:41Z,1789001561237,30.50,30.80,23.44,3.46,16.60,5348,5789,0.00,440434688
2026-09-10T00:52:42Z,1789001562287,30.66,31.53,23.44,3.38,14.51,5356,5773,0.00,442712064
2026-09-10T00:52:43Z,1789001563372,30.53,30.94,23.44,1.04,12.26,5347,5769,0.00,289046528
2026-09-10T00:52:44Z,1789001564440,30.33,30.78,23.38,3.58,16.04,5346,5780,0.00,440467456
2026-09-10T00:52:45Z,1789001565519,30.41,31.00,23.38,2.43,14.14,5350,5768,0.00,440041472
2026-09-10T00:52:46Z,1789001566566,30.44,32.09,23.38,4.36,16.21,5349,5772,0.00,762511360
2026-09-10T00:52:47Z,1789001567621,30.45,31.38,23.38,4.32,16.98,5349,5771,0.00,441401344
2026-09-10T00:52:48Z,1789001568664,30.53,31.59,23.38,2.47,14.12,5359,5784,0.00,248184832
2026-09-10T00:52:49Z,1789001569719,30.20,30.41,23.38,1.90,13.02,5348,5778,0.00,452034560
2026-09-10T00:52:50Z,1789001570800,30.25,31.12,23.38,2.25,14.63,5354,5781,0.00,441188352
2026-09-10T00:52:51Z,1789001571862,30.20,30.98,23.38,3.15,14.02,5343,5774,0.00,440778752
2026-09-10T00:52:52Z,1789001572949,30.23,30.94,23.38,3.97,16.41,5341,5781,0.00,441499648
2026-09-10T00:52:54Z,1789001574021,30.17,30.77,23.38,2.22,14.48,5359,5764,0.00,441106432
2026-09-10T00:52:55Z,1789001575056,30.02,30.55,23.38,1.86,12.92,5344,5771,0.00,443056128
2026-09-10T00:52:56Z,1789001576106,30.03,31.00,23.38,2.87,14.86,5354,5774,0.00,440647680
2026-09-10T00:52:57Z,1789001577175,30.16,31.39,23.38,3.28,15.03,5350,5771,0.00,441958400
2026-09-10T00:52:58Z,1789001578226,30.02,30.47,23.38,0.94,12.29,5343,5781,0.00,442138624
2026-09-10T00:52:59Z,1789001579312,29.95,30.45,23.31,4.31,16.28,5355,5776,0.00,441958400
2026-09-10T00:53:00Z,1789001580399,29.94,30.27,23.31,4.18,16.88,5346,5782,0.00,834830336
2026-09-10T00:53:01Z,1789001581466,30.20,32.00,23.31,3.52,15.31,5345,5790,0.00,684507136
2026-09-10T00:53:02Z,1789001582548,30.20,32.05,23.31,4.59,17.44,5347,5778,0.00,674578432
2026-09-10T00:53:03Z,1789001583625,30.19,31.31,23.31,2.47,14.33,5345,5769,0.00,443023360
2026-09-10T00:53:04Z,1789001584655,29.94,30.27,23.31,2.98,15.39,5348,5785,0.00,442564608
2026-09-10T00:53:05Z,1789001585749,30.14,31.77,23.31,4.86,17.79,5352,5770,0.00,442449920
2026-09-10T00:53:06Z,1789001586798,29.97,30.38,23.31,3.94,15.63,5354,5774,0.00,443318272
2026-09-10T00:53:07Z,1789001587844,30.09,31.14,23.31,4.63,18.10,5344,5767,0.00,441073664
2026-09-10T00:53:08Z,1789001588902,30.12,31.17,23.31,4.74,16.78,5352,5769,0.00,287342592
2026-09-10T00:53:09Z,1789001589974,29.88,30.34,23.31,1.53,13.12,5352,5775,0.00,441073664
2026-09-10T00:53:11Z,1789001591052,29.83,30.12,23.31,3.41,15.57,5345,5778,0.00,440680448
2026-09-10T00:53:12Z,1789001592144,29.66,29.66,23.25,1.28,12.65,5347,5782,0.00,441073664
2026-09-10T00:53:13Z,1789001593234,29.66,29.73,23.25,1.31,12.80,5348,5781,0.00,440647680
2026-09-10T00:53:14Z,1789001594296,29.48,29.72,23.25,6.94,22.77,5350,5771,0.00,441040896
2026-09-10T00:53:15Z,1789001595345,30.03,31.80,23.25,3.11,15.19,5353,5779,0.00,441417728
2026-09-10T00:53:16Z,1789001596436,29.91,31.23,23.25,3.51,15.94,5347,5779,0.00,610467840
2026-09-10T00:53:17Z,1789001597539,29.84,31.14,23.25,4.66,17.42,5353,5775,0.00,441729024
2026-09-10T00:53:18Z,1789001598597,29.97,31.58,23.25,2.93,14.53,5353,5785,0.00,287244288
2026-09-10T00:53:19Z,1789001599673,29.80,30.62,23.25,3.69,16.28,5348,5778,0.00,441319424
2026-09-10T00:53:20Z,1789001600719,29.91,30.66,23.19,5.18,18.00,5349,5775,0.00,287244288
2026-09-10T00:53:21Z,1789001601747,29.59,29.50,23.19,1.79,13.03,5355,5785,0.00,442548224
2026-09-10T00:53:22Z,1789001602826,29.50,29.34,23.19,2.84,15.54,5351,5772,0.00,287752192
2026-09-10T00:53:23Z,1789001603867,29.36,29.09,23.19,1.35,12.94,5345,5772,0.00,443711488
2026-09-10T00:53:24Z,1789001604911,29.30,29.28,23.19,1.51,13.30,5347,5774,0.00,442613760
2026-09-10T00:53:25Z,1789001605990,29.33,29.80,23.19,2.96,15.17,5344,5782,0.00,441040896
2026-09-10T00:53:27Z,1789001607085,29.28,29.20,23.19,2.11,13.90,5349,5771,0.00,431407104
2026-09-10T00:53:28Z,1789001608174,29.27,29.12,23.19,2.07,14.06,5347,5786,0.00,453984256
2026-09-10T00:53:29Z,1789001609262,29.27,29.19,23.19,1.53,12.95,5362,5776,0.00,453984256
2026-09-10T00:53:30Z,1789001610319,29.25,29.17,23.19,4.22,18.55,5343,5782,0.00,748453888
2026-09-10T00:53:31Z,1789001611386,29.83,31.69,23.19,10.60,24.17,5353,5778,0.00,403390464
2026-09-10T00:53:32Z,1789001612420,30.41,32.70,23.19,10.23,24.01,5353,5772,0.00,453722112
2026-09-10T00:53:33Z,1789001613458,30.77,33.25,23.19,10.32,24.18,5343,5781,0.00,441810944
2026-09-10T00:53:34Z,1789001614543,30.95,33.20,23.19,5.85,17.55,5342,5778,0.00,454213632
2026-09-10T00:53:35Z,1789001615625,30.34,31.48,23.19,2.12,14.04,5358,5778,0.00,441630720
2026-09-10T00:53:36Z,1789001616650,29.94,30.59,23.12,3.09,15.28,5341,5773,0.00,288194560
2026-09-10T00:53:37Z,1789001617729,29.80,31.98,23.12,4.17,16.76,5350,5771,0.00,289996800
2026-09-10T00:53:38Z,1789001618808,29.69,31.00,23.12,3.94,16.48,5353,5781,0.00,450412544
2026-09-10T00:53:39Z,1789001619890,30.05,32.22,23.12,6.53,21.45,5349,5780,0.00,288980992
2026-09-10T00:53:40Z,1789001620957,30.12,32.59,23.12,6.35,19.05,5348,5781,0.00,290373632
2026-09-10T00:53:41Z,1789001621992,30.08,32.69,23.12,6.24,18.66,5351,5777,0.00,288260096
2026-09-10T00:53:43Z,1789001623082,30.08,32.78,23.12,5.16,17.67,5344,5777,0.00,289226752
2026-09-10T00:53:44Z,1789001624151,29.81,31.23,23.12,3.82,15.63,5358,5782,0.00,288800768
2026-09-10T00:53:45Z,1789001625243,29.64,30.70,23.12,3.70,16.19,5349,5772,0.00,290897920
2026-09-10T00:53:46Z,1789001626330,29.53,29.95,23.12,1.54,13.04,5353,5779,0.00,609173504
2026-09-10T00:53:47Z,1789001627417,29.38,29.55,23.06,4.44,17.49,5351,5775,0.00,289456128
2026-09-10T00:53:48Z,1789001628489,29.48,30.31,23.06,2.09,13.34,5345,5770,0.00,288866304
2026-09-10T00:53:49Z,1789001629578,29.34,29.38,23.06,0.95,12.38,5345,5787,0.00,289456128
2026-09-10T00:53:50Z,1789001630665,29.25,29.12,23.06,1.22,12.87,5340,5777,0.00,288833536
2026-09-10T00:53:51Z,1789001631695,29.36,30.14,23.06,4.64,18.51,5346,5768,0.00,289423360
2026-09-10T00:53:52Z,1789001632772,29.27,29.62,23.06,2.45,12.81,5355,5775,0.00,290324480
2026-09-10T00:53:53Z,1789001633882,29.20,29.23,23.06,2.68,14.68,5344,5783,0.00,289456128
2026-09-10T00:53:54Z,1789001634926,29.02,29.03,23.06,1.18,12.60,5351,5774,0.00,288800768
2026-09-10T00:53:55Z,1789001635988,28.91,29.05,23.06,0.93,12.61,5350,5776,0.00,291651584
2026-09-10T00:53:57Z,1789001637013,29.08,30.11,23.06,4.31,16.82,5351,5786,0.00,288833536
2026-09-10T00:53:58Z,1789001638061,29.19,29.83,23.00,5.55,18.21,5342,5777,0.00,291487744
2026-09-10T00:53:59Z,1789001639131,29.09,29.12,23.00,3.82,15.27,5346,5786,0.00,291078144
2026-09-10T00:54:00Z,1789001640214,29.09,29.20,23.00,5.50,17.56,5348,5777,0.00,542769152
2026-09-10T00:54:01Z,1789001641294,29.19,29.38,23.00,4.61,17.41,5348,5769,0.00,832421888
2026-09-10T00:54:02Z,1789001642370,29.25,31.88,23.00,8.90,23.20,5353,5776,0.00,521732096
2026-09-10T00:54:03Z,1789001643448,29.59,32.31,23.00,6.08,19.08,5355,5776,0.00,291110912
2026-09-10T00:54:04Z,1789001644475,29.53,31.56,23.00,4.39,15.73,5349,5776,0.00,291684352
2026-09-10T00:54:05Z,1789001645540,29.36,29.66,23.00,2.98,15.06,5349,5780,0.00,291110912
2026-09-10T00:54:06Z,1789001646610,29.38,30.81,23.00,6.54,19.64,5347,5775,0.00,291684352
2026-09-10T00:54:07Z,1789001647660,29.34,29.53,23.00,4.43,16.88,5348,5769,0.00,291110912
2026-09-10T00:54:08Z,1789001648722,29.23,29.11,23.00,3.89,16.01,5353,5772,0.00,289456128
2026-09-10T00:54:09Z,1789001649763,29.02,28.95,23.00,0.92,12.51,5351,5778,0.00,288833536
2026-09-10T00:54:10Z,1789001650831,28.88,28.95,23.00,0.89,12.58,5345,5761,0.00,289226752
2026-09-10T00:54:11Z,1789001651906,29.03,30.89,22.94,1.18,12.69,5347,5770,0.00,288997376
2026-09-10T00:54:12Z,1789001652988,29.23,32.30,23.00,7.13,21.37,5350,5782,0.00,290668544
2026-09-10T00:54:14Z,1789001654069,29.45,32.70,22.94,6.32,18.72,5347,5774,0.00,291274752
2026-09-10T00:54:15Z,1789001655162,29.30,30.17,22.94,5.43,18.08,5346,5771,0.00,289259520
2026-09-10T00:54:16Z,1789001656251,29.48,31.94,22.94,6.72,18.45,5353,5800,0.00,611942400
2026-09-10T00:54:17Z,1789001657319,29.36,30.22,22.94,3.19,16.49,5342,5776,0.00,289292288
2026-09-10T00:54:18Z,1789001658413,29.31,31.70,22.94,6.97,21.49,5349,5782,0.00,290488320
2026-09-10T00:54:19Z,1789001659545,29.44,31.95,22.94,3.69,15.19,5342,5770,0.00,289292288
2026-09-10T00:54:20Z,1789001660645,29.27,29.77,22.94,2.66,15.67,5355,5789,0.00,288997376
2026-09-10T00:54:21Z,1789001661753,29.12,29.84,22.94,2.37,13.38,5348,5771,0.00,289259520
2026-09-10T00:54:22Z,1789001662788,29.03,29.72,22.94,3.03,14.62,5344,5782,0.00,288997376
2026-09-10T00:54:23Z,1789001663812,29.27,30.56,22.94,6.32,20.46,5351,5782,0.00,291487744
2026-09-10T00:54:24Z,1789001664908,29.06,29.50,22.88,2.27,13.10,5352,5779,0.00,288800768
2026-09-10T00:54:26Z,1789001666017,28.86,29.08,22.88,1.41,12.99,5351,5771,0.00,289456128
2026-09-10T00:54:27Z,1789001667046,29.06,31.56,22.88,3.27,16.00,5349,5788,0.00,288800768
2026-09-10T00:54:28Z,1789001668125,29.17,30.95,22.88,6.65,20.14,5351,5785,0.00,289456128
2026-09-10T00:54:29Z,1789001669171,28.97,30.39,22.88,2.88,14.94,5353,5777,0.00,288800768
2026-09-10T00:54:30Z,1789001670247,28.95,30.00,22.88,3.60,15.63,5350,5781,0.00,584138752
2026-09-10T00:54:31Z,1789001671327,28.91,30.03,22.88,6.30,20.76,5337,5786,0.00,582778880
2026-09-10T00:54:32Z,1789001672388,29.36,31.86,22.88,5.01,16.13,5347,5778,0.00,267583488
2026-09-10T00:54:33Z,1789001673472,29.14,30.69,22.88,6.10,20.84,5353,5768,0.00,288866304
2026-09-10T00:54:34Z,1789001674540,29.47,32.78,22.88,5.56,18.12,5341,5786,0.00,291684352
2026-09-10T00:54:35Z,1789001675603,29.48,32.19,22.88,5.43,17.74,5360,5768,0.00,302612480
2026-09-10T00:54:36Z,1789001676626,29.52,32.64,22.88,10.93,27.93,5346,5774,0.00,289456128
2026-09-10T00:54:37Z,1789001677652,30.00,33.50,22.88,7.49,20.17,5347,5786,0.00,290062336
2026-09-10T00:54:38Z,1789001678720,30.19,34.94,22.88,7.86,21.99,5351,5777,0.00,302170112
2026-09-10T00:54:39Z,1789001679782,30.23,34.53,22.81,10.26,23.99,5339,5786,0.00,302170112
2026-09-10T00:54:40Z,1789001680825,30.31,34.52,22.88,8.98,24.49,5356,5771,0.00,302170112
2026-09-10T00:54:41Z,1789001681848,30.70,35.88,22.81,9.81,24.90,5352,5778,0.00,290848768
2026-09-10T00:54:42Z,1789001682936,30.69,35.48,22.81,10.04,24.49,5347,5778,0.00,288849920
2026-09-10T00:54:43Z,1789001683999,30.58,34.95,22.81,7.53,20.73,5351,5787,0.00,288948224
2026-09-10T00:54:45Z,1789001685089,30.19,32.69,22.81,7.57,20.33,5351,5771,0.00,299892736
2026-09-10T00:54:46Z,1789001686116,30.38,34.27,22.81,6.31,20.70,5349,5770,0.00,622493696
2026-09-10T00:54:47Z,1789001687188,30.39,33.27,22.81,4.75,16.62,5346,5782,0.00,299892736
2026-09-10T00:54:48Z,1789001688270,30.34,34.11,22.81,11.59,27.86,5343,5796,0.00,290439168
2026-09-10T00:54:49Z,1789001689361,30.67,34.27,22.81,5.83,18.29,5348,5770,0.00,288849920
2026-09-10T00:54:50Z,1789001690392,30.56,34.47,22.81,10.86,25.97,5346,5767,0.00,302170112
2026-09-10T00:54:51Z,1789001691441,30.78,34.44,22.81,6.45,18.70,5354,5777,0.00,302170112
2026-09-10T00:54:52Z,1789001692478,30.38,33.38,22.81,8.74,24.54,5343,5766,0.00,288948224
2026-09-10T00:54:53Z,1789001693522,30.80,35.28,22.75,8.94,21.90,5351,5773,0.00,291127296
2026-09-10T00:54:54Z,1789001694589,30.58,33.73,22.75,7.44,21.73,5349,5779,0.00,291225600
2026-09-10T00:54:55Z,1789001695629,30.73,34.89,22.75,9.62,23.40,5349,5778,0.00,290340864
2026-09-10T00:54:56Z,1789001696667,30.56,33.47,22.75,5.40,19.23,5345,5783,0.00,302170112
2026-09-10T00:54:57Z,1789001697746,30.41,34.94,22.75,7.07,19.46,5339,5776,0.00,301891584
2026-09-10T00:54:58Z,1789001698834,30.17,33.92,22.75,6.78,19.24,5352,5767,0.00,290717696
2026-09-10T00:54:59Z,1789001699869,30.27,33.58,22.75,5.58,18.46,5353,5776,0.00,589529088
2026-09-10T00:55:00Z,1789001700957,29.97,31.95,22.75,6.49,19.33,5343,5770,0.00,1140359168
2026-09-10T00:55:02Z,1789001702010,29.86,32.31,22.75,4.32,16.99,5347,5785,0.00,823279616
2026-09-10T00:55:03Z,1789001703073,29.55,31.09,22.75,3.92,15.33,5344,5776,0.00,589529088
2026-09-10T00:55:04Z,1789001704118,30.05,32.92,22.75,5.78,20.62,5347,5784,0.00,590233600
2026-09-10T00:55:05Z,1789001705145,29.75,30.75,22.75,7.41,19.50,5355,5777,0.00,590594048
2026-09-10T00:55:06Z,1789001706238,29.48,30.19,22.75,6.54,22.85,5355,5780,0.00,593166336
2026-09-10T00:55:07Z,1789001707296,30.12,33.98,22.75,8.39,20.16,5358,5770,0.00,591937536
2026-09-10T00:55:08Z,1789001708380,30.03,32.53,22.75,5.26,17.91,5342,5770,0.00,593100800
2026-09-10T00:55:09Z,1789001709411,29.67,31.00,22.75,4.74,18.24,5352,5768,0.00,591937536
2026-09-10T00:55:10Z,1789001710491,29.62,31.41,22.69,4.30,16.33,5347,5778,0.00,589758464
2026-09-10T00:55:11Z,1789001711546,29.53,32.39,22.69,6.26,19.36,5357,5780,0.00,590462976
2026-09-10T00:55:12Z,1789001712625,29.56,31.94,22.69,4.09,16.70,5351,5771,0.00,591659008
2026-09-10T00:55:13Z,1789001713715,29.80,33.55,22.69,7.61,21.61,5354,5767,0.00,592314368
2026-09-10T00:55:14Z,1789001714801,29.58,31.22,22.69,6.77,18.52,5344,5771,0.00,590446592
2026-09-10T00:55:15Z,1789001715910,29.53,31.09,22.69,2.30,14.31,5347,5777,0.00,910393344
2026-09-10T00:55:16Z,1789001716974,29.53,31.72,22.69,6.91,20.30,5351,5774,0.00,590446592
2026-09-10T00:55:18Z,1789001718019,29.38,31.08,22.69,4.44,16.43,5349,5776,0.00,589758464
2026-09-10T00:55:19Z,1789001719044,29.45,31.31,22.69,5.53,18.89,5345,5767,0.00,589381632
2026-09-10T00:55:20Z,1789001720119,29.25,29.91,22.69,3.07,14.16,5350,5780,0.00,590823424
2026-09-10T00:55:21Z,1789001721170,29.23,30.88,22.69,7.01,20.82,5346,5781,0.00,589348864
2026-09-10T00:55:22Z,1789001722254,29.52,32.11,22.69,6.09,18.75,5345,5776,0.00,590053376
2026-09-10T00:55:23Z,1789001723321,29.36,29.81,22.69,3.20,15.78,5355,5791,0.00,569688064
2026-09-10T00:55:24Z,1789001724389,29.30,30.80,22.69,6.71,20.35,5350,5771,0.00,589791232
2026-09-10T00:55:25Z,1789001725463,29.36,30.38,22.62,5.70,17.27,5349,5773,0.00,592396288
2026-09-10T00:55:26Z,1789001726539,29.50,31.64,22.69,13.30,29.52,5342,5765,0.00,592248832
2026-09-10T00:55:27Z,1789001727610,29.97,32.11,22.69,8.47,22.04,5354,5773,0.00,589316096
2026-09-10T00:55:28Z,1789001728684,30.22,33.53,22.62,13.67,28.95,5354,5782,0.00,745586688
2026-09-10T00:55:29Z,1789001729761,30.19,31.78,22.62,8.76,23.37,5338,5773,0.00,755187712
2026-09-10T00:55:30Z,1789001730827,29.86,31.38,22.62,3.85,16.29,5348,5792,0.00,1050820608
2026-09-10T00:55:31Z,1789001731854,29.83,31.91,22.62,5.61,17.69,5364,5769,0.00,742572032
2026-09-10T00:55:32Z,1789001732903,30.06,32.86,22.62,10.81,25.86,5351,5772,0.00,743374848
2026-09-10T00:55:33Z,1789001733957,29.67,31.38,22.62,5.01,16.72,5348,5776,0.00,739344384
2026-09-10T00:55:35Z,1789001735005,29.64,30.91,22.62,5.46,19.18,5341,5781,0.00,741867520
2026-09-10T00:55:36Z,1789001736035,29.41,29.69,22.62,2.19,13.24,5356,5780,0.00,741376000
2026-09-10T00:55:37Z,1789001737053,29.48,31.05,22.62,5.40,19.24,5354,5775,0.00,742359040
2026-09-10T00:55:38Z,1789001738095,29.36,29.83,22.62,4.30,15.90,5350,5774,0.00,743407616
2026-09-10T00:55:39Z,1789001739149,29.48,31.52,22.62,1.55,14.25,5352,5783,0.00,743358464
2026-09-10T00:55:40Z,1789001740217,30.14,34.19,22.62,9.96,23.78,5341,5770,0.00,706707456
2026-09-10T00:55:41Z,1789001741268,30.22,34.45,22.62,9.57,23.42,5341,5789,0.00,742506496
2026-09-10T00:55:42Z,1789001742313,30.05,32.19,22.62,1.61,13.69,5348,5780,0.00,742539264
2026-09-10T00:55:43Z,1789001743368,29.86,32.66,22.62,9.41,23.28,5346,5779,0.00,741490688
2026-09-10T00:55:44Z,1789001744425,29.78,32.12,22.62,7.54,22.94,5351,5771,0.00,588988416
2026-09-10T00:55:45Z,1789001745504,30.02,32.38,22.56,5.98,17.18,5348,5772,0.00,744734720
2026-09-10T00:55:46Z,1789001746622,29.77,32.73,22.56,8.13,22.64,5344,5782,0.00,1077936128
2026-09-10T00:55:47Z,1789001747672,29.92,32.17,22.56,6.76,20.01,5346,5777,0.00,755040256
2026-09-10T00:55:48Z,1789001748704,30.25,34.61,22.56,9.69,23.23,5342,5766,0.00,602079232
2026-09-10T00:55:49Z,1789001749740,30.44,34.84,22.56,9.22,23.48,5351,5771,0.00,755712000
2026-09-10T00:55:50Z,1789001750824,30.58,33.95,22.56,11.27,26.17,5352,5791,0.00,590544896
2026-09-10T00:55:51Z,1789001751890,30.89,36.22,22.56,9.29,25.32,5343,5770,0.00,741834752
2026-09-10T00:55:52Z,1789001752950,30.92,35.27,22.56,13.96,29.41,5353,5777,0.00,675676160
2026-09-10T00:55:54Z,1789001754016,30.88,35.20,22.56,8.31,22.33,5346,5774,0.00,741834752
